2026-07-17 08:17:27,391 [INFO] train: ========================================================================
2026-07-17 08:17:27,392 [INFO] train: model=dino3d config=configs/lowshot/ls_dino3d_ft_pt_f025.yaml
2026-07-17 08:17:27,392 [INFO] train: output=/scratch/lskrlj/runs/ls_dino3d_ft_pt_f025 device=cuda (NVIDIA A100-SXM4-40GB)
2026-07-17 08:17:27,392 [INFO] train: epochs=500 batch_size=2 grad_accum=2 eff_batch=4 lr=0.0002 amp=True
2026-07-17 08:17:27,392 [INFO] train: ========================================================================
2026-07-17 08:17:27,396 [INFO] train: splits: train=1082 val=57 classes=117
2026-07-17 08:17:27,396 [INFO] train: low-shot: train_fraction=0.2500 seed=1234 -> 270/1082 train cases
2026-07-17 08:17:28,630 [INFO] train: disk cache: /scratch/lskrlj/cache/TotalSeg/833d9d046402 (fingerprint=833d9d046402)
2026-07-17 08:18:22,450 [INFO] dinov2: using MLP layer as FFN
2026-07-17 08:18:30,945 [INFO] train: model dino3d, trainable params: 316552920 / 316552920 total (freeze_backbone=False)
2026-07-17 08:18:38,455 [WARNING] trainer: --resume set but no checkpoint found in /scratch/lskrlj/runs/ls_dino3d_ft_pt_f025; starting fresh
2026-07-17 08:18:38,455 [INFO] trainer: start: epochs 1-500/500 device=cuda amp=bf16 train_batches=135 val_batches=57
2026-07-17 08:18:56,278 [INFO] trainer: epoch 1 step 50/135 loss=10.3021 lr=7.35e-06
2026-07-17 08:19:09,921 [INFO] trainer: epoch 1 step 100/135 loss=9.4731 lr=1.47e-05
2026-07-17 08:19:19,308 [INFO] trainer: epoch 1 done train_loss=9.6222 dt=40.9s
2026-07-17 08:19:33,647 [INFO] trainer: epoch 2 step 50/135 loss=8.3177 lr=2.74e-05
2026-07-17 08:19:47,078 [INFO] trainer: epoch 2 step 100/135 loss=7.8742 lr=3.47e-05
2026-07-17 08:19:56,464 [INFO] trainer: epoch 2 done train_loss=7.9812 dt=37.2s
2026-07-17 08:20:10,784 [INFO] trainer: epoch 3 step 50/135 loss=7.3713 lr=4.74e-05
2026-07-17 08:20:24,280 [INFO] trainer: epoch 3 step 100/135 loss=7.1769 lr=5.47e-05
2026-07-17 08:20:33,721 [INFO] trainer: epoch 3 done train_loss=7.1958 dt=37.3s
2026-07-17 08:20:48,207 [INFO] trainer: epoch 4 step 50/135 loss=6.7738 lr=6.74e-05
2026-07-17 08:21:01,661 [INFO] trainer: epoch 4 step 100/135 loss=6.5494 lr=7.47e-05
2026-07-17 08:21:11,069 [INFO] trainer: epoch 4 done train_loss=6.6046 dt=37.3s
2026-07-17 08:21:25,543 [INFO] trainer: epoch 5 step 50/135 loss=6.2596 lr=8.74e-05
2026-07-17 08:21:39,062 [INFO] trainer: epoch 5 step 100/135 loss=5.9743 lr=9.47e-05
2026-07-17 08:21:48,541 [INFO] trainer: epoch 5 done train_loss=6.0339 dt=37.5s
2026-07-17 08:22:02,840 [INFO] trainer: epoch 6 step 50/135 loss=5.6525 lr=1.07e-04
2026-07-17 08:22:16,404 [INFO] trainer: epoch 6 step 100/135 loss=5.4745 lr=1.15e-04
2026-07-17 08:22:25,892 [INFO] trainer: epoch 6 done train_loss=5.4956 dt=37.3s
2026-07-17 08:22:40,343 [INFO] trainer: epoch 7 step 50/135 loss=5.1730 lr=1.27e-04
2026-07-17 08:22:53,881 [INFO] trainer: epoch 7 step 100/135 loss=4.9777 lr=1.35e-04
2026-07-17 08:23:03,314 [INFO] trainer: epoch 7 done train_loss=5.0291 dt=37.4s
2026-07-17 08:23:17,764 [INFO] trainer: epoch 8 step 50/135 loss=4.7540 lr=1.47e-04
2026-07-17 08:23:31,345 [INFO] trainer: epoch 8 step 100/135 loss=4.5049 lr=1.55e-04
2026-07-17 08:23:40,809 [INFO] trainer: epoch 8 done train_loss=4.5800 dt=37.5s
2026-07-17 08:23:55,231 [INFO] trainer: epoch 9 step 50/135 loss=4.2805 lr=1.67e-04
2026-07-17 08:24:08,811 [INFO] trainer: epoch 9 step 100/135 loss=4.1672 lr=1.75e-04
2026-07-17 08:24:18,284 [INFO] trainer: epoch 9 done train_loss=4.1866 dt=37.5s
2026-07-17 08:24:32,787 [INFO] trainer: epoch 10 step 50/135 loss=3.9535 lr=1.87e-04
2026-07-17 08:24:46,336 [INFO] trainer: epoch 10 step 100/135 loss=3.8097 lr=1.95e-04
2026-07-17 08:24:55,773 [INFO] trainer: epoch 10 done train_loss=3.8620 dt=37.5s
2026-07-17 08:25:15,463 [INFO] trainer: epoch 11 step 50/135 loss=3.6576 lr=2.00e-04
2026-07-17 08:25:29,008 [INFO] trainer: epoch 11 step 100/135 loss=3.5680 lr=2.00e-04
2026-07-17 08:25:38,461 [INFO] trainer: epoch 11 done train_loss=3.5847 dt=37.5s
2026-07-17 08:25:52,591 [INFO] trainer: epoch 12 step 50/135 loss=3.4446 lr=2.00e-04
2026-07-17 08:26:06,024 [INFO] trainer: epoch 12 step 100/135 loss=3.5032 lr=2.00e-04
2026-07-17 08:26:15,488 [INFO] trainer: epoch 12 done train_loss=3.4476 dt=37.0s
2026-07-17 08:26:30,005 [INFO] trainer: epoch 13 step 50/135 loss=3.4269 lr=2.00e-04
2026-07-17 08:26:43,563 [INFO] trainer: epoch 13 step 100/135 loss=3.3318 lr=2.00e-04
2026-07-17 08:26:53,020 [INFO] trainer: epoch 13 done train_loss=3.3478 dt=37.5s
2026-07-17 08:27:07,602 [INFO] trainer: epoch 14 step 50/135 loss=3.2713 lr=2.00e-04
2026-07-17 08:27:21,154 [INFO] trainer: epoch 14 step 100/135 loss=3.2213 lr=2.00e-04
2026-07-17 08:27:30,590 [INFO] trainer: epoch 14 done train_loss=3.2313 dt=37.6s
2026-07-17 08:27:44,988 [INFO] trainer: epoch 15 step 50/135 loss=3.2561 lr=2.00e-04
2026-07-17 08:27:58,466 [INFO] trainer: epoch 15 step 100/135 loss=3.1223 lr=2.00e-04
2026-07-17 08:28:07,896 [INFO] trainer: epoch 15 done train_loss=3.2115 dt=37.3s
2026-07-17 08:28:22,281 [INFO] trainer: epoch 16 step 50/135 loss=3.1986 lr=2.00e-04
2026-07-17 08:28:35,754 [INFO] trainer: epoch 16 step 100/135 loss=3.1442 lr=2.00e-04
2026-07-17 08:28:45,176 [INFO] trainer: epoch 16 done train_loss=3.1585 dt=37.3s
2026-07-17 08:28:59,662 [INFO] trainer: epoch 17 step 50/135 loss=3.1032 lr=2.00e-04
2026-07-17 08:29:13,193 [INFO] trainer: epoch 17 step 100/135 loss=3.1160 lr=2.00e-04
2026-07-17 08:29:22,637 [INFO] trainer: epoch 17 done train_loss=3.0993 dt=37.5s
2026-07-17 08:29:37,036 [INFO] trainer: epoch 18 step 50/135 loss=3.0107 lr=2.00e-04
2026-07-17 08:29:50,518 [INFO] trainer: epoch 18 step 100/135 loss=3.0663 lr=2.00e-04
2026-07-17 08:29:59,919 [INFO] trainer: epoch 18 done train_loss=3.0227 dt=37.3s
2026-07-17 08:30:14,237 [INFO] trainer: epoch 19 step 50/135 loss=3.0165 lr=2.00e-04
2026-07-17 08:30:27,773 [INFO] trainer: epoch 19 step 100/135 loss=2.9717 lr=2.00e-04
2026-07-17 08:30:37,234 [INFO] trainer: epoch 19 done train_loss=2.9818 dt=37.3s
2026-07-17 08:30:51,625 [INFO] trainer: epoch 20 step 50/135 loss=2.9535 lr=2.00e-04
2026-07-17 08:31:05,199 [INFO] trainer: epoch 20 step 100/135 loss=2.9462 lr=2.00e-04
2026-07-17 08:31:14,641 [INFO] trainer: epoch 20 done train_loss=2.9323 dt=37.4s
2026-07-17 08:31:34,018 [INFO] trainer: epoch 21 step 50/135 loss=2.9066 lr=2.00e-04
2026-07-17 08:31:47,466 [INFO] trainer: epoch 21 step 100/135 loss=2.9342 lr=2.00e-04
2026-07-17 08:31:56,912 [INFO] trainer: epoch 21 done train_loss=2.9050 dt=37.2s
2026-07-17 08:32:11,384 [INFO] trainer: epoch 22 step 50/135 loss=2.8605 lr=2.00e-04
2026-07-17 08:32:24,887 [INFO] trainer: epoch 22 step 100/135 loss=2.8373 lr=2.00e-04
2026-07-17 08:32:34,313 [INFO] trainer: epoch 22 done train_loss=2.8562 dt=37.4s
2026-07-17 08:32:48,658 [INFO] trainer: epoch 23 step 50/135 loss=2.7942 lr=2.00e-04
2026-07-17 08:33:02,204 [INFO] trainer: epoch 23 step 100/135 loss=2.8373 lr=2.00e-04
2026-07-17 08:33:11,659 [INFO] trainer: epoch 23 done train_loss=2.8072 dt=37.3s
2026-07-17 08:33:26,030 [INFO] trainer: epoch 24 step 50/135 loss=2.7876 lr=2.00e-04
2026-07-17 08:33:39,552 [INFO] trainer: epoch 24 step 100/135 loss=2.7547 lr=2.00e-04
2026-07-17 08:33:49,014 [INFO] trainer: epoch 24 done train_loss=2.7652 dt=37.4s
2026-07-17 08:34:03,325 [INFO] trainer: epoch 25 step 50/135 loss=2.7598 lr=2.00e-04
2026-07-17 08:34:16,918 [INFO] trainer: epoch 25 step 100/135 loss=2.7168 lr=2.00e-04
2026-07-17 08:34:26,371 [INFO] trainer: epoch 25 done train_loss=2.7281 dt=37.4s
2026-07-17 08:35:18,798 [INFO] trainer: epoch 25 val_mean_dice=0.0603
2026-07-17 08:35:37,900 [INFO] trainer: epoch 26 step 50/135 loss=2.7064 lr=2.00e-04
2026-07-17 08:35:51,424 [INFO] trainer: epoch 26 step 100/135 loss=2.6898 lr=1.99e-04
2026-07-17 08:36:00,864 [INFO] trainer: epoch 26 done train_loss=2.7029 dt=37.2s
2026-07-17 08:36:15,234 [INFO] trainer: epoch 27 step 50/135 loss=2.6865 lr=1.99e-04
2026-07-17 08:36:28,731 [INFO] trainer: epoch 27 step 100/135 loss=2.6434 lr=1.99e-04
2026-07-17 08:36:38,153 [INFO] trainer: epoch 27 done train_loss=2.6660 dt=37.3s
2026-07-17 08:36:52,486 [INFO] trainer: epoch 28 step 50/135 loss=2.6727 lr=1.99e-04
2026-07-17 08:37:06,025 [INFO] trainer: epoch 28 step 100/135 loss=2.5948 lr=1.99e-04
2026-07-17 08:37:15,451 [INFO] trainer: epoch 28 done train_loss=2.6400 dt=37.3s
2026-07-17 08:37:29,863 [INFO] trainer: epoch 29 step 50/135 loss=2.6003 lr=1.99e-04
2026-07-17 08:37:43,319 [INFO] trainer: epoch 29 step 100/135 loss=2.6347 lr=1.99e-04
2026-07-17 08:37:52,725 [INFO] trainer: epoch 29 done train_loss=2.6024 dt=37.3s
2026-07-17 08:38:07,171 [INFO] trainer: epoch 30 step 50/135 loss=2.6008 lr=1.99e-04
2026-07-17 08:38:20,609 [INFO] trainer: epoch 30 step 100/135 loss=2.5190 lr=1.99e-04
2026-07-17 08:38:29,970 [INFO] trainer: epoch 30 done train_loss=2.5627 dt=37.2s
2026-07-17 08:38:49,754 [INFO] trainer: epoch 31 step 50/135 loss=2.5352 lr=1.99e-04
2026-07-17 08:39:03,214 [INFO] trainer: epoch 31 step 100/135 loss=2.5390 lr=1.99e-04
2026-07-17 08:39:12,648 [INFO] trainer: epoch 31 done train_loss=2.5514 dt=37.3s
2026-07-17 08:39:27,010 [INFO] trainer: epoch 32 step 50/135 loss=2.5478 lr=1.99e-04
2026-07-17 08:39:40,550 [INFO] trainer: epoch 32 step 100/135 loss=2.5199 lr=1.99e-04
2026-07-17 08:39:50,004 [INFO] trainer: epoch 32 done train_loss=2.5322 dt=37.4s
2026-07-17 08:40:04,431 [INFO] trainer: epoch 33 step 50/135 loss=2.5666 lr=1.99e-04
2026-07-17 08:40:17,905 [INFO] trainer: epoch 33 step 100/135 loss=2.4910 lr=1.99e-04
2026-07-17 08:40:27,330 [INFO] trainer: epoch 33 done train_loss=2.5071 dt=37.3s
2026-07-17 08:40:41,609 [INFO] trainer: epoch 34 step 50/135 loss=2.4711 lr=1.99e-04
2026-07-17 08:40:55,127 [INFO] trainer: epoch 34 step 100/135 loss=2.4693 lr=1.99e-04
2026-07-17 08:41:04,557 [INFO] trainer: epoch 34 done train_loss=2.4714 dt=37.2s
2026-07-17 08:41:18,940 [INFO] trainer: epoch 35 step 50/135 loss=2.4903 lr=1.99e-04
2026-07-17 08:41:32,432 [INFO] trainer: epoch 35 step 100/135 loss=2.4527 lr=1.99e-04
2026-07-17 08:41:41,865 [INFO] trainer: epoch 35 done train_loss=2.4680 dt=37.3s
2026-07-17 08:41:56,201 [INFO] trainer: epoch 36 step 50/135 loss=2.4869 lr=1.99e-04
2026-07-17 08:42:09,655 [INFO] trainer: epoch 36 step 100/135 loss=2.4549 lr=1.99e-04
2026-07-17 08:42:19,076 [INFO] trainer: epoch 36 done train_loss=2.4595 dt=37.2s
2026-07-17 08:42:33,704 [INFO] trainer: epoch 37 step 50/135 loss=2.4152 lr=1.99e-04
2026-07-17 08:42:47,251 [INFO] trainer: epoch 37 step 100/135 loss=2.4263 lr=1.99e-04
2026-07-17 08:42:56,715 [INFO] trainer: epoch 37 done train_loss=2.4063 dt=37.6s
2026-07-17 08:43:11,056 [INFO] trainer: epoch 38 step 50/135 loss=2.3981 lr=1.98e-04
2026-07-17 08:43:24,566 [INFO] trainer: epoch 38 step 100/135 loss=2.4085 lr=1.98e-04
2026-07-17 08:43:33,955 [INFO] trainer: epoch 38 done train_loss=2.3954 dt=37.2s
2026-07-17 08:43:48,459 [INFO] trainer: epoch 39 step 50/135 loss=2.4132 lr=1.98e-04
2026-07-17 08:44:02,039 [INFO] trainer: epoch 39 step 100/135 loss=2.3887 lr=1.98e-04
2026-07-17 08:44:11,509 [INFO] trainer: epoch 39 done train_loss=2.3934 dt=37.6s
2026-07-17 08:44:25,841 [INFO] trainer: epoch 40 step 50/135 loss=2.3620 lr=1.98e-04
2026-07-17 08:44:39,476 [INFO] trainer: epoch 40 step 100/135 loss=2.3992 lr=1.98e-04
2026-07-17 08:44:48,892 [INFO] trainer: epoch 40 done train_loss=2.3585 dt=37.4s
2026-07-17 08:45:08,919 [INFO] trainer: epoch 41 step 50/135 loss=2.3854 lr=1.98e-04
2026-07-17 08:45:22,312 [INFO] trainer: epoch 41 step 100/135 loss=2.3724 lr=1.98e-04
2026-07-17 08:45:31,671 [INFO] trainer: epoch 41 done train_loss=2.3654 dt=37.3s
2026-07-17 08:45:46,179 [INFO] trainer: epoch 42 step 50/135 loss=2.3524 lr=1.98e-04
2026-07-17 08:45:59,550 [INFO] trainer: epoch 42 step 100/135 loss=2.3637 lr=1.98e-04
2026-07-17 08:46:08,965 [INFO] trainer: epoch 42 done train_loss=2.3393 dt=37.3s
2026-07-17 08:46:23,395 [INFO] trainer: epoch 43 step 50/135 loss=2.2787 lr=1.98e-04
2026-07-17 08:46:36,916 [INFO] trainer: epoch 43 step 100/135 loss=2.3295 lr=1.98e-04
2026-07-17 08:46:46,336 [INFO] trainer: epoch 43 done train_loss=2.2987 dt=37.4s
2026-07-17 08:47:00,816 [INFO] trainer: epoch 44 step 50/135 loss=2.2873 lr=1.98e-04
2026-07-17 08:47:14,307 [INFO] trainer: epoch 44 step 100/135 loss=2.3070 lr=1.98e-04
2026-07-17 08:47:23,746 [INFO] trainer: epoch 44 done train_loss=2.2980 dt=37.4s
2026-07-17 08:47:38,214 [INFO] trainer: epoch 45 step 50/135 loss=2.2700 lr=1.98e-04
2026-07-17 08:47:51,707 [INFO] trainer: epoch 45 step 100/135 loss=2.2773 lr=1.98e-04
2026-07-17 08:48:01,143 [INFO] trainer: epoch 45 done train_loss=2.2988 dt=37.4s
2026-07-17 08:48:15,536 [INFO] trainer: epoch 46 step 50/135 loss=2.2745 lr=1.97e-04
2026-07-17 08:48:29,036 [INFO] trainer: epoch 46 step 100/135 loss=2.2854 lr=1.97e-04
2026-07-17 08:48:38,479 [INFO] trainer: epoch 46 done train_loss=2.2655 dt=37.3s
2026-07-17 08:48:53,051 [INFO] trainer: epoch 47 step 50/135 loss=2.2380 lr=1.97e-04
2026-07-17 08:49:06,555 [INFO] trainer: epoch 47 step 100/135 loss=2.2628 lr=1.97e-04
2026-07-17 08:49:15,973 [INFO] trainer: epoch 47 done train_loss=2.2588 dt=37.5s
2026-07-17 08:49:30,482 [INFO] trainer: epoch 48 step 50/135 loss=2.2506 lr=1.97e-04
2026-07-17 08:49:43,928 [INFO] trainer: epoch 48 step 100/135 loss=2.2317 lr=1.97e-04
2026-07-17 08:49:53,337 [INFO] trainer: epoch 48 done train_loss=2.2485 dt=37.4s
2026-07-17 08:50:07,660 [INFO] trainer: epoch 49 step 50/135 loss=2.2205 lr=1.97e-04
2026-07-17 08:50:21,083 [INFO] trainer: epoch 49 step 100/135 loss=2.2554 lr=1.97e-04
2026-07-17 08:50:30,575 [INFO] trainer: epoch 49 done train_loss=2.2348 dt=37.2s
2026-07-17 08:50:45,304 [INFO] trainer: epoch 50 step 50/135 loss=2.1905 lr=1.97e-04
2026-07-17 08:50:58,834 [INFO] trainer: epoch 50 step 100/135 loss=2.2188 lr=1.97e-04
2026-07-17 08:51:08,258 [INFO] trainer: epoch 50 done train_loss=2.1993 dt=37.7s
2026-07-17 08:51:57,295 [INFO] trainer: epoch 50 val_mean_dice=0.2738
2026-07-17 08:52:22,285 [INFO] trainer: epoch 51 step 50/135 loss=2.1886 lr=1.97e-04
2026-07-17 08:52:35,758 [INFO] trainer: epoch 51 step 100/135 loss=2.2633 lr=1.97e-04
2026-07-17 08:52:45,199 [INFO] trainer: epoch 51 done train_loss=2.2347 dt=37.3s
2026-07-17 08:52:59,437 [INFO] trainer: epoch 52 step 50/135 loss=2.1838 lr=1.97e-04
2026-07-17 08:53:12,957 [INFO] trainer: epoch 52 step 100/135 loss=2.1933 lr=1.96e-04
2026-07-17 08:53:22,398 [INFO] trainer: epoch 52 done train_loss=2.1868 dt=37.2s
2026-07-17 08:53:36,884 [INFO] trainer: epoch 53 step 50/135 loss=2.1934 lr=1.96e-04
2026-07-17 08:53:50,425 [INFO] trainer: epoch 53 step 100/135 loss=2.1912 lr=1.96e-04
2026-07-17 08:53:59,874 [INFO] trainer: epoch 53 done train_loss=2.1902 dt=37.5s
2026-07-17 08:54:14,131 [INFO] trainer: epoch 54 step 50/135 loss=2.1800 lr=1.96e-04
2026-07-17 08:54:27,610 [INFO] trainer: epoch 54 step 100/135 loss=2.1723 lr=1.96e-04
2026-07-17 08:54:37,032 [INFO] trainer: epoch 54 done train_loss=2.1643 dt=37.2s
2026-07-17 08:54:51,666 [INFO] trainer: epoch 55 step 50/135 loss=2.1599 lr=1.96e-04
2026-07-17 08:55:05,239 [INFO] trainer: epoch 55 step 100/135 loss=2.1713 lr=1.96e-04
2026-07-17 08:55:14,669 [INFO] trainer: epoch 55 done train_loss=2.1616 dt=37.6s
2026-07-17 08:55:29,020 [INFO] trainer: epoch 56 step 50/135 loss=2.1946 lr=1.96e-04
2026-07-17 08:55:42,581 [INFO] trainer: epoch 56 step 100/135 loss=2.1334 lr=1.96e-04
2026-07-17 08:55:52,038 [INFO] trainer: epoch 56 done train_loss=2.1748 dt=37.4s
2026-07-17 08:56:06,528 [INFO] trainer: epoch 57 step 50/135 loss=2.1578 lr=1.96e-04
2026-07-17 08:56:20,044 [INFO] trainer: epoch 57 step 100/135 loss=2.1764 lr=1.96e-04
2026-07-17 08:56:29,472 [INFO] trainer: epoch 57 done train_loss=2.1409 dt=37.4s
2026-07-17 08:56:43,814 [INFO] trainer: epoch 58 step 50/135 loss=2.1209 lr=1.95e-04
2026-07-17 08:56:57,238 [INFO] trainer: epoch 58 step 100/135 loss=2.1534 lr=1.95e-04
2026-07-17 08:57:06,680 [INFO] trainer: epoch 58 done train_loss=2.1348 dt=37.2s
2026-07-17 08:57:21,093 [INFO] trainer: epoch 59 step 50/135 loss=2.1166 lr=1.95e-04
2026-07-17 08:57:34,609 [INFO] trainer: epoch 59 step 100/135 loss=2.1183 lr=1.95e-04
2026-07-17 08:57:44,149 [INFO] trainer: epoch 59 done train_loss=2.1191 dt=37.5s
2026-07-17 08:57:58,680 [INFO] trainer: epoch 60 step 50/135 loss=2.1824 lr=1.95e-04
2026-07-17 08:58:12,275 [INFO] trainer: epoch 60 step 100/135 loss=2.0934 lr=1.95e-04
2026-07-17 08:58:21,740 [INFO] trainer: epoch 60 done train_loss=2.1379 dt=37.6s
2026-07-17 08:58:41,877 [INFO] trainer: epoch 61 step 50/135 loss=2.1112 lr=1.95e-04
2026-07-17 08:58:55,467 [INFO] trainer: epoch 61 step 100/135 loss=2.1057 lr=1.95e-04
2026-07-17 08:59:04,937 [INFO] trainer: epoch 61 done train_loss=2.1118 dt=37.9s
2026-07-17 08:59:19,735 [INFO] trainer: epoch 62 step 50/135 loss=2.0949 lr=1.95e-04
2026-07-17 08:59:33,241 [INFO] trainer: epoch 62 step 100/135 loss=2.0985 lr=1.95e-04
2026-07-17 08:59:42,661 [INFO] trainer: epoch 62 done train_loss=2.1039 dt=37.7s
2026-07-17 08:59:57,126 [INFO] trainer: epoch 63 step 50/135 loss=2.0568 lr=1.94e-04
2026-07-17 09:00:10,643 [INFO] trainer: epoch 63 step 100/135 loss=2.0738 lr=1.94e-04
2026-07-17 09:00:20,074 [INFO] trainer: epoch 63 done train_loss=2.0768 dt=37.4s
2026-07-17 09:00:34,535 [INFO] trainer: epoch 64 step 50/135 loss=2.0793 lr=1.94e-04
2026-07-17 09:00:48,139 [INFO] trainer: epoch 64 step 100/135 loss=2.0774 lr=1.94e-04
2026-07-17 09:00:57,581 [INFO] trainer: epoch 64 done train_loss=2.0814 dt=37.5s
2026-07-17 09:01:12,174 [INFO] trainer: epoch 65 step 50/135 loss=2.1062 lr=1.94e-04
2026-07-17 09:01:25,720 [INFO] trainer: epoch 65 step 100/135 loss=2.0953 lr=1.94e-04
2026-07-17 09:01:35,156 [INFO] trainer: epoch 65 done train_loss=2.1030 dt=37.6s
2026-07-17 09:01:49,473 [INFO] trainer: epoch 66 step 50/135 loss=2.0796 lr=1.94e-04
2026-07-17 09:02:02,912 [INFO] trainer: epoch 66 step 100/135 loss=2.1007 lr=1.94e-04
2026-07-17 09:02:12,356 [INFO] trainer: epoch 66 done train_loss=2.0912 dt=37.2s
2026-07-17 09:02:26,945 [INFO] trainer: epoch 67 step 50/135 loss=2.0713 lr=1.94e-04
2026-07-17 09:02:40,417 [INFO] trainer: epoch 67 step 100/135 loss=2.0786 lr=1.93e-04
2026-07-17 09:02:49,821 [INFO] trainer: epoch 67 done train_loss=2.0710 dt=37.5s
2026-07-17 09:03:04,291 [INFO] trainer: epoch 68 step 50/135 loss=2.1005 lr=1.93e-04
2026-07-17 09:03:17,843 [INFO] trainer: epoch 68 step 100/135 loss=2.0793 lr=1.93e-04
2026-07-17 09:03:27,284 [INFO] trainer: epoch 68 done train_loss=2.0895 dt=37.5s
2026-07-17 09:03:41,643 [INFO] trainer: epoch 69 step 50/135 loss=2.1368 lr=1.93e-04
2026-07-17 09:03:55,204 [INFO] trainer: epoch 69 step 100/135 loss=2.0514 lr=1.93e-04
2026-07-17 09:04:04,649 [INFO] trainer: epoch 69 done train_loss=2.0869 dt=37.4s
2026-07-17 09:04:19,234 [INFO] trainer: epoch 70 step 50/135 loss=2.0509 lr=1.93e-04
2026-07-17 09:04:32,717 [INFO] trainer: epoch 70 step 100/135 loss=2.0680 lr=1.93e-04
2026-07-17 09:04:42,171 [INFO] trainer: epoch 70 done train_loss=2.0430 dt=37.5s
2026-07-17 09:05:02,025 [INFO] trainer: epoch 71 step 50/135 loss=2.0288 lr=1.93e-04
2026-07-17 09:05:15,606 [INFO] trainer: epoch 71 step 100/135 loss=2.0458 lr=1.93e-04
2026-07-17 09:05:25,025 [INFO] trainer: epoch 71 done train_loss=2.0382 dt=37.3s
2026-07-17 09:05:39,298 [INFO] trainer: epoch 72 step 50/135 loss=2.0188 lr=1.92e-04
2026-07-17 09:05:52,796 [INFO] trainer: epoch 72 step 100/135 loss=2.0357 lr=1.92e-04
2026-07-17 09:06:02,224 [INFO] trainer: epoch 72 done train_loss=2.0391 dt=37.2s
2026-07-17 09:06:16,555 [INFO] trainer: epoch 73 step 50/135 loss=2.0085 lr=1.92e-04
2026-07-17 09:06:29,929 [INFO] trainer: epoch 73 step 100/135 loss=2.0347 lr=1.92e-04
2026-07-17 09:06:39,277 [INFO] trainer: epoch 73 done train_loss=2.0305 dt=37.1s
2026-07-17 09:06:53,626 [INFO] trainer: epoch 74 step 50/135 loss=2.0548 lr=1.92e-04
2026-07-17 09:07:07,026 [INFO] trainer: epoch 74 step 100/135 loss=1.9879 lr=1.92e-04
2026-07-17 09:07:16,413 [INFO] trainer: epoch 74 done train_loss=2.0212 dt=37.1s
2026-07-17 09:07:30,607 [INFO] trainer: epoch 75 step 50/135 loss=2.0360 lr=1.92e-04
2026-07-17 09:07:43,971 [INFO] trainer: epoch 75 step 100/135 loss=2.0424 lr=1.92e-04
2026-07-17 09:07:53,355 [INFO] trainer: epoch 75 done train_loss=2.0501 dt=36.9s
2026-07-17 09:08:42,306 [INFO] trainer: epoch 75 val_mean_dice=0.4076
2026-07-17 09:09:02,436 [INFO] trainer: epoch 76 step 50/135 loss=2.0143 lr=1.91e-04
2026-07-17 09:09:15,972 [INFO] trainer: epoch 76 step 100/135 loss=2.0492 lr=1.91e-04
2026-07-17 09:09:25,405 [INFO] trainer: epoch 76 done train_loss=2.0300 dt=37.5s
2026-07-17 09:09:39,793 [INFO] trainer: epoch 77 step 50/135 loss=2.0684 lr=1.91e-04
2026-07-17 09:09:53,253 [INFO] trainer: epoch 77 step 100/135 loss=1.9903 lr=1.91e-04
2026-07-17 09:10:02,662 [INFO] trainer: epoch 77 done train_loss=2.0257 dt=37.3s
2026-07-17 09:10:17,032 [INFO] trainer: epoch 78 step 50/135 loss=2.0582 lr=1.91e-04
2026-07-17 09:10:30,545 [INFO] trainer: epoch 78 step 100/135 loss=2.0107 lr=1.91e-04
2026-07-17 09:10:39,997 [INFO] trainer: epoch 78 done train_loss=2.0216 dt=37.3s
2026-07-17 09:10:54,540 [INFO] trainer: epoch 79 step 50/135 loss=2.0438 lr=1.91e-04
2026-07-17 09:11:08,150 [INFO] trainer: epoch 79 step 100/135 loss=2.0011 lr=1.90e-04
2026-07-17 09:11:17,570 [INFO] trainer: epoch 79 done train_loss=2.0212 dt=37.6s
2026-07-17 09:11:32,491 [INFO] trainer: epoch 80 step 50/135 loss=2.0063 lr=1.90e-04
2026-07-17 09:11:45,948 [INFO] trainer: epoch 80 step 100/135 loss=2.0373 lr=1.90e-04
2026-07-17 09:11:55,347 [INFO] trainer: epoch 80 done train_loss=2.0118 dt=37.8s
2026-07-17 09:12:14,890 [INFO] trainer: epoch 81 step 50/135 loss=1.9889 lr=1.90e-04
2026-07-17 09:12:28,316 [INFO] trainer: epoch 81 step 100/135 loss=2.0154 lr=1.90e-04
2026-07-17 09:12:37,686 [INFO] trainer: epoch 81 done train_loss=2.0060 dt=37.1s
2026-07-17 09:12:52,161 [INFO] trainer: epoch 82 step 50/135 loss=2.0034 lr=1.90e-04
2026-07-17 09:13:05,694 [INFO] trainer: epoch 82 step 100/135 loss=2.0454 lr=1.90e-04
2026-07-17 09:13:15,147 [INFO] trainer: epoch 82 done train_loss=2.0203 dt=37.5s
2026-07-17 09:13:29,484 [INFO] trainer: epoch 83 step 50/135 loss=2.0139 lr=1.89e-04
2026-07-17 09:13:42,939 [INFO] trainer: epoch 83 step 100/135 loss=1.9850 lr=1.89e-04
2026-07-17 09:13:52,329 [INFO] trainer: epoch 83 done train_loss=1.9922 dt=37.2s
2026-07-17 09:14:06,742 [INFO] trainer: epoch 84 step 50/135 loss=2.0019 lr=1.89e-04
2026-07-17 09:14:20,213 [INFO] trainer: epoch 84 step 100/135 loss=1.9755 lr=1.89e-04
2026-07-17 09:14:29,647 [INFO] trainer: epoch 84 done train_loss=1.9888 dt=37.3s
2026-07-17 09:14:43,983 [INFO] trainer: epoch 85 step 50/135 loss=2.0048 lr=1.89e-04
2026-07-17 09:14:57,479 [INFO] trainer: epoch 85 step 100/135 loss=1.9817 lr=1.89e-04
2026-07-17 09:15:06,948 [INFO] trainer: epoch 85 done train_loss=1.9946 dt=37.3s
2026-07-17 09:15:21,405 [INFO] trainer: epoch 86 step 50/135 loss=1.9793 lr=1.89e-04
2026-07-17 09:15:34,886 [INFO] trainer: epoch 86 step 100/135 loss=1.9751 lr=1.88e-04
2026-07-17 09:15:44,299 [INFO] trainer: epoch 86 done train_loss=1.9782 dt=37.4s
2026-07-17 09:15:58,637 [INFO] trainer: epoch 87 step 50/135 loss=2.0032 lr=1.88e-04
2026-07-17 09:16:12,016 [INFO] trainer: epoch 87 step 100/135 loss=1.9626 lr=1.88e-04
2026-07-17 09:16:21,386 [INFO] trainer: epoch 87 done train_loss=1.9743 dt=37.1s
2026-07-17 09:16:35,791 [INFO] trainer: epoch 88 step 50/135 loss=1.9899 lr=1.88e-04
2026-07-17 09:16:49,328 [INFO] trainer: epoch 88 step 100/135 loss=2.0053 lr=1.88e-04
2026-07-17 09:16:58,761 [INFO] trainer: epoch 88 done train_loss=1.9846 dt=37.4s
2026-07-17 09:17:13,252 [INFO] trainer: epoch 89 step 50/135 loss=1.9507 lr=1.88e-04
2026-07-17 09:17:26,785 [INFO] trainer: epoch 89 step 100/135 loss=1.9431 lr=1.88e-04
2026-07-17 09:17:36,255 [INFO] trainer: epoch 89 done train_loss=1.9525 dt=37.5s
2026-07-17 09:17:50,576 [INFO] trainer: epoch 90 step 50/135 loss=1.9814 lr=1.87e-04
2026-07-17 09:18:03,947 [INFO] trainer: epoch 90 step 100/135 loss=1.9638 lr=1.87e-04
2026-07-17 09:18:13,318 [INFO] trainer: epoch 90 done train_loss=1.9653 dt=37.1s
2026-07-17 09:18:33,284 [INFO] trainer: epoch 91 step 50/135 loss=1.9510 lr=1.87e-04
2026-07-17 09:18:46,678 [INFO] trainer: epoch 91 step 100/135 loss=1.9270 lr=1.87e-04
2026-07-17 09:18:56,086 [INFO] trainer: epoch 91 done train_loss=1.9419 dt=37.4s
2026-07-17 09:19:10,445 [INFO] trainer: epoch 92 step 50/135 loss=1.9347 lr=1.87e-04
2026-07-17 09:19:23,997 [INFO] trainer: epoch 92 step 100/135 loss=1.9503 lr=1.87e-04
2026-07-17 09:19:33,426 [INFO] trainer: epoch 92 done train_loss=1.9597 dt=37.3s
2026-07-17 09:19:47,913 [INFO] trainer: epoch 93 step 50/135 loss=1.9255 lr=1.86e-04
2026-07-17 09:20:01,430 [INFO] trainer: epoch 93 step 100/135 loss=1.9229 lr=1.86e-04
2026-07-17 09:20:10,866 [INFO] trainer: epoch 93 done train_loss=1.9331 dt=37.4s
2026-07-17 09:20:25,427 [INFO] trainer: epoch 94 step 50/135 loss=1.9085 lr=1.86e-04
2026-07-17 09:20:39,033 [INFO] trainer: epoch 94 step 100/135 loss=1.9154 lr=1.86e-04
2026-07-17 09:20:48,494 [INFO] trainer: epoch 94 done train_loss=1.9283 dt=37.6s
2026-07-17 09:21:02,887 [INFO] trainer: epoch 95 step 50/135 loss=1.9545 lr=1.86e-04
2026-07-17 09:21:16,413 [INFO] trainer: epoch 95 step 100/135 loss=1.9514 lr=1.86e-04
2026-07-17 09:21:25,870 [INFO] trainer: epoch 95 done train_loss=1.9453 dt=37.4s
2026-07-17 09:21:40,209 [INFO] trainer: epoch 96 step 50/135 loss=1.9409 lr=1.85e-04
2026-07-17 09:21:53,778 [INFO] trainer: epoch 96 step 100/135 loss=1.9328 lr=1.85e-04
2026-07-17 09:22:03,216 [INFO] trainer: epoch 96 done train_loss=1.9375 dt=37.3s
2026-07-17 09:22:17,720 [INFO] trainer: epoch 97 step 50/135 loss=1.9046 lr=1.85e-04
2026-07-17 09:22:31,133 [INFO] trainer: epoch 97 step 100/135 loss=1.9386 lr=1.85e-04
2026-07-17 09:22:40,598 [INFO] trainer: epoch 97 done train_loss=1.9292 dt=37.4s
2026-07-17 09:22:54,962 [INFO] trainer: epoch 98 step 50/135 loss=1.9190 lr=1.85e-04
2026-07-17 09:23:08,453 [INFO] trainer: epoch 98 step 100/135 loss=1.9411 lr=1.85e-04
2026-07-17 09:23:17,914 [INFO] trainer: epoch 98 done train_loss=1.9201 dt=37.3s
2026-07-17 09:23:32,544 [INFO] trainer: epoch 99 step 50/135 loss=1.9576 lr=1.84e-04
2026-07-17 09:23:45,921 [INFO] trainer: epoch 99 step 100/135 loss=1.8866 lr=1.84e-04
2026-07-17 09:23:55,297 [INFO] trainer: epoch 99 done train_loss=1.9214 dt=37.4s
2026-07-17 09:24:09,580 [INFO] trainer: epoch 100 step 50/135 loss=1.9110 lr=1.84e-04
2026-07-17 09:24:23,010 [INFO] trainer: epoch 100 step 100/135 loss=1.8995 lr=1.84e-04
2026-07-17 09:24:32,437 [INFO] trainer: epoch 100 done train_loss=1.9042 dt=37.1s
2026-07-17 09:25:24,889 [INFO] trainer: epoch 100 val_mean_dice=0.4642
2026-07-17 09:25:48,610 [INFO] trainer: epoch 101 step 50/135 loss=1.8615 lr=1.84e-04
2026-07-17 09:26:02,048 [INFO] trainer: epoch 101 step 100/135 loss=1.9410 lr=1.84e-04
2026-07-17 09:26:11,442 [INFO] trainer: epoch 101 done train_loss=1.9067 dt=37.0s
2026-07-17 09:26:25,677 [INFO] trainer: epoch 102 step 50/135 loss=1.8781 lr=1.83e-04
2026-07-17 09:26:39,141 [INFO] trainer: epoch 102 step 100/135 loss=1.9135 lr=1.83e-04
2026-07-17 09:26:48,545 [INFO] trainer: epoch 102 done train_loss=1.9028 dt=37.1s
2026-07-17 09:27:02,781 [INFO] trainer: epoch 103 step 50/135 loss=1.8721 lr=1.83e-04
2026-07-17 09:27:16,241 [INFO] trainer: epoch 103 step 100/135 loss=1.9438 lr=1.83e-04
2026-07-17 09:27:25,636 [INFO] trainer: epoch 103 done train_loss=1.9065 dt=37.1s
2026-07-17 09:27:39,927 [INFO] trainer: epoch 104 step 50/135 loss=1.8996 lr=1.83e-04
2026-07-17 09:27:53,295 [INFO] trainer: epoch 104 step 100/135 loss=1.8779 lr=1.83e-04
2026-07-17 09:28:02,690 [INFO] trainer: epoch 104 done train_loss=1.8999 dt=37.1s
2026-07-17 09:28:16,865 [INFO] trainer: epoch 105 step 50/135 loss=1.8638 lr=1.82e-04
2026-07-17 09:28:30,286 [INFO] trainer: epoch 105 step 100/135 loss=1.8746 lr=1.82e-04
2026-07-17 09:28:39,652 [INFO] trainer: epoch 105 done train_loss=1.8790 dt=37.0s
2026-07-17 09:28:54,070 [INFO] trainer: epoch 106 step 50/135 loss=1.8938 lr=1.82e-04
2026-07-17 09:29:07,475 [INFO] trainer: epoch 106 step 100/135 loss=1.8848 lr=1.82e-04
2026-07-17 09:29:16,847 [INFO] trainer: epoch 106 done train_loss=1.8828 dt=37.2s
2026-07-17 09:29:31,140 [INFO] trainer: epoch 107 step 50/135 loss=1.8368 lr=1.82e-04
2026-07-17 09:29:44,716 [INFO] trainer: epoch 107 step 100/135 loss=1.8871 lr=1.81e-04
2026-07-17 09:29:54,170 [INFO] trainer: epoch 107 done train_loss=1.8588 dt=37.3s
2026-07-17 09:30:08,585 [INFO] trainer: epoch 108 step 50/135 loss=1.8619 lr=1.81e-04
2026-07-17 09:30:22,133 [INFO] trainer: epoch 108 step 100/135 loss=1.9059 lr=1.81e-04
2026-07-17 09:30:31,599 [INFO] trainer: epoch 108 done train_loss=1.8725 dt=37.4s
2026-07-17 09:30:46,015 [INFO] trainer: epoch 109 step 50/135 loss=1.9147 lr=1.81e-04
2026-07-17 09:30:59,453 [INFO] trainer: epoch 109 step 100/135 loss=1.8511 lr=1.81e-04
2026-07-17 09:31:08,881 [INFO] trainer: epoch 109 done train_loss=1.8853 dt=37.3s
2026-07-17 09:31:23,171 [INFO] trainer: epoch 110 step 50/135 loss=1.9079 lr=1.80e-04
2026-07-17 09:31:36,620 [INFO] trainer: epoch 110 step 100/135 loss=1.8964 lr=1.80e-04
2026-07-17 09:31:46,048 [INFO] trainer: epoch 110 done train_loss=1.8887 dt=37.2s
2026-07-17 09:32:05,789 [INFO] trainer: epoch 111 step 50/135 loss=1.8811 lr=1.80e-04
2026-07-17 09:32:19,245 [INFO] trainer: epoch 111 step 100/135 loss=1.8959 lr=1.80e-04
2026-07-17 09:32:28,667 [INFO] trainer: epoch 111 done train_loss=1.8841 dt=37.4s
2026-07-17 09:32:43,084 [INFO] trainer: epoch 112 step 50/135 loss=1.8440 lr=1.80e-04
2026-07-17 09:32:56,530 [INFO] trainer: epoch 112 step 100/135 loss=1.8673 lr=1.80e-04
2026-07-17 09:33:05,920 [INFO] trainer: epoch 112 done train_loss=1.8638 dt=37.3s
2026-07-17 09:33:20,176 [INFO] trainer: epoch 113 step 50/135 loss=1.8962 lr=1.79e-04
2026-07-17 09:33:33,619 [INFO] trainer: epoch 113 step 100/135 loss=1.8654 lr=1.79e-04
2026-07-17 09:33:43,049 [INFO] trainer: epoch 113 done train_loss=1.8696 dt=37.1s
2026-07-17 09:33:57,366 [INFO] trainer: epoch 114 step 50/135 loss=1.8722 lr=1.79e-04
2026-07-17 09:34:10,808 [INFO] trainer: epoch 114 step 100/135 loss=1.8762 lr=1.79e-04
2026-07-17 09:34:20,221 [INFO] trainer: epoch 114 done train_loss=1.8749 dt=37.2s
2026-07-17 09:34:34,607 [INFO] trainer: epoch 115 step 50/135 loss=1.8437 lr=1.79e-04
2026-07-17 09:34:48,000 [INFO] trainer: epoch 115 step 100/135 loss=1.8727 lr=1.78e-04
2026-07-17 09:34:57,371 [INFO] trainer: epoch 115 done train_loss=1.8583 dt=37.1s
2026-07-17 09:35:11,803 [INFO] trainer: epoch 116 step 50/135 loss=1.8906 lr=1.78e-04
2026-07-17 09:35:25,196 [INFO] trainer: epoch 116 step 100/135 loss=1.8814 lr=1.78e-04
2026-07-17 09:35:34,603 [INFO] trainer: epoch 116 done train_loss=1.8764 dt=37.2s
2026-07-17 09:35:48,939 [INFO] trainer: epoch 117 step 50/135 loss=1.8439 lr=1.78e-04
2026-07-17 09:36:02,326 [INFO] trainer: epoch 117 step 100/135 loss=1.8310 lr=1.78e-04
2026-07-17 09:36:11,685 [INFO] trainer: epoch 117 done train_loss=1.8465 dt=37.1s
2026-07-17 09:36:26,307 [INFO] trainer: epoch 118 step 50/135 loss=1.8461 lr=1.77e-04
2026-07-17 09:36:39,736 [INFO] trainer: epoch 118 step 100/135 loss=1.8459 lr=1.77e-04
2026-07-17 09:36:49,135 [INFO] trainer: epoch 118 done train_loss=1.8518 dt=37.4s
2026-07-17 09:37:03,506 [INFO] trainer: epoch 119 step 50/135 loss=1.8308 lr=1.77e-04
2026-07-17 09:37:16,859 [INFO] trainer: epoch 119 step 100/135 loss=1.8431 lr=1.77e-04
2026-07-17 09:37:26,211 [INFO] trainer: epoch 119 done train_loss=1.8343 dt=37.1s
2026-07-17 09:37:40,576 [INFO] trainer: epoch 120 step 50/135 loss=1.8263 lr=1.77e-04
2026-07-17 09:37:54,010 [INFO] trainer: epoch 120 step 100/135 loss=1.8548 lr=1.76e-04
2026-07-17 09:38:03,417 [INFO] trainer: epoch 120 done train_loss=1.8446 dt=37.2s
2026-07-17 09:38:33,680 [INFO] trainer: epoch 121 step 50/135 loss=1.8245 lr=1.76e-04
2026-07-17 09:38:47,127 [INFO] trainer: epoch 121 step 100/135 loss=1.8234 lr=1.76e-04
2026-07-17 09:38:56,503 [INFO] trainer: epoch 121 done train_loss=1.8387 dt=37.1s
2026-07-17 09:39:11,016 [INFO] trainer: epoch 122 step 50/135 loss=1.8473 lr=1.76e-04
2026-07-17 09:39:24,397 [INFO] trainer: epoch 122 step 100/135 loss=1.7986 lr=1.76e-04
2026-07-17 09:39:33,743 [INFO] trainer: epoch 122 done train_loss=1.8332 dt=37.2s
2026-07-17 09:39:48,101 [INFO] trainer: epoch 123 step 50/135 loss=1.8239 lr=1.75e-04
2026-07-17 09:40:01,484 [INFO] trainer: epoch 123 step 100/135 loss=1.8532 lr=1.75e-04
2026-07-17 09:40:10,830 [INFO] trainer: epoch 123 done train_loss=1.8458 dt=37.1s
2026-07-17 09:40:25,065 [INFO] trainer: epoch 124 step 50/135 loss=1.8696 lr=1.75e-04
2026-07-17 09:40:38,487 [INFO] trainer: epoch 124 step 100/135 loss=1.8575 lr=1.75e-04
2026-07-17 09:40:47,850 [INFO] trainer: epoch 124 done train_loss=1.8551 dt=37.0s
2026-07-17 09:41:02,082 [INFO] trainer: epoch 125 step 50/135 loss=1.8083 lr=1.74e-04
2026-07-17 09:41:15,597 [INFO] trainer: epoch 125 step 100/135 loss=1.8175 lr=1.74e-04
2026-07-17 09:41:25,045 [INFO] trainer: epoch 125 done train_loss=1.7995 dt=37.2s
2026-07-17 09:42:14,455 [INFO] trainer: epoch 125 val_mean_dice=0.4983
2026-07-17 09:42:34,309 [INFO] trainer: epoch 126 step 50/135 loss=1.8113 lr=1.74e-04
2026-07-17 09:42:47,724 [INFO] trainer: epoch 126 step 100/135 loss=1.8266 lr=1.74e-04
2026-07-17 09:42:57,071 [INFO] trainer: epoch 126 done train_loss=1.8224 dt=37.2s
2026-07-17 09:43:11,549 [INFO] trainer: epoch 127 step 50/135 loss=1.8468 lr=1.74e-04
2026-07-17 09:43:25,082 [INFO] trainer: epoch 127 step 100/135 loss=1.8340 lr=1.73e-04
2026-07-17 09:43:34,536 [INFO] trainer: epoch 127 done train_loss=1.8355 dt=37.5s
2026-07-17 09:43:48,764 [INFO] trainer: epoch 128 step 50/135 loss=1.8252 lr=1.73e-04
2026-07-17 09:44:02,119 [INFO] trainer: epoch 128 step 100/135 loss=1.8349 lr=1.73e-04
2026-07-17 09:44:11,478 [INFO] trainer: epoch 128 done train_loss=1.8258 dt=36.9s
2026-07-17 09:44:25,849 [INFO] trainer: epoch 129 step 50/135 loss=1.8856 lr=1.73e-04
2026-07-17 09:44:39,243 [INFO] trainer: epoch 129 step 100/135 loss=1.7827 lr=1.73e-04
2026-07-17 09:44:48,635 [INFO] trainer: epoch 129 done train_loss=1.8457 dt=37.2s
2026-07-17 09:45:02,919 [INFO] trainer: epoch 130 step 50/135 loss=1.8388 lr=1.72e-04
2026-07-17 09:45:16,411 [INFO] trainer: epoch 130 step 100/135 loss=1.8071 lr=1.72e-04
2026-07-17 09:45:25,849 [INFO] trainer: epoch 130 done train_loss=1.8196 dt=37.2s
2026-07-17 09:45:45,557 [INFO] trainer: epoch 131 step 50/135 loss=1.8184 lr=1.72e-04
2026-07-17 09:45:59,010 [INFO] trainer: epoch 131 step 100/135 loss=1.8194 lr=1.72e-04
2026-07-17 09:46:08,415 [INFO] trainer: epoch 131 done train_loss=1.8127 dt=37.1s
2026-07-17 09:46:22,623 [INFO] trainer: epoch 132 step 50/135 loss=1.8050 lr=1.71e-04
2026-07-17 09:46:35,990 [INFO] trainer: epoch 132 step 100/135 loss=1.8329 lr=1.71e-04
2026-07-17 09:46:45,377 [INFO] trainer: epoch 132 done train_loss=1.8133 dt=37.0s
2026-07-17 09:46:59,693 [INFO] trainer: epoch 133 step 50/135 loss=1.8276 lr=1.71e-04
2026-07-17 09:47:13,122 [INFO] trainer: epoch 133 step 100/135 loss=1.8254 lr=1.71e-04
2026-07-17 09:47:22,517 [INFO] trainer: epoch 133 done train_loss=1.8199 dt=37.1s
2026-07-17 09:47:36,894 [INFO] trainer: epoch 134 step 50/135 loss=1.8022 lr=1.70e-04
2026-07-17 09:47:50,360 [INFO] trainer: epoch 134 step 100/135 loss=1.7878 lr=1.70e-04
2026-07-17 09:47:59,775 [INFO] trainer: epoch 134 done train_loss=1.7929 dt=37.3s
2026-07-17 09:48:14,191 [INFO] trainer: epoch 135 step 50/135 loss=1.7772 lr=1.70e-04
2026-07-17 09:48:27,590 [INFO] trainer: epoch 135 step 100/135 loss=1.8023 lr=1.70e-04
2026-07-17 09:48:36,986 [INFO] trainer: epoch 135 done train_loss=1.7979 dt=37.2s
2026-07-17 09:48:51,345 [INFO] trainer: epoch 136 step 50/135 loss=1.7934 lr=1.70e-04
2026-07-17 09:49:04,794 [INFO] trainer: epoch 136 step 100/135 loss=1.8321 lr=1.69e-04
2026-07-17 09:49:14,162 [INFO] trainer: epoch 136 done train_loss=1.8097 dt=37.2s
2026-07-17 09:49:28,395 [INFO] trainer: epoch 137 step 50/135 loss=1.7544 lr=1.69e-04
2026-07-17 09:49:41,770 [INFO] trainer: epoch 137 step 100/135 loss=1.8160 lr=1.69e-04
2026-07-17 09:49:51,165 [INFO] trainer: epoch 137 done train_loss=1.7860 dt=37.0s
2026-07-17 09:50:05,414 [INFO] trainer: epoch 138 step 50/135 loss=1.7797 lr=1.69e-04
2026-07-17 09:50:18,750 [INFO] trainer: epoch 138 step 100/135 loss=1.7520 lr=1.68e-04
2026-07-17 09:50:28,278 [INFO] trainer: epoch 138 done train_loss=1.7834 dt=37.1s
2026-07-17 09:50:42,728 [INFO] trainer: epoch 139 step 50/135 loss=1.8032 lr=1.68e-04
2026-07-17 09:50:56,141 [INFO] trainer: epoch 139 step 100/135 loss=1.7555 lr=1.68e-04
2026-07-17 09:51:05,496 [INFO] trainer: epoch 139 done train_loss=1.7855 dt=37.2s
2026-07-17 09:51:19,841 [INFO] trainer: epoch 140 step 50/135 loss=1.7693 lr=1.68e-04
2026-07-17 09:51:33,423 [INFO] trainer: epoch 140 step 100/135 loss=1.7510 lr=1.68e-04
2026-07-17 09:51:42,877 [INFO] trainer: epoch 140 done train_loss=1.7627 dt=37.4s
2026-07-17 09:52:02,550 [INFO] trainer: epoch 141 step 50/135 loss=1.8213 lr=1.67e-04
2026-07-17 09:52:15,986 [INFO] trainer: epoch 141 step 100/135 loss=1.7592 lr=1.67e-04
2026-07-17 09:52:25,365 [INFO] trainer: epoch 141 done train_loss=1.7838 dt=37.1s
2026-07-17 09:52:39,740 [INFO] trainer: epoch 142 step 50/135 loss=1.7474 lr=1.67e-04
2026-07-17 09:52:53,304 [INFO] trainer: epoch 142 step 100/135 loss=1.7776 lr=1.67e-04
2026-07-17 09:53:02,768 [INFO] trainer: epoch 142 done train_loss=1.7735 dt=37.4s
2026-07-17 09:53:17,210 [INFO] trainer: epoch 143 step 50/135 loss=1.7815 lr=1.66e-04
2026-07-17 09:53:30,757 [INFO] trainer: epoch 143 step 100/135 loss=1.8053 lr=1.66e-04
2026-07-17 09:53:40,214 [INFO] trainer: epoch 143 done train_loss=1.7887 dt=37.4s
2026-07-17 09:53:54,634 [INFO] trainer: epoch 144 step 50/135 loss=1.7367 lr=1.66e-04
2026-07-17 09:54:08,173 [INFO] trainer: epoch 144 step 100/135 loss=1.7669 lr=1.66e-04
2026-07-17 09:54:17,630 [INFO] trainer: epoch 144 done train_loss=1.7643 dt=37.4s
2026-07-17 09:54:32,015 [INFO] trainer: epoch 145 step 50/135 loss=1.7739 lr=1.65e-04
2026-07-17 09:54:45,549 [INFO] trainer: epoch 145 step 100/135 loss=1.8019 lr=1.65e-04
2026-07-17 09:54:54,998 [INFO] trainer: epoch 145 done train_loss=1.7796 dt=37.4s
2026-07-17 09:55:09,374 [INFO] trainer: epoch 146 step 50/135 loss=1.8126 lr=1.65e-04
2026-07-17 09:55:22,762 [INFO] trainer: epoch 146 step 100/135 loss=1.7795 lr=1.65e-04
2026-07-17 09:55:32,145 [INFO] trainer: epoch 146 done train_loss=1.7851 dt=37.1s
2026-07-17 09:55:46,328 [INFO] trainer: epoch 147 step 50/135 loss=1.7807 lr=1.64e-04
2026-07-17 09:55:59,893 [INFO] trainer: epoch 147 step 100/135 loss=1.8248 lr=1.64e-04
2026-07-17 09:56:09,350 [INFO] trainer: epoch 147 done train_loss=1.8050 dt=37.2s
2026-07-17 09:56:23,714 [INFO] trainer: epoch 148 step 50/135 loss=1.7412 lr=1.64e-04
2026-07-17 09:56:37,278 [INFO] trainer: epoch 148 step 100/135 loss=1.7800 lr=1.64e-04
2026-07-17 09:56:46,758 [INFO] trainer: epoch 148 done train_loss=1.7567 dt=37.4s
2026-07-17 09:57:01,421 [INFO] trainer: epoch 149 step 50/135 loss=1.7464 lr=1.63e-04
2026-07-17 09:57:14,964 [INFO] trainer: epoch 149 step 100/135 loss=1.7723 lr=1.63e-04
2026-07-17 09:57:24,445 [INFO] trainer: epoch 149 done train_loss=1.7657 dt=37.7s
2026-07-17 09:57:38,862 [INFO] trainer: epoch 150 step 50/135 loss=1.7855 lr=1.63e-04
2026-07-17 09:57:52,393 [INFO] trainer: epoch 150 step 100/135 loss=1.7658 lr=1.63e-04
2026-07-17 09:58:01,791 [INFO] trainer: epoch 150 done train_loss=1.7711 dt=37.3s
2026-07-17 09:58:51,163 [INFO] trainer: epoch 150 val_mean_dice=0.5177
2026-07-17 09:59:16,310 [INFO] trainer: epoch 151 step 50/135 loss=1.7755 lr=1.62e-04
2026-07-17 09:59:29,698 [INFO] trainer: epoch 151 step 100/135 loss=1.7507 lr=1.62e-04
2026-07-17 09:59:39,102 [INFO] trainer: epoch 151 done train_loss=1.7537 dt=37.3s
2026-07-17 09:59:53,653 [INFO] trainer: epoch 152 step 50/135 loss=1.7171 lr=1.62e-04
2026-07-17 10:00:07,237 [INFO] trainer: epoch 152 step 100/135 loss=1.7379 lr=1.62e-04
2026-07-17 10:00:16,713 [INFO] trainer: epoch 152 done train_loss=1.7292 dt=37.6s
2026-07-17 10:00:30,950 [INFO] trainer: epoch 153 step 50/135 loss=1.7709 lr=1.61e-04
2026-07-17 10:00:44,331 [INFO] trainer: epoch 153 step 100/135 loss=1.7459 lr=1.61e-04
2026-07-17 10:00:53,702 [INFO] trainer: epoch 153 done train_loss=1.7700 dt=37.0s
2026-07-17 10:01:08,006 [INFO] trainer: epoch 154 step 50/135 loss=1.7945 lr=1.61e-04
2026-07-17 10:01:21,374 [INFO] trainer: epoch 154 step 100/135 loss=1.7407 lr=1.61e-04
2026-07-17 10:01:30,750 [INFO] trainer: epoch 154 done train_loss=1.7556 dt=37.0s
2026-07-17 10:01:45,115 [INFO] trainer: epoch 155 step 50/135 loss=1.7438 lr=1.60e-04
2026-07-17 10:01:58,573 [INFO] trainer: epoch 155 step 100/135 loss=1.7553 lr=1.60e-04
2026-07-17 10:02:08,044 [INFO] trainer: epoch 155 done train_loss=1.7275 dt=37.3s
2026-07-17 10:02:22,492 [INFO] trainer: epoch 156 step 50/135 loss=1.7721 lr=1.60e-04
2026-07-17 10:02:35,963 [INFO] trainer: epoch 156 step 100/135 loss=1.7271 lr=1.60e-04
2026-07-17 10:02:45,373 [INFO] trainer: epoch 156 done train_loss=1.7373 dt=37.3s
2026-07-17 10:02:59,697 [INFO] trainer: epoch 157 step 50/135 loss=1.7777 lr=1.59e-04
2026-07-17 10:03:13,065 [INFO] trainer: epoch 157 step 100/135 loss=1.7524 lr=1.59e-04
2026-07-17 10:03:22,420 [INFO] trainer: epoch 157 done train_loss=1.7588 dt=37.0s
2026-07-17 10:03:37,011 [INFO] trainer: epoch 158 step 50/135 loss=1.7240 lr=1.59e-04
2026-07-17 10:03:50,438 [INFO] trainer: epoch 158 step 100/135 loss=1.7353 lr=1.59e-04
2026-07-17 10:03:59,836 [INFO] trainer: epoch 158 done train_loss=1.7404 dt=37.4s
2026-07-17 10:04:14,188 [INFO] trainer: epoch 159 step 50/135 loss=1.7524 lr=1.58e-04
2026-07-17 10:04:27,823 [INFO] trainer: epoch 159 step 100/135 loss=1.7398 lr=1.58e-04
2026-07-17 10:04:37,294 [INFO] trainer: epoch 159 done train_loss=1.7383 dt=37.5s
2026-07-17 10:04:51,573 [INFO] trainer: epoch 160 step 50/135 loss=1.7139 lr=1.58e-04
2026-07-17 10:05:05,073 [INFO] trainer: epoch 160 step 100/135 loss=1.7693 lr=1.58e-04
2026-07-17 10:05:14,474 [INFO] trainer: epoch 160 done train_loss=1.7428 dt=37.2s
2026-07-17 10:05:34,586 [INFO] trainer: epoch 161 step 50/135 loss=1.7297 lr=1.57e-04
2026-07-17 10:05:48,081 [INFO] trainer: epoch 161 step 100/135 loss=1.7316 lr=1.57e-04
2026-07-17 10:05:57,509 [INFO] trainer: epoch 161 done train_loss=1.7429 dt=37.3s
2026-07-17 10:06:11,817 [INFO] trainer: epoch 162 step 50/135 loss=1.7365 lr=1.57e-04
2026-07-17 10:06:25,287 [INFO] trainer: epoch 162 step 100/135 loss=1.7217 lr=1.57e-04
2026-07-17 10:06:34,726 [INFO] trainer: epoch 162 done train_loss=1.7260 dt=37.2s
2026-07-17 10:06:49,110 [INFO] trainer: epoch 163 step 50/135 loss=1.7339 lr=1.56e-04
2026-07-17 10:07:02,619 [INFO] trainer: epoch 163 step 100/135 loss=1.7220 lr=1.56e-04
2026-07-17 10:07:12,039 [INFO] trainer: epoch 163 done train_loss=1.7252 dt=37.3s
2026-07-17 10:07:26,642 [INFO] trainer: epoch 164 step 50/135 loss=1.7490 lr=1.56e-04
2026-07-17 10:07:40,140 [INFO] trainer: epoch 164 step 100/135 loss=1.7669 lr=1.55e-04
2026-07-17 10:07:49,574 [INFO] trainer: epoch 164 done train_loss=1.7515 dt=37.5s
2026-07-17 10:08:04,159 [INFO] trainer: epoch 165 step 50/135 loss=1.7266 lr=1.55e-04
2026-07-17 10:08:17,694 [INFO] trainer: epoch 165 step 100/135 loss=1.7365 lr=1.55e-04
2026-07-17 10:08:27,170 [INFO] trainer: epoch 165 done train_loss=1.7366 dt=37.6s
2026-07-17 10:08:41,798 [INFO] trainer: epoch 166 step 50/135 loss=1.7680 lr=1.55e-04
2026-07-17 10:08:55,321 [INFO] trainer: epoch 166 step 100/135 loss=1.7324 lr=1.54e-04
2026-07-17 10:09:04,750 [INFO] trainer: epoch 166 done train_loss=1.7550 dt=37.6s
2026-07-17 10:09:19,202 [INFO] trainer: epoch 167 step 50/135 loss=1.7303 lr=1.54e-04
2026-07-17 10:09:32,741 [INFO] trainer: epoch 167 step 100/135 loss=1.7322 lr=1.54e-04
2026-07-17 10:09:42,216 [INFO] trainer: epoch 167 done train_loss=1.7261 dt=37.5s
2026-07-17 10:09:56,772 [INFO] trainer: epoch 168 step 50/135 loss=1.7165 lr=1.54e-04
2026-07-17 10:10:10,262 [INFO] trainer: epoch 168 step 100/135 loss=1.7359 lr=1.53e-04
2026-07-17 10:10:19,681 [INFO] trainer: epoch 168 done train_loss=1.7147 dt=37.5s
2026-07-17 10:10:34,169 [INFO] trainer: epoch 169 step 50/135 loss=1.7212 lr=1.53e-04
2026-07-17 10:10:47,717 [INFO] trainer: epoch 169 step 100/135 loss=1.7338 lr=1.53e-04
2026-07-17 10:10:57,152 [INFO] trainer: epoch 169 done train_loss=1.7215 dt=37.5s
2026-07-17 10:11:11,596 [INFO] trainer: epoch 170 step 50/135 loss=1.7045 lr=1.52e-04
2026-07-17 10:11:25,028 [INFO] trainer: epoch 170 step 100/135 loss=1.6997 lr=1.52e-04
2026-07-17 10:11:34,434 [INFO] trainer: epoch 170 done train_loss=1.7095 dt=37.3s
2026-07-17 10:11:54,375 [INFO] trainer: epoch 171 step 50/135 loss=1.7590 lr=1.52e-04
2026-07-17 10:12:07,821 [INFO] trainer: epoch 171 step 100/135 loss=1.7543 lr=1.52e-04
2026-07-17 10:12:17,245 [INFO] trainer: epoch 171 done train_loss=1.7410 dt=37.6s
2026-07-17 10:12:31,793 [INFO] trainer: epoch 172 step 50/135 loss=1.7469 lr=1.51e-04
2026-07-17 10:12:45,169 [INFO] trainer: epoch 172 step 100/135 loss=1.6921 lr=1.51e-04
2026-07-17 10:12:54,559 [INFO] trainer: epoch 172 done train_loss=1.7203 dt=37.3s
2026-07-17 10:13:08,935 [INFO] trainer: epoch 173 step 50/135 loss=1.6999 lr=1.51e-04
2026-07-17 10:13:22,329 [INFO] trainer: epoch 173 step 100/135 loss=1.6993 lr=1.51e-04
2026-07-17 10:13:31,680 [INFO] trainer: epoch 173 done train_loss=1.6890 dt=37.1s
2026-07-17 10:13:46,004 [INFO] trainer: epoch 174 step 50/135 loss=1.7348 lr=1.50e-04
2026-07-17 10:13:59,414 [INFO] trainer: epoch 174 step 100/135 loss=1.7111 lr=1.50e-04
2026-07-17 10:14:08,789 [INFO] trainer: epoch 174 done train_loss=1.7292 dt=37.1s
2026-07-17 10:14:23,271 [INFO] trainer: epoch 175 step 50/135 loss=1.7349 lr=1.50e-04
2026-07-17 10:14:36,732 [INFO] trainer: epoch 175 step 100/135 loss=1.6942 lr=1.49e-04
2026-07-17 10:14:46,125 [INFO] trainer: epoch 175 done train_loss=1.7249 dt=37.3s
2026-07-17 10:15:35,332 [INFO] trainer: epoch 175 val_mean_dice=0.5400
2026-07-17 10:15:55,605 [INFO] trainer: epoch 176 step 50/135 loss=1.6707 lr=1.49e-04
2026-07-17 10:16:09,005 [INFO] trainer: epoch 176 step 100/135 loss=1.7065 lr=1.49e-04
2026-07-17 10:16:18,432 [INFO] trainer: epoch 176 done train_loss=1.7135 dt=37.5s
2026-07-17 10:16:32,626 [INFO] trainer: epoch 177 step 50/135 loss=1.7264 lr=1.49e-04
2026-07-17 10:16:46,084 [INFO] trainer: epoch 177 step 100/135 loss=1.6776 lr=1.48e-04
2026-07-17 10:16:55,629 [INFO] trainer: epoch 177 done train_loss=1.6936 dt=37.2s
2026-07-17 10:17:09,946 [INFO] trainer: epoch 178 step 50/135 loss=1.7253 lr=1.48e-04
2026-07-17 10:17:23,401 [INFO] trainer: epoch 178 step 100/135 loss=1.7425 lr=1.48e-04
2026-07-17 10:17:32,784 [INFO] trainer: epoch 178 done train_loss=1.7235 dt=37.2s
2026-07-17 10:17:46,967 [INFO] trainer: epoch 179 step 50/135 loss=1.6710 lr=1.47e-04
2026-07-17 10:18:00,282 [INFO] trainer: epoch 179 step 100/135 loss=1.6875 lr=1.47e-04
2026-07-17 10:18:09,648 [INFO] trainer: epoch 179 done train_loss=1.6885 dt=36.9s
2026-07-17 10:18:23,935 [INFO] trainer: epoch 180 step 50/135 loss=1.6725 lr=1.47e-04
2026-07-17 10:18:37,278 [INFO] trainer: epoch 180 step 100/135 loss=1.7585 lr=1.47e-04
2026-07-17 10:18:46,644 [INFO] trainer: epoch 180 done train_loss=1.7187 dt=37.0s
2026-07-17 10:19:06,619 [INFO] trainer: epoch 181 step 50/135 loss=1.7125 lr=1.46e-04
2026-07-17 10:19:20,107 [INFO] trainer: epoch 181 step 100/135 loss=1.6909 lr=1.46e-04
2026-07-17 10:19:29,491 [INFO] trainer: epoch 181 done train_loss=1.7015 dt=37.6s
2026-07-17 10:19:43,717 [INFO] trainer: epoch 182 step 50/135 loss=1.6757 lr=1.46e-04
2026-07-17 10:19:57,124 [INFO] trainer: epoch 182 step 100/135 loss=1.6802 lr=1.46e-04
2026-07-17 10:20:06,526 [INFO] trainer: epoch 182 done train_loss=1.6844 dt=37.0s
2026-07-17 10:20:20,835 [INFO] trainer: epoch 183 step 50/135 loss=1.7360 lr=1.45e-04
2026-07-17 10:20:34,304 [INFO] trainer: epoch 183 step 100/135 loss=1.7205 lr=1.45e-04
2026-07-17 10:20:43,677 [INFO] trainer: epoch 183 done train_loss=1.7213 dt=37.2s
2026-07-17 10:20:58,066 [INFO] trainer: epoch 184 step 50/135 loss=1.6739 lr=1.45e-04
2026-07-17 10:21:11,516 [INFO] trainer: epoch 184 step 100/135 loss=1.7216 lr=1.44e-04
2026-07-17 10:21:20,960 [INFO] trainer: epoch 184 done train_loss=1.6966 dt=37.3s
2026-07-17 10:21:35,592 [INFO] trainer: epoch 185 step 50/135 loss=1.7013 lr=1.44e-04
2026-07-17 10:21:49,163 [INFO] trainer: epoch 185 step 100/135 loss=1.6918 lr=1.44e-04
2026-07-17 10:21:58,636 [INFO] trainer: epoch 185 done train_loss=1.6940 dt=37.7s
2026-07-17 10:22:13,031 [INFO] trainer: epoch 186 step 50/135 loss=1.6680 lr=1.43e-04
2026-07-17 10:22:26,504 [INFO] trainer: epoch 186 step 100/135 loss=1.7199 lr=1.43e-04
2026-07-17 10:22:35,946 [INFO] trainer: epoch 186 done train_loss=1.6903 dt=37.3s
2026-07-17 10:22:50,298 [INFO] trainer: epoch 187 step 50/135 loss=1.7111 lr=1.43e-04
2026-07-17 10:23:03,807 [INFO] trainer: epoch 187 step 100/135 loss=1.6944 lr=1.43e-04
2026-07-17 10:23:13,244 [INFO] trainer: epoch 187 done train_loss=1.6946 dt=37.3s
2026-07-17 10:23:27,936 [INFO] trainer: epoch 188 step 50/135 loss=1.7074 lr=1.42e-04
2026-07-17 10:23:41,513 [INFO] trainer: epoch 188 step 100/135 loss=1.6650 lr=1.42e-04
2026-07-17 10:23:50,981 [INFO] trainer: epoch 188 done train_loss=1.6775 dt=37.7s
2026-07-17 10:24:05,507 [INFO] trainer: epoch 189 step 50/135 loss=1.7679 lr=1.42e-04
2026-07-17 10:24:19,027 [INFO] trainer: epoch 189 step 100/135 loss=1.6870 lr=1.42e-04
2026-07-17 10:24:28,481 [INFO] trainer: epoch 189 done train_loss=1.7114 dt=37.5s
2026-07-17 10:24:42,952 [INFO] trainer: epoch 190 step 50/135 loss=1.6794 lr=1.41e-04
2026-07-17 10:24:56,469 [INFO] trainer: epoch 190 step 100/135 loss=1.6788 lr=1.41e-04
2026-07-17 10:25:05,917 [INFO] trainer: epoch 190 done train_loss=1.6820 dt=37.4s
2026-07-17 10:25:25,742 [INFO] trainer: epoch 191 step 50/135 loss=1.6691 lr=1.41e-04
2026-07-17 10:25:39,214 [INFO] trainer: epoch 191 step 100/135 loss=1.7021 lr=1.40e-04
2026-07-17 10:25:48,623 [INFO] trainer: epoch 191 done train_loss=1.6784 dt=37.2s
2026-07-17 10:26:03,060 [INFO] trainer: epoch 192 step 50/135 loss=1.6919 lr=1.40e-04
2026-07-17 10:26:16,542 [INFO] trainer: epoch 192 step 100/135 loss=1.6929 lr=1.40e-04
2026-07-17 10:26:25,946 [INFO] trainer: epoch 192 done train_loss=1.6885 dt=37.3s
2026-07-17 10:26:40,308 [INFO] trainer: epoch 193 step 50/135 loss=1.6960 lr=1.39e-04
2026-07-17 10:26:53,802 [INFO] trainer: epoch 193 step 100/135 loss=1.6394 lr=1.39e-04
2026-07-17 10:27:03,255 [INFO] trainer: epoch 193 done train_loss=1.6742 dt=37.3s
2026-07-17 10:27:17,501 [INFO] trainer: epoch 194 step 50/135 loss=1.6905 lr=1.39e-04
2026-07-17 10:27:31,011 [INFO] trainer: epoch 194 step 100/135 loss=1.6765 lr=1.39e-04
2026-07-17 10:27:40,456 [INFO] trainer: epoch 194 done train_loss=1.6780 dt=37.2s
2026-07-17 10:27:54,998 [INFO] trainer: epoch 195 step 50/135 loss=1.6999 lr=1.38e-04
2026-07-17 10:28:08,468 [INFO] trainer: epoch 195 step 100/135 loss=1.6929 lr=1.38e-04
2026-07-17 10:28:17,817 [INFO] trainer: epoch 195 done train_loss=1.7053 dt=37.4s
2026-07-17 10:28:32,216 [INFO] trainer: epoch 196 step 50/135 loss=1.6925 lr=1.38e-04
2026-07-17 10:28:45,584 [INFO] trainer: epoch 196 step 100/135 loss=1.6941 lr=1.37e-04
2026-07-17 10:28:54,962 [INFO] trainer: epoch 196 done train_loss=1.6821 dt=37.1s
2026-07-17 10:29:09,267 [INFO] trainer: epoch 197 step 50/135 loss=1.6652 lr=1.37e-04
2026-07-17 10:29:22,741 [INFO] trainer: epoch 197 step 100/135 loss=1.6546 lr=1.37e-04
2026-07-17 10:29:32,136 [INFO] trainer: epoch 197 done train_loss=1.6653 dt=37.2s
2026-07-17 10:29:46,576 [INFO] trainer: epoch 198 step 50/135 loss=1.6427 lr=1.36e-04
2026-07-17 10:29:59,990 [INFO] trainer: epoch 198 step 100/135 loss=1.6774 lr=1.36e-04
2026-07-17 10:30:09,380 [INFO] trainer: epoch 198 done train_loss=1.6660 dt=37.2s
2026-07-17 10:30:23,818 [INFO] trainer: epoch 199 step 50/135 loss=1.6677 lr=1.36e-04
2026-07-17 10:30:37,279 [INFO] trainer: epoch 199 step 100/135 loss=1.6474 lr=1.36e-04
2026-07-17 10:30:46,691 [INFO] trainer: epoch 199 done train_loss=1.6678 dt=37.3s
2026-07-17 10:31:01,183 [INFO] trainer: epoch 200 step 50/135 loss=1.6634 lr=1.35e-04
2026-07-17 10:31:14,639 [INFO] trainer: epoch 200 step 100/135 loss=1.7241 lr=1.35e-04
2026-07-17 10:31:24,042 [INFO] trainer: epoch 200 done train_loss=1.6816 dt=37.4s
2026-07-17 10:32:15,845 [INFO] trainer: epoch 200 val_mean_dice=0.5652
2026-07-17 10:32:40,068 [INFO] trainer: epoch 201 step 50/135 loss=1.6692 lr=1.35e-04
2026-07-17 10:33:03,987 [INFO] trainer: epoch 201 step 100/135 loss=1.6811 lr=1.34e-04
2026-07-17 10:33:13,334 [INFO] trainer: epoch 201 done train_loss=1.6711 dt=47.5s
2026-07-17 10:33:27,784 [INFO] trainer: epoch 202 step 50/135 loss=1.6589 lr=1.34e-04
2026-07-17 10:33:41,269 [INFO] trainer: epoch 202 step 100/135 loss=1.6658 lr=1.34e-04
2026-07-17 10:33:50,671 [INFO] trainer: epoch 202 done train_loss=1.6587 dt=37.3s
2026-07-17 10:34:05,068 [INFO] trainer: epoch 203 step 50/135 loss=1.6972 lr=1.33e-04
2026-07-17 10:34:18,425 [INFO] trainer: epoch 203 step 100/135 loss=1.7026 lr=1.33e-04
2026-07-17 10:34:27,789 [INFO] trainer: epoch 203 done train_loss=1.6752 dt=37.1s
2026-07-17 10:34:42,150 [INFO] trainer: epoch 204 step 50/135 loss=1.6618 lr=1.33e-04
2026-07-17 10:34:57,325 [INFO] trainer: epoch 204 step 100/135 loss=1.6912 lr=1.33e-04
2026-07-17 10:35:06,712 [INFO] trainer: epoch 204 done train_loss=1.6616 dt=38.9s
2026-07-17 10:35:21,084 [INFO] trainer: epoch 205 step 50/135 loss=1.6647 lr=1.32e-04
2026-07-17 10:35:34,545 [INFO] trainer: epoch 205 step 100/135 loss=1.6720 lr=1.32e-04
2026-07-17 10:35:43,886 [INFO] trainer: epoch 205 done train_loss=1.6587 dt=37.2s
2026-07-17 10:35:58,171 [INFO] trainer: epoch 206 step 50/135 loss=1.6803 lr=1.32e-04
2026-07-17 10:36:11,667 [INFO] trainer: epoch 206 step 100/135 loss=1.6141 lr=1.31e-04
2026-07-17 10:36:21,102 [INFO] trainer: epoch 206 done train_loss=1.6488 dt=37.2s
2026-07-17 10:36:35,294 [INFO] trainer: epoch 207 step 50/135 loss=1.6412 lr=1.31e-04
2026-07-17 10:36:48,786 [INFO] trainer: epoch 207 step 100/135 loss=1.6417 lr=1.31e-04
2026-07-17 10:36:58,229 [INFO] trainer: epoch 207 done train_loss=1.6605 dt=37.1s
2026-07-17 10:37:12,576 [INFO] trainer: epoch 208 step 50/135 loss=1.6823 lr=1.30e-04
2026-07-17 10:37:26,009 [INFO] trainer: epoch 208 step 100/135 loss=1.6520 lr=1.30e-04
2026-07-17 10:37:35,421 [INFO] trainer: epoch 208 done train_loss=1.6714 dt=37.2s
2026-07-17 10:37:49,855 [INFO] trainer: epoch 209 step 50/135 loss=1.6875 lr=1.30e-04
2026-07-17 10:38:03,153 [INFO] trainer: epoch 209 step 100/135 loss=1.6316 lr=1.30e-04
2026-07-17 10:38:17,803 [INFO] trainer: epoch 209 done train_loss=1.6531 dt=42.4s
2026-07-17 10:38:32,137 [INFO] trainer: epoch 210 step 50/135 loss=1.6609 lr=1.29e-04
2026-07-17 10:38:45,467 [INFO] trainer: epoch 210 step 100/135 loss=1.6750 lr=1.29e-04
2026-07-17 10:38:54,801 [INFO] trainer: epoch 210 done train_loss=1.6607 dt=37.0s
2026-07-17 10:39:14,970 [INFO] trainer: epoch 211 step 50/135 loss=1.6645 lr=1.29e-04
2026-07-17 10:39:28,498 [INFO] trainer: epoch 211 step 100/135 loss=1.6706 lr=1.28e-04
2026-07-17 10:39:37,920 [INFO] trainer: epoch 211 done train_loss=1.6616 dt=37.3s
2026-07-17 10:39:52,283 [INFO] trainer: epoch 212 step 50/135 loss=1.6702 lr=1.28e-04
2026-07-17 10:40:05,670 [INFO] trainer: epoch 212 step 100/135 loss=1.6400 lr=1.28e-04
2026-07-17 10:40:15,078 [INFO] trainer: epoch 212 done train_loss=1.6408 dt=37.2s
2026-07-17 10:40:29,296 [INFO] trainer: epoch 213 step 50/135 loss=1.6732 lr=1.27e-04
2026-07-17 10:40:43,772 [INFO] trainer: epoch 213 step 100/135 loss=1.6614 lr=1.27e-04
2026-07-17 10:40:53,115 [INFO] trainer: epoch 213 done train_loss=1.6504 dt=38.0s
2026-07-17 10:41:07,300 [INFO] trainer: epoch 214 step 50/135 loss=1.6830 lr=1.27e-04
2026-07-17 10:41:20,643 [INFO] trainer: epoch 214 step 100/135 loss=1.6812 lr=1.27e-04
2026-07-17 10:41:29,973 [INFO] trainer: epoch 214 done train_loss=1.6710 dt=36.9s
2026-07-17 10:41:44,274 [INFO] trainer: epoch 215 step 50/135 loss=1.6516 lr=1.26e-04
2026-07-17 10:41:57,820 [INFO] trainer: epoch 215 step 100/135 loss=1.5964 lr=1.26e-04
2026-07-17 10:42:07,269 [INFO] trainer: epoch 215 done train_loss=1.6524 dt=37.3s
2026-07-17 10:42:21,529 [INFO] trainer: epoch 216 step 50/135 loss=1.6872 lr=1.26e-04
2026-07-17 10:42:34,965 [INFO] trainer: epoch 216 step 100/135 loss=1.6791 lr=1.25e-04
2026-07-17 10:42:44,369 [INFO] trainer: epoch 216 done train_loss=1.6628 dt=37.1s
2026-07-17 10:42:58,764 [INFO] trainer: epoch 217 step 50/135 loss=1.6158 lr=1.25e-04
2026-07-17 10:43:12,261 [INFO] trainer: epoch 217 step 100/135 loss=1.6632 lr=1.25e-04
2026-07-17 10:43:21,688 [INFO] trainer: epoch 217 done train_loss=1.6375 dt=37.3s
2026-07-17 10:43:35,987 [INFO] trainer: epoch 218 step 50/135 loss=1.6577 lr=1.24e-04
2026-07-17 10:43:49,321 [INFO] trainer: epoch 218 step 100/135 loss=1.6431 lr=1.24e-04
2026-07-17 10:43:58,698 [INFO] trainer: epoch 218 done train_loss=1.6529 dt=37.0s
2026-07-17 10:44:12,970 [INFO] trainer: epoch 219 step 50/135 loss=1.6201 lr=1.24e-04
2026-07-17 10:44:26,325 [INFO] trainer: epoch 219 step 100/135 loss=1.6783 lr=1.23e-04
2026-07-17 10:44:35,653 [INFO] trainer: epoch 219 done train_loss=1.6587 dt=37.0s
2026-07-17 10:44:49,723 [INFO] trainer: epoch 220 step 50/135 loss=1.6682 lr=1.23e-04
2026-07-17 10:45:03,165 [INFO] trainer: epoch 220 step 100/135 loss=1.6644 lr=1.23e-04
2026-07-17 10:45:12,546 [INFO] trainer: epoch 220 done train_loss=1.6604 dt=36.9s
2026-07-17 10:45:32,222 [INFO] trainer: epoch 221 step 50/135 loss=1.6501 lr=1.22e-04
2026-07-17 10:45:45,603 [INFO] trainer: epoch 221 step 100/135 loss=1.6665 lr=1.22e-04
2026-07-17 10:45:54,973 [INFO] trainer: epoch 221 done train_loss=1.6614 dt=37.1s
2026-07-17 10:46:09,272 [INFO] trainer: epoch 222 step 50/135 loss=1.6289 lr=1.22e-04
2026-07-17 10:46:22,802 [INFO] trainer: epoch 222 step 100/135 loss=1.6771 lr=1.22e-04
2026-07-17 10:46:32,202 [INFO] trainer: epoch 222 done train_loss=1.6531 dt=37.2s
2026-07-17 10:46:46,676 [INFO] trainer: epoch 223 step 50/135 loss=1.6488 lr=1.21e-04
2026-07-17 10:47:00,097 [INFO] trainer: epoch 223 step 100/135 loss=1.6288 lr=1.21e-04
2026-07-17 10:47:09,483 [INFO] trainer: epoch 223 done train_loss=1.6375 dt=37.3s
2026-07-17 10:47:23,829 [INFO] trainer: epoch 224 step 50/135 loss=1.6101 lr=1.21e-04
2026-07-17 10:47:37,233 [INFO] trainer: epoch 224 step 100/135 loss=1.6399 lr=1.20e-04
2026-07-17 10:47:46,580 [INFO] trainer: epoch 224 done train_loss=1.6342 dt=37.1s
2026-07-17 10:48:00,903 [INFO] trainer: epoch 225 step 50/135 loss=1.6301 lr=1.20e-04
2026-07-17 10:48:14,360 [INFO] trainer: epoch 225 step 100/135 loss=1.6216 lr=1.20e-04
2026-07-17 10:48:23,764 [INFO] trainer: epoch 225 done train_loss=1.6361 dt=37.2s
2026-07-17 10:49:13,361 [INFO] trainer: epoch 225 val_mean_dice=0.5734
2026-07-17 10:49:33,562 [INFO] trainer: epoch 226 step 50/135 loss=1.6500 lr=1.19e-04
2026-07-17 10:49:46,965 [INFO] trainer: epoch 226 step 100/135 loss=1.6478 lr=1.19e-04
2026-07-17 10:49:56,335 [INFO] trainer: epoch 226 done train_loss=1.6548 dt=37.5s
2026-07-17 10:50:10,664 [INFO] trainer: epoch 227 step 50/135 loss=1.6478 lr=1.19e-04
2026-07-17 10:50:24,109 [INFO] trainer: epoch 227 step 100/135 loss=1.6179 lr=1.18e-04
2026-07-17 10:50:33,495 [INFO] trainer: epoch 227 done train_loss=1.6395 dt=37.2s
2026-07-17 10:50:47,695 [INFO] trainer: epoch 228 step 50/135 loss=1.6019 lr=1.18e-04
2026-07-17 10:51:01,144 [INFO] trainer: epoch 228 step 100/135 loss=1.6500 lr=1.18e-04
2026-07-17 10:51:10,553 [INFO] trainer: epoch 228 done train_loss=1.6359 dt=37.1s
2026-07-17 10:51:24,972 [INFO] trainer: epoch 229 step 50/135 loss=1.6205 lr=1.17e-04
2026-07-17 10:51:38,423 [INFO] trainer: epoch 229 step 100/135 loss=1.6322 lr=1.17e-04
2026-07-17 10:51:47,840 [INFO] trainer: epoch 229 done train_loss=1.6273 dt=37.3s
2026-07-17 10:52:02,450 [INFO] trainer: epoch 230 step 50/135 loss=1.6267 lr=1.17e-04
2026-07-17 10:52:15,925 [INFO] trainer: epoch 230 step 100/135 loss=1.6478 lr=1.17e-04
2026-07-17 10:52:25,338 [INFO] trainer: epoch 230 done train_loss=1.6445 dt=37.5s
2026-07-17 10:52:45,018 [INFO] trainer: epoch 231 step 50/135 loss=1.6447 lr=1.16e-04
2026-07-17 10:52:58,507 [INFO] trainer: epoch 231 step 100/135 loss=1.6375 lr=1.16e-04
2026-07-17 10:53:07,909 [INFO] trainer: epoch 231 done train_loss=1.6379 dt=37.2s
2026-07-17 10:53:22,210 [INFO] trainer: epoch 232 step 50/135 loss=1.6210 lr=1.16e-04
2026-07-17 10:53:35,732 [INFO] trainer: epoch 232 step 100/135 loss=1.6293 lr=1.15e-04
2026-07-17 10:53:45,140 [INFO] trainer: epoch 232 done train_loss=1.6253 dt=37.2s
2026-07-17 10:53:59,387 [INFO] trainer: epoch 233 step 50/135 loss=1.6798 lr=1.15e-04
2026-07-17 10:54:12,845 [INFO] trainer: epoch 233 step 100/135 loss=1.6736 lr=1.15e-04
2026-07-17 10:54:22,239 [INFO] trainer: epoch 233 done train_loss=1.6699 dt=37.1s
2026-07-17 10:54:36,452 [INFO] trainer: epoch 234 step 50/135 loss=1.6523 lr=1.14e-04
2026-07-17 10:54:49,761 [INFO] trainer: epoch 234 step 100/135 loss=1.6248 lr=1.14e-04
2026-07-17 10:54:59,178 [INFO] trainer: epoch 234 done train_loss=1.6520 dt=36.9s
2026-07-17 10:55:13,538 [INFO] trainer: epoch 235 step 50/135 loss=1.6143 lr=1.14e-04
2026-07-17 10:55:26,995 [INFO] trainer: epoch 235 step 100/135 loss=1.6054 lr=1.13e-04
2026-07-17 10:55:36,512 [INFO] trainer: epoch 235 done train_loss=1.6164 dt=37.3s
2026-07-17 10:55:50,766 [INFO] trainer: epoch 236 step 50/135 loss=1.6397 lr=1.13e-04
2026-07-17 10:56:04,186 [INFO] trainer: epoch 236 step 100/135 loss=1.6084 lr=1.13e-04
2026-07-17 10:56:13,576 [INFO] trainer: epoch 236 done train_loss=1.6321 dt=37.1s
2026-07-17 10:56:27,992 [INFO] trainer: epoch 237 step 50/135 loss=1.6140 lr=1.12e-04
2026-07-17 10:56:41,389 [INFO] trainer: epoch 237 step 100/135 loss=1.6438 lr=1.12e-04
2026-07-17 10:56:50,787 [INFO] trainer: epoch 237 done train_loss=1.6318 dt=37.2s
2026-07-17 10:57:05,140 [INFO] trainer: epoch 238 step 50/135 loss=1.6288 lr=1.12e-04
2026-07-17 10:57:18,531 [INFO] trainer: epoch 238 step 100/135 loss=1.6352 lr=1.11e-04
2026-07-17 10:57:27,922 [INFO] trainer: epoch 238 done train_loss=1.6164 dt=37.1s
2026-07-17 10:57:42,362 [INFO] trainer: epoch 239 step 50/135 loss=1.6560 lr=1.11e-04
2026-07-17 10:57:55,814 [INFO] trainer: epoch 239 step 100/135 loss=1.6278 lr=1.11e-04
2026-07-17 10:58:05,354 [INFO] trainer: epoch 239 done train_loss=1.6138 dt=37.4s
2026-07-17 10:58:19,627 [INFO] trainer: epoch 240 step 50/135 loss=1.6271 lr=1.10e-04
2026-07-17 10:58:33,086 [INFO] trainer: epoch 240 step 100/135 loss=1.6217 lr=1.10e-04
2026-07-17 10:58:42,442 [INFO] trainer: epoch 240 done train_loss=1.6315 dt=37.1s
2026-07-17 10:59:02,129 [INFO] trainer: epoch 241 step 50/135 loss=1.5698 lr=1.10e-04
2026-07-17 10:59:15,464 [INFO] trainer: epoch 241 step 100/135 loss=1.6288 lr=1.10e-04
2026-07-17 10:59:24,860 [INFO] trainer: epoch 241 done train_loss=1.6130 dt=37.2s
2026-07-17 10:59:39,316 [INFO] trainer: epoch 242 step 50/135 loss=1.6124 lr=1.09e-04
2026-07-17 10:59:52,747 [INFO] trainer: epoch 242 step 100/135 loss=1.6325 lr=1.09e-04
2026-07-17 11:00:02,142 [INFO] trainer: epoch 242 done train_loss=1.6356 dt=37.3s
2026-07-17 11:00:16,380 [INFO] trainer: epoch 243 step 50/135 loss=1.5969 lr=1.09e-04
2026-07-17 11:00:29,751 [INFO] trainer: epoch 243 step 100/135 loss=1.6307 lr=1.08e-04
2026-07-17 11:00:39,125 [INFO] trainer: epoch 243 done train_loss=1.6232 dt=37.0s
2026-07-17 11:00:53,194 [INFO] trainer: epoch 244 step 50/135 loss=1.6612 lr=1.08e-04
2026-07-17 11:01:06,619 [INFO] trainer: epoch 244 step 100/135 loss=1.5742 lr=1.08e-04
2026-07-17 11:01:16,037 [INFO] trainer: epoch 244 done train_loss=1.6224 dt=36.9s
2026-07-17 11:01:30,872 [INFO] trainer: epoch 245 step 50/135 loss=1.6638 lr=1.07e-04
2026-07-17 11:01:46,292 [INFO] trainer: epoch 245 step 100/135 loss=1.6208 lr=1.07e-04
2026-07-17 11:02:04,273 [INFO] trainer: epoch 245 done train_loss=1.6250 dt=48.2s
2026-07-17 11:02:18,572 [INFO] trainer: epoch 246 step 50/135 loss=1.6232 lr=1.07e-04
2026-07-17 11:02:31,953 [INFO] trainer: epoch 246 step 100/135 loss=1.6034 lr=1.06e-04
2026-07-17 11:02:41,292 [INFO] trainer: epoch 246 done train_loss=1.6091 dt=37.0s
2026-07-17 11:02:55,522 [INFO] trainer: epoch 247 step 50/135 loss=1.6503 lr=1.06e-04
2026-07-17 11:03:08,862 [INFO] trainer: epoch 247 step 100/135 loss=1.5667 lr=1.06e-04
2026-07-17 11:03:18,212 [INFO] trainer: epoch 247 done train_loss=1.6147 dt=36.9s
2026-07-17 11:03:32,355 [INFO] trainer: epoch 248 step 50/135 loss=1.6222 lr=1.05e-04
2026-07-17 11:03:45,844 [INFO] trainer: epoch 248 step 100/135 loss=1.6052 lr=1.05e-04
2026-07-17 11:03:55,178 [INFO] trainer: epoch 248 done train_loss=1.6112 dt=37.0s
2026-07-17 11:04:09,699 [INFO] trainer: epoch 249 step 50/135 loss=1.5814 lr=1.05e-04
2026-07-17 11:04:23,495 [INFO] trainer: epoch 249 step 100/135 loss=1.6035 lr=1.04e-04
2026-07-17 11:04:32,930 [INFO] trainer: epoch 249 done train_loss=1.5827 dt=37.8s
2026-07-17 11:04:47,396 [INFO] trainer: epoch 250 step 50/135 loss=1.6053 lr=1.04e-04
2026-07-17 11:05:00,928 [INFO] trainer: epoch 250 step 100/135 loss=1.6016 lr=1.04e-04
2026-07-17 11:05:10,373 [INFO] trainer: epoch 250 done train_loss=1.6125 dt=37.4s
2026-07-17 11:06:03,154 [INFO] trainer: epoch 250 val_mean_dice=0.5674
2026-07-17 11:06:23,252 [INFO] trainer: epoch 251 step 50/135 loss=1.6008 lr=1.03e-04
2026-07-17 11:06:36,595 [INFO] trainer: epoch 251 step 100/135 loss=1.5972 lr=1.03e-04
2026-07-17 11:06:45,941 [INFO] trainer: epoch 251 done train_loss=1.6014 dt=37.1s
2026-07-17 11:07:00,268 [INFO] trainer: epoch 252 step 50/135 loss=1.6296 lr=1.03e-04
2026-07-17 11:07:13,707 [INFO] trainer: epoch 252 step 100/135 loss=1.5817 lr=1.03e-04
2026-07-17 11:07:23,121 [INFO] trainer: epoch 252 done train_loss=1.6100 dt=37.2s
2026-07-17 11:07:37,613 [INFO] trainer: epoch 253 step 50/135 loss=1.6144 lr=1.02e-04
2026-07-17 11:07:51,119 [INFO] trainer: epoch 253 step 100/135 loss=1.5569 lr=1.02e-04
2026-07-17 11:08:00,566 [INFO] trainer: epoch 253 done train_loss=1.5925 dt=37.4s
2026-07-17 11:08:14,943 [INFO] trainer: epoch 254 step 50/135 loss=1.6069 lr=1.02e-04
2026-07-17 11:08:28,403 [INFO] trainer: epoch 254 step 100/135 loss=1.6321 lr=1.01e-04
2026-07-17 11:08:37,811 [INFO] trainer: epoch 254 done train_loss=1.6220 dt=37.2s
2026-07-17 11:08:51,953 [INFO] trainer: epoch 255 step 50/135 loss=1.5907 lr=1.01e-04
2026-07-17 11:09:05,367 [INFO] trainer: epoch 255 step 100/135 loss=1.6085 lr=1.01e-04
2026-07-17 11:09:14,732 [INFO] trainer: epoch 255 done train_loss=1.5939 dt=36.9s
2026-07-17 11:09:29,016 [INFO] trainer: epoch 256 step 50/135 loss=1.5700 lr=1.00e-04
2026-07-17 11:09:42,528 [INFO] trainer: epoch 256 step 100/135 loss=1.5835 lr=1.00e-04
2026-07-17 11:09:51,982 [INFO] trainer: epoch 256 done train_loss=1.5863 dt=37.2s
2026-07-17 11:10:06,359 [INFO] trainer: epoch 257 step 50/135 loss=1.5744 lr=9.96e-05
2026-07-17 11:10:19,748 [INFO] trainer: epoch 257 step 100/135 loss=1.6122 lr=9.94e-05
2026-07-17 11:10:29,112 [INFO] trainer: epoch 257 done train_loss=1.5746 dt=37.1s
2026-07-17 11:10:43,420 [INFO] trainer: epoch 258 step 50/135 loss=1.5980 lr=9.90e-05
2026-07-17 11:10:56,756 [INFO] trainer: epoch 258 step 100/135 loss=1.5948 lr=9.88e-05
2026-07-17 11:11:06,106 [INFO] trainer: epoch 258 done train_loss=1.6022 dt=37.0s
2026-07-17 11:11:20,495 [INFO] trainer: epoch 259 step 50/135 loss=1.5781 lr=9.84e-05
2026-07-17 11:11:33,899 [INFO] trainer: epoch 259 step 100/135 loss=1.5739 lr=9.81e-05
2026-07-17 11:11:43,243 [INFO] trainer: epoch 259 done train_loss=1.5835 dt=37.1s
2026-07-17 11:11:57,598 [INFO] trainer: epoch 260 step 50/135 loss=1.5926 lr=9.77e-05
2026-07-17 11:12:10,985 [INFO] trainer: epoch 260 step 100/135 loss=1.6051 lr=9.75e-05
2026-07-17 11:12:20,377 [INFO] trainer: epoch 260 done train_loss=1.5948 dt=37.1s
2026-07-17 11:12:40,238 [INFO] trainer: epoch 261 step 50/135 loss=1.5984 lr=9.71e-05
2026-07-17 11:12:53,590 [INFO] trainer: epoch 261 step 100/135 loss=1.5620 lr=9.68e-05
2026-07-17 11:13:02,952 [INFO] trainer: epoch 261 done train_loss=1.5741 dt=37.2s
2026-07-17 11:13:17,396 [INFO] trainer: epoch 262 step 50/135 loss=1.5957 lr=9.64e-05
2026-07-17 11:13:30,795 [INFO] trainer: epoch 262 step 100/135 loss=1.5802 lr=9.62e-05
2026-07-17 11:13:40,200 [INFO] trainer: epoch 262 done train_loss=1.5773 dt=37.2s
2026-07-17 11:13:54,407 [INFO] trainer: epoch 263 step 50/135 loss=1.5762 lr=9.58e-05
2026-07-17 11:14:07,736 [INFO] trainer: epoch 263 step 100/135 loss=1.6152 lr=9.56e-05
2026-07-17 11:14:17,102 [INFO] trainer: epoch 263 done train_loss=1.5772 dt=36.9s
2026-07-17 11:14:31,499 [INFO] trainer: epoch 264 step 50/135 loss=1.5412 lr=9.52e-05
2026-07-17 11:14:45,024 [INFO] trainer: epoch 264 step 100/135 loss=1.6162 lr=9.49e-05
2026-07-17 11:14:54,437 [INFO] trainer: epoch 264 done train_loss=1.5713 dt=37.3s
2026-07-17 11:15:08,890 [INFO] trainer: epoch 265 step 50/135 loss=1.6104 lr=9.45e-05
2026-07-17 11:15:22,469 [INFO] trainer: epoch 265 step 100/135 loss=1.5956 lr=9.43e-05
2026-07-17 11:15:31,969 [INFO] trainer: epoch 265 done train_loss=1.5985 dt=37.5s
2026-07-17 11:15:46,363 [INFO] trainer: epoch 266 step 50/135 loss=1.5376 lr=9.39e-05
2026-07-17 11:15:59,852 [INFO] trainer: epoch 266 step 100/135 loss=1.5963 lr=9.37e-05
2026-07-17 11:16:09,281 [INFO] trainer: epoch 266 done train_loss=1.5731 dt=37.3s
2026-07-17 11:16:23,744 [INFO] trainer: epoch 267 step 50/135 loss=1.5791 lr=9.33e-05
2026-07-17 11:16:37,243 [INFO] trainer: epoch 267 step 100/135 loss=1.5597 lr=9.30e-05
2026-07-17 11:16:46,665 [INFO] trainer: epoch 267 done train_loss=1.5712 dt=37.4s
2026-07-17 11:17:01,179 [INFO] trainer: epoch 268 step 50/135 loss=1.6012 lr=9.26e-05
2026-07-17 11:17:14,574 [INFO] trainer: epoch 268 step 100/135 loss=1.5781 lr=9.24e-05
2026-07-17 11:17:23,991 [INFO] trainer: epoch 268 done train_loss=1.5839 dt=37.3s
2026-07-17 11:17:38,501 [INFO] trainer: epoch 269 step 50/135 loss=1.5382 lr=9.20e-05
2026-07-17 11:17:51,867 [INFO] trainer: epoch 269 step 100/135 loss=1.5394 lr=9.17e-05
2026-07-17 11:18:01,273 [INFO] trainer: epoch 269 done train_loss=1.5397 dt=37.3s
2026-07-17 11:18:15,752 [INFO] trainer: epoch 270 step 50/135 loss=1.5770 lr=9.13e-05
2026-07-17 11:18:29,119 [INFO] trainer: epoch 270 step 100/135 loss=1.5326 lr=9.11e-05
2026-07-17 11:18:38,493 [INFO] trainer: epoch 270 done train_loss=1.5611 dt=37.2s
2026-07-17 11:18:58,059 [INFO] trainer: epoch 271 step 50/135 loss=1.5153 lr=9.07e-05
2026-07-17 11:19:11,501 [INFO] trainer: epoch 271 step 100/135 loss=1.5869 lr=9.05e-05
2026-07-17 11:19:20,901 [INFO] trainer: epoch 271 done train_loss=1.5580 dt=37.2s
2026-07-17 11:19:35,040 [INFO] trainer: epoch 272 step 50/135 loss=1.5481 lr=9.01e-05
2026-07-17 11:19:48,714 [INFO] trainer: epoch 272 step 100/135 loss=1.5562 lr=8.98e-05
2026-07-17 11:19:58,178 [INFO] trainer: epoch 272 done train_loss=1.5651 dt=37.3s
2026-07-17 11:20:12,540 [INFO] trainer: epoch 273 step 50/135 loss=1.5888 lr=8.94e-05
2026-07-17 11:20:26,039 [INFO] trainer: epoch 273 step 100/135 loss=1.5875 lr=8.92e-05
2026-07-17 11:20:35,454 [INFO] trainer: epoch 273 done train_loss=1.5774 dt=37.3s
2026-07-17 11:20:49,798 [INFO] trainer: epoch 274 step 50/135 loss=1.5906 lr=8.88e-05
2026-07-17 11:21:03,227 [INFO] trainer: epoch 274 step 100/135 loss=1.6051 lr=8.86e-05
2026-07-17 11:21:12,603 [INFO] trainer: epoch 274 done train_loss=1.5948 dt=37.1s
2026-07-17 11:21:26,803 [INFO] trainer: epoch 275 step 50/135 loss=1.5846 lr=8.82e-05
2026-07-17 11:21:40,276 [INFO] trainer: epoch 275 step 100/135 loss=1.5328 lr=8.79e-05
2026-07-17 11:21:49,696 [INFO] trainer: epoch 275 done train_loss=1.5717 dt=37.1s
2026-07-17 11:22:38,626 [INFO] trainer: epoch 275 val_mean_dice=0.5938
2026-07-17 11:22:58,895 [INFO] trainer: epoch 276 step 50/135 loss=1.5405 lr=8.75e-05
2026-07-17 11:23:12,357 [INFO] trainer: epoch 276 step 100/135 loss=1.5528 lr=8.73e-05
2026-07-17 11:23:21,755 [INFO] trainer: epoch 276 done train_loss=1.5513 dt=37.2s
2026-07-17 11:23:36,056 [INFO] trainer: epoch 277 step 50/135 loss=1.5371 lr=8.69e-05
2026-07-17 11:23:49,564 [INFO] trainer: epoch 277 step 100/135 loss=1.5716 lr=8.67e-05
2026-07-17 11:23:58,984 [INFO] trainer: epoch 277 done train_loss=1.5610 dt=37.2s
2026-07-17 11:24:13,380 [INFO] trainer: epoch 278 step 50/135 loss=1.5461 lr=8.63e-05
2026-07-17 11:24:26,899 [INFO] trainer: epoch 278 step 100/135 loss=1.5439 lr=8.60e-05
2026-07-17 11:24:36,346 [INFO] trainer: epoch 278 done train_loss=1.5476 dt=37.4s
2026-07-17 11:24:50,651 [INFO] trainer: epoch 279 step 50/135 loss=1.6006 lr=8.56e-05
2026-07-17 11:25:04,150 [INFO] trainer: epoch 279 step 100/135 loss=1.5527 lr=8.54e-05
2026-07-17 11:25:13,581 [INFO] trainer: epoch 279 done train_loss=1.5687 dt=37.2s
2026-07-17 11:25:27,948 [INFO] trainer: epoch 280 step 50/135 loss=1.5115 lr=8.50e-05
2026-07-17 11:25:41,468 [INFO] trainer: epoch 280 step 100/135 loss=1.5598 lr=8.48e-05
2026-07-17 11:25:50,892 [INFO] trainer: epoch 280 done train_loss=1.5432 dt=37.3s
2026-07-17 11:26:10,642 [INFO] trainer: epoch 281 step 50/135 loss=1.5498 lr=8.44e-05
2026-07-17 11:26:24,142 [INFO] trainer: epoch 281 step 100/135 loss=1.5432 lr=8.42e-05
2026-07-17 11:26:33,679 [INFO] trainer: epoch 281 done train_loss=1.5500 dt=37.5s
2026-07-17 11:26:48,002 [INFO] trainer: epoch 282 step 50/135 loss=1.5668 lr=8.38e-05
2026-07-17 11:27:01,458 [INFO] trainer: epoch 282 step 100/135 loss=1.5740 lr=8.35e-05
2026-07-17 11:27:10,864 [INFO] trainer: epoch 282 done train_loss=1.5686 dt=37.2s
2026-07-17 11:27:25,135 [INFO] trainer: epoch 283 step 50/135 loss=1.5526 lr=8.31e-05
2026-07-17 11:27:38,594 [INFO] trainer: epoch 283 step 100/135 loss=1.5756 lr=8.29e-05
2026-07-17 11:27:48,017 [INFO] trainer: epoch 283 done train_loss=1.5633 dt=37.2s
2026-07-17 11:28:02,315 [INFO] trainer: epoch 284 step 50/135 loss=1.5585 lr=8.25e-05
2026-07-17 11:28:15,911 [INFO] trainer: epoch 284 step 100/135 loss=1.5272 lr=8.23e-05
2026-07-17 11:28:25,354 [INFO] trainer: epoch 284 done train_loss=1.5488 dt=37.3s
2026-07-17 11:28:39,600 [INFO] trainer: epoch 285 step 50/135 loss=1.5954 lr=8.19e-05
2026-07-17 11:28:53,125 [INFO] trainer: epoch 285 step 100/135 loss=1.5509 lr=8.16e-05
2026-07-17 11:29:02,546 [INFO] trainer: epoch 285 done train_loss=1.5659 dt=37.2s
2026-07-17 11:29:17,073 [INFO] trainer: epoch 286 step 50/135 loss=1.5613 lr=8.12e-05
2026-07-17 11:29:30,558 [INFO] trainer: epoch 286 step 100/135 loss=1.5735 lr=8.10e-05
2026-07-17 11:29:39,964 [INFO] trainer: epoch 286 done train_loss=1.5700 dt=37.4s
2026-07-17 11:29:54,298 [INFO] trainer: epoch 287 step 50/135 loss=1.5207 lr=8.06e-05
2026-07-17 11:30:07,794 [INFO] trainer: epoch 287 step 100/135 loss=1.5609 lr=8.04e-05
2026-07-17 11:30:17,217 [INFO] trainer: epoch 287 done train_loss=1.5478 dt=37.3s
2026-07-17 11:30:31,600 [INFO] trainer: epoch 288 step 50/135 loss=1.5934 lr=8.00e-05
2026-07-17 11:30:45,067 [INFO] trainer: epoch 288 step 100/135 loss=1.5480 lr=7.98e-05
2026-07-17 11:30:54,459 [INFO] trainer: epoch 288 done train_loss=1.5662 dt=37.2s
2026-07-17 11:31:08,803 [INFO] trainer: epoch 289 step 50/135 loss=1.5630 lr=7.94e-05
2026-07-17 11:31:22,242 [INFO] trainer: epoch 289 step 100/135 loss=1.5872 lr=7.91e-05
2026-07-17 11:31:31,662 [INFO] trainer: epoch 289 done train_loss=1.5660 dt=37.2s
2026-07-17 11:31:46,009 [INFO] trainer: epoch 290 step 50/135 loss=1.5521 lr=7.88e-05
2026-07-17 11:31:59,447 [INFO] trainer: epoch 290 step 100/135 loss=1.5298 lr=7.85e-05
2026-07-17 11:32:08,842 [INFO] trainer: epoch 290 done train_loss=1.5468 dt=37.2s
2026-07-17 11:32:28,664 [INFO] trainer: epoch 291 step 50/135 loss=1.5548 lr=7.81e-05
2026-07-17 11:32:42,102 [INFO] trainer: epoch 291 step 100/135 loss=1.5274 lr=7.79e-05
2026-07-17 11:32:51,742 [INFO] trainer: epoch 291 done train_loss=1.5457 dt=37.6s
2026-07-17 11:33:06,237 [INFO] trainer: epoch 292 step 50/135 loss=1.5715 lr=7.75e-05
2026-07-17 11:33:19,729 [INFO] trainer: epoch 292 step 100/135 loss=1.5607 lr=7.73e-05
2026-07-17 11:33:29,130 [INFO] trainer: epoch 292 done train_loss=1.5614 dt=37.4s
2026-07-17 11:33:43,439 [INFO] trainer: epoch 293 step 50/135 loss=1.5000 lr=7.69e-05
2026-07-17 11:33:56,815 [INFO] trainer: epoch 293 step 100/135 loss=1.5495 lr=7.67e-05
2026-07-17 11:34:06,199 [INFO] trainer: epoch 293 done train_loss=1.5172 dt=37.1s
2026-07-17 11:34:20,691 [INFO] trainer: epoch 294 step 50/135 loss=1.5529 lr=7.63e-05
2026-07-17 11:34:34,192 [INFO] trainer: epoch 294 step 100/135 loss=1.5515 lr=7.60e-05
2026-07-17 11:34:43,605 [INFO] trainer: epoch 294 done train_loss=1.5505 dt=37.4s
2026-07-17 11:34:58,173 [INFO] trainer: epoch 295 step 50/135 loss=1.5186 lr=7.57e-05
2026-07-17 11:35:11,690 [INFO] trainer: epoch 295 step 100/135 loss=1.5537 lr=7.54e-05
2026-07-17 11:35:21,096 [INFO] trainer: epoch 295 done train_loss=1.5346 dt=37.5s
2026-07-17 11:35:35,533 [INFO] trainer: epoch 296 step 50/135 loss=1.5638 lr=7.50e-05
2026-07-17 11:35:49,032 [INFO] trainer: epoch 296 step 100/135 loss=1.5436 lr=7.48e-05
2026-07-17 11:35:58,450 [INFO] trainer: epoch 296 done train_loss=1.5422 dt=37.4s
2026-07-17 11:36:12,786 [INFO] trainer: epoch 297 step 50/135 loss=1.5516 lr=7.44e-05
2026-07-17 11:36:26,592 [INFO] trainer: epoch 297 step 100/135 loss=1.5253 lr=7.42e-05
2026-07-17 11:36:36,020 [INFO] trainer: epoch 297 done train_loss=1.5407 dt=37.6s
2026-07-17 11:36:50,373 [INFO] trainer: epoch 298 step 50/135 loss=1.5433 lr=7.38e-05
2026-07-17 11:37:03,755 [INFO] trainer: epoch 298 step 100/135 loss=1.5346 lr=7.36e-05
2026-07-17 11:37:13,111 [INFO] trainer: epoch 298 done train_loss=1.5365 dt=37.1s
2026-07-17 11:37:27,816 [INFO] trainer: epoch 299 step 50/135 loss=1.5442 lr=7.32e-05
2026-07-17 11:37:41,228 [INFO] trainer: epoch 299 step 100/135 loss=1.5236 lr=7.30e-05
2026-07-17 11:37:50,606 [INFO] trainer: epoch 299 done train_loss=1.5280 dt=37.5s
2026-07-17 11:38:04,907 [INFO] trainer: epoch 300 step 50/135 loss=1.5495 lr=7.26e-05
2026-07-17 11:38:18,385 [INFO] trainer: epoch 300 step 100/135 loss=1.5092 lr=7.24e-05
2026-07-17 11:38:27,739 [INFO] trainer: epoch 300 done train_loss=1.5316 dt=37.1s
2026-07-17 11:39:16,831 [INFO] trainer: epoch 300 val_mean_dice=0.5914
2026-07-17 11:39:36,619 [INFO] trainer: epoch 301 step 50/135 loss=1.5641 lr=7.20e-05
2026-07-17 11:39:50,118 [INFO] trainer: epoch 301 step 100/135 loss=1.5553 lr=7.17e-05
2026-07-17 11:39:59,554 [INFO] trainer: epoch 301 done train_loss=1.5465 dt=37.5s
2026-07-17 11:40:13,823 [INFO] trainer: epoch 302 step 50/135 loss=1.4931 lr=7.14e-05
2026-07-17 11:40:27,314 [INFO] trainer: epoch 302 step 100/135 loss=1.5785 lr=7.11e-05
2026-07-17 11:40:36,737 [INFO] trainer: epoch 302 done train_loss=1.5330 dt=37.2s
2026-07-17 11:40:51,059 [INFO] trainer: epoch 303 step 50/135 loss=1.5014 lr=7.07e-05
2026-07-17 11:41:04,423 [INFO] trainer: epoch 303 step 100/135 loss=1.5232 lr=7.05e-05
2026-07-17 11:41:13,747 [INFO] trainer: epoch 303 done train_loss=1.5144 dt=37.0s
2026-07-17 11:41:28,086 [INFO] trainer: epoch 304 step 50/135 loss=1.5283 lr=7.01e-05
2026-07-17 11:41:41,580 [INFO] trainer: epoch 304 step 100/135 loss=1.5059 lr=6.99e-05
2026-07-17 11:41:50,978 [INFO] trainer: epoch 304 done train_loss=1.5244 dt=37.2s
2026-07-17 11:42:05,220 [INFO] trainer: epoch 305 step 50/135 loss=1.5513 lr=6.95e-05
2026-07-17 11:42:18,668 [INFO] trainer: epoch 305 step 100/135 loss=1.4872 lr=6.93e-05
2026-07-17 11:42:28,071 [INFO] trainer: epoch 305 done train_loss=1.5133 dt=37.1s
2026-07-17 11:42:42,578 [INFO] trainer: epoch 306 step 50/135 loss=1.5193 lr=6.89e-05
2026-07-17 11:42:56,096 [INFO] trainer: epoch 306 step 100/135 loss=1.4827 lr=6.87e-05
2026-07-17 11:43:05,542 [INFO] trainer: epoch 306 done train_loss=1.4932 dt=37.5s
2026-07-17 11:43:20,063 [INFO] trainer: epoch 307 step 50/135 loss=1.5112 lr=6.83e-05
2026-07-17 11:43:33,559 [INFO] trainer: epoch 307 step 100/135 loss=1.4715 lr=6.81e-05
2026-07-17 11:43:42,962 [INFO] trainer: epoch 307 done train_loss=1.5189 dt=37.4s
2026-07-17 11:43:57,282 [INFO] trainer: epoch 308 step 50/135 loss=1.5065 lr=6.77e-05
2026-07-17 11:44:10,743 [INFO] trainer: epoch 308 step 100/135 loss=1.5574 lr=6.75e-05
2026-07-17 11:44:20,199 [INFO] trainer: epoch 308 done train_loss=1.5213 dt=37.2s
2026-07-17 11:44:34,846 [INFO] trainer: epoch 309 step 50/135 loss=1.5601 lr=6.71e-05
2026-07-17 11:44:48,409 [INFO] trainer: epoch 309 step 100/135 loss=1.5166 lr=6.69e-05
2026-07-17 11:44:57,869 [INFO] trainer: epoch 309 done train_loss=1.5442 dt=37.7s
2026-07-17 11:45:12,260 [INFO] trainer: epoch 310 step 50/135 loss=1.5204 lr=6.65e-05
2026-07-17 11:45:25,649 [INFO] trainer: epoch 310 step 100/135 loss=1.5058 lr=6.63e-05
2026-07-17 11:45:35,077 [INFO] trainer: epoch 310 done train_loss=1.5215 dt=37.2s
2026-07-17 11:45:55,064 [INFO] trainer: epoch 311 step 50/135 loss=1.5031 lr=6.59e-05
2026-07-17 11:46:08,529 [INFO] trainer: epoch 311 step 100/135 loss=1.5244 lr=6.57e-05
2026-07-17 11:46:17,946 [INFO] trainer: epoch 311 done train_loss=1.5235 dt=37.5s
2026-07-17 11:46:32,339 [INFO] trainer: epoch 312 step 50/135 loss=1.5087 lr=6.53e-05
2026-07-17 11:46:45,779 [INFO] trainer: epoch 312 step 100/135 loss=1.5037 lr=6.51e-05
2026-07-17 11:46:55,114 [INFO] trainer: epoch 312 done train_loss=1.5125 dt=37.2s
2026-07-17 11:47:09,379 [INFO] trainer: epoch 313 step 50/135 loss=1.4976 lr=6.47e-05
2026-07-17 11:47:22,750 [INFO] trainer: epoch 313 step 100/135 loss=1.5531 lr=6.45e-05
2026-07-17 11:47:32,103 [INFO] trainer: epoch 313 done train_loss=1.5195 dt=37.0s
2026-07-17 11:47:46,680 [INFO] trainer: epoch 314 step 50/135 loss=1.4785 lr=6.41e-05
2026-07-17 11:48:00,138 [INFO] trainer: epoch 314 step 100/135 loss=1.5415 lr=6.39e-05
2026-07-17 11:48:09,564 [INFO] trainer: epoch 314 done train_loss=1.5154 dt=37.5s
2026-07-17 11:48:24,282 [INFO] trainer: epoch 315 step 50/135 loss=1.4978 lr=6.35e-05
2026-07-17 11:48:37,846 [INFO] trainer: epoch 315 step 100/135 loss=1.4839 lr=6.33e-05
2026-07-17 11:48:47,339 [INFO] trainer: epoch 315 done train_loss=1.5003 dt=37.8s
2026-07-17 11:49:02,054 [INFO] trainer: epoch 316 step 50/135 loss=1.5121 lr=6.29e-05
2026-07-17 11:49:15,594 [INFO] trainer: epoch 316 step 100/135 loss=1.5248 lr=6.27e-05
2026-07-17 11:49:25,044 [INFO] trainer: epoch 316 done train_loss=1.5112 dt=37.7s
2026-07-17 11:49:39,640 [INFO] trainer: epoch 317 step 50/135 loss=1.4562 lr=6.24e-05
2026-07-17 11:49:53,129 [INFO] trainer: epoch 317 step 100/135 loss=1.5055 lr=6.21e-05
2026-07-17 11:50:02,559 [INFO] trainer: epoch 317 done train_loss=1.4944 dt=37.5s
2026-07-17 11:50:17,116 [INFO] trainer: epoch 318 step 50/135 loss=1.5439 lr=6.18e-05
2026-07-17 11:50:30,576 [INFO] trainer: epoch 318 step 100/135 loss=1.5134 lr=6.15e-05
2026-07-17 11:50:40,005 [INFO] trainer: epoch 318 done train_loss=1.5315 dt=37.4s
2026-07-17 11:50:54,500 [INFO] trainer: epoch 319 step 50/135 loss=1.5052 lr=6.12e-05
2026-07-17 11:51:08,078 [INFO] trainer: epoch 319 step 100/135 loss=1.4972 lr=6.10e-05
2026-07-17 11:51:17,536 [INFO] trainer: epoch 319 done train_loss=1.5109 dt=37.5s
2026-07-17 11:51:31,894 [INFO] trainer: epoch 320 step 50/135 loss=1.5259 lr=6.06e-05
2026-07-17 11:51:45,439 [INFO] trainer: epoch 320 step 100/135 loss=1.4383 lr=6.04e-05
2026-07-17 11:51:54,850 [INFO] trainer: epoch 320 done train_loss=1.4856 dt=37.3s
2026-07-17 11:52:16,086 [INFO] trainer: epoch 321 step 50/135 loss=1.5151 lr=6.00e-05
2026-07-17 11:52:29,613 [INFO] trainer: epoch 321 step 100/135 loss=1.5128 lr=5.98e-05
2026-07-17 11:52:39,035 [INFO] trainer: epoch 321 done train_loss=1.5092 dt=38.8s
2026-07-17 11:52:53,447 [INFO] trainer: epoch 322 step 50/135 loss=1.5199 lr=5.94e-05
2026-07-17 11:53:06,899 [INFO] trainer: epoch 322 step 100/135 loss=1.4618 lr=5.92e-05
2026-07-17 11:53:16,279 [INFO] trainer: epoch 322 done train_loss=1.4929 dt=37.2s
2026-07-17 11:53:30,501 [INFO] trainer: epoch 323 step 50/135 loss=1.4726 lr=5.88e-05
2026-07-17 11:53:44,006 [INFO] trainer: epoch 323 step 100/135 loss=1.5277 lr=5.86e-05
2026-07-17 11:53:53,430 [INFO] trainer: epoch 323 done train_loss=1.5080 dt=37.2s
2026-07-17 11:54:07,995 [INFO] trainer: epoch 324 step 50/135 loss=1.4974 lr=5.83e-05
2026-07-17 11:54:21,666 [INFO] trainer: epoch 324 step 100/135 loss=1.5100 lr=5.81e-05
2026-07-17 11:54:31,098 [INFO] trainer: epoch 324 done train_loss=1.5042 dt=37.7s
2026-07-17 11:54:45,311 [INFO] trainer: epoch 325 step 50/135 loss=1.4347 lr=5.77e-05
2026-07-17 11:54:58,780 [INFO] trainer: epoch 325 step 100/135 loss=1.5309 lr=5.75e-05
2026-07-17 11:55:08,197 [INFO] trainer: epoch 325 done train_loss=1.4957 dt=37.1s
2026-07-17 11:55:58,563 [INFO] trainer: epoch 325 val_mean_dice=0.6049
2026-07-17 11:56:18,398 [INFO] trainer: epoch 326 step 50/135 loss=1.5266 lr=5.71e-05
2026-07-17 11:56:31,866 [INFO] trainer: epoch 326 step 100/135 loss=1.5141 lr=5.69e-05
2026-07-17 11:56:41,260 [INFO] trainer: epoch 326 done train_loss=1.5003 dt=37.2s
2026-07-17 11:56:55,590 [INFO] trainer: epoch 327 step 50/135 loss=1.4755 lr=5.65e-05
2026-07-17 11:57:09,007 [INFO] trainer: epoch 327 step 100/135 loss=1.4977 lr=5.63e-05
2026-07-17 11:57:18,413 [INFO] trainer: epoch 327 done train_loss=1.5029 dt=37.2s
2026-07-17 11:57:32,779 [INFO] trainer: epoch 328 step 50/135 loss=1.5006 lr=5.60e-05
2026-07-17 11:57:46,237 [INFO] trainer: epoch 328 step 100/135 loss=1.5254 lr=5.58e-05
2026-07-17 11:57:55,622 [INFO] trainer: epoch 328 done train_loss=1.5053 dt=37.2s
2026-07-17 11:58:09,757 [INFO] trainer: epoch 329 step 50/135 loss=1.4858 lr=5.54e-05
2026-07-17 11:58:23,420 [INFO] trainer: epoch 329 step 100/135 loss=1.4794 lr=5.52e-05
2026-07-17 11:58:32,848 [INFO] trainer: epoch 329 done train_loss=1.4966 dt=37.2s
2026-07-17 11:58:47,188 [INFO] trainer: epoch 330 step 50/135 loss=1.4982 lr=5.48e-05
2026-07-17 11:59:00,708 [INFO] trainer: epoch 330 step 100/135 loss=1.5174 lr=5.46e-05
2026-07-17 11:59:10,131 [INFO] trainer: epoch 330 done train_loss=1.5083 dt=37.3s
2026-07-17 11:59:30,185 [INFO] trainer: epoch 331 step 50/135 loss=1.5004 lr=5.43e-05
2026-07-17 11:59:43,678 [INFO] trainer: epoch 331 step 100/135 loss=1.5127 lr=5.41e-05
2026-07-17 11:59:53,106 [INFO] trainer: epoch 331 done train_loss=1.4977 dt=37.4s
2026-07-17 12:00:07,689 [INFO] trainer: epoch 332 step 50/135 loss=1.4637 lr=5.37e-05
2026-07-17 12:00:21,104 [INFO] trainer: epoch 332 step 100/135 loss=1.5463 lr=5.35e-05
2026-07-17 12:00:30,499 [INFO] trainer: epoch 332 done train_loss=1.4936 dt=37.4s
2026-07-17 12:00:44,746 [INFO] trainer: epoch 333 step 50/135 loss=1.4791 lr=5.31e-05
2026-07-17 12:00:58,208 [INFO] trainer: epoch 333 step 100/135 loss=1.4719 lr=5.29e-05
2026-07-17 12:01:07,604 [INFO] trainer: epoch 333 done train_loss=1.4753 dt=37.1s
2026-07-17 12:01:22,064 [INFO] trainer: epoch 334 step 50/135 loss=1.4549 lr=5.26e-05
2026-07-17 12:01:35,561 [INFO] trainer: epoch 334 step 100/135 loss=1.5088 lr=5.24e-05
2026-07-17 12:01:44,967 [INFO] trainer: epoch 334 done train_loss=1.4870 dt=37.4s
2026-07-17 12:01:59,398 [INFO] trainer: epoch 335 step 50/135 loss=1.4651 lr=5.20e-05
2026-07-17 12:02:12,853 [INFO] trainer: epoch 335 step 100/135 loss=1.4721 lr=5.18e-05
2026-07-17 12:02:22,249 [INFO] trainer: epoch 335 done train_loss=1.4642 dt=37.3s
2026-07-17 12:02:36,631 [INFO] trainer: epoch 336 step 50/135 loss=1.5027 lr=5.15e-05
2026-07-17 12:02:50,073 [INFO] trainer: epoch 336 step 100/135 loss=1.4541 lr=5.13e-05
2026-07-17 12:02:59,466 [INFO] trainer: epoch 336 done train_loss=1.4713 dt=37.2s
2026-07-17 12:03:13,635 [INFO] trainer: epoch 337 step 50/135 loss=1.4712 lr=5.09e-05
2026-07-17 12:03:27,106 [INFO] trainer: epoch 337 step 100/135 loss=1.4666 lr=5.07e-05
2026-07-17 12:03:36,517 [INFO] trainer: epoch 337 done train_loss=1.4825 dt=37.1s
2026-07-17 12:03:50,844 [INFO] trainer: epoch 338 step 50/135 loss=1.4963 lr=5.04e-05
2026-07-17 12:04:04,362 [INFO] trainer: epoch 338 step 100/135 loss=1.4588 lr=5.02e-05
2026-07-17 12:04:13,765 [INFO] trainer: epoch 338 done train_loss=1.4876 dt=37.2s
2026-07-17 12:04:28,423 [INFO] trainer: epoch 339 step 50/135 loss=1.5084 lr=4.98e-05
2026-07-17 12:04:41,885 [INFO] trainer: epoch 339 step 100/135 loss=1.5017 lr=4.96e-05
2026-07-17 12:04:51,281 [INFO] trainer: epoch 339 done train_loss=1.4993 dt=37.5s
2026-07-17 12:05:05,703 [INFO] trainer: epoch 340 step 50/135 loss=1.4652 lr=4.93e-05
2026-07-17 12:05:19,174 [INFO] trainer: epoch 340 step 100/135 loss=1.4784 lr=4.91e-05
2026-07-17 12:05:28,584 [INFO] trainer: epoch 340 done train_loss=1.4754 dt=37.3s
2026-07-17 12:05:48,848 [INFO] trainer: epoch 341 step 50/135 loss=1.4663 lr=4.87e-05
2026-07-17 12:06:02,321 [INFO] trainer: epoch 341 step 100/135 loss=1.4514 lr=4.85e-05
2026-07-17 12:06:11,725 [INFO] trainer: epoch 341 done train_loss=1.4670 dt=37.4s
2026-07-17 12:06:26,041 [INFO] trainer: epoch 342 step 50/135 loss=1.4854 lr=4.82e-05
2026-07-17 12:06:39,499 [INFO] trainer: epoch 342 step 100/135 loss=1.4833 lr=4.80e-05
2026-07-17 12:06:48,890 [INFO] trainer: epoch 342 done train_loss=1.4731 dt=37.2s
2026-07-17 12:07:03,207 [INFO] trainer: epoch 343 step 50/135 loss=1.4605 lr=4.76e-05
2026-07-17 12:07:16,658 [INFO] trainer: epoch 343 step 100/135 loss=1.4871 lr=4.74e-05
2026-07-17 12:07:26,061 [INFO] trainer: epoch 343 done train_loss=1.4799 dt=37.2s
2026-07-17 12:07:40,392 [INFO] trainer: epoch 344 step 50/135 loss=1.4895 lr=4.71e-05
2026-07-17 12:07:53,815 [INFO] trainer: epoch 344 step 100/135 loss=1.4597 lr=4.69e-05
2026-07-17 12:08:03,158 [INFO] trainer: epoch 344 done train_loss=1.4815 dt=37.1s
2026-07-17 12:08:17,602 [INFO] trainer: epoch 345 step 50/135 loss=1.4685 lr=4.66e-05
2026-07-17 12:08:31,067 [INFO] trainer: epoch 345 step 100/135 loss=1.5054 lr=4.64e-05
2026-07-17 12:08:40,480 [INFO] trainer: epoch 345 done train_loss=1.4822 dt=37.3s
2026-07-17 12:08:54,834 [INFO] trainer: epoch 346 step 50/135 loss=1.4659 lr=4.60e-05
2026-07-17 12:09:08,270 [INFO] trainer: epoch 346 step 100/135 loss=1.4729 lr=4.58e-05
2026-07-17 12:09:17,673 [INFO] trainer: epoch 346 done train_loss=1.4771 dt=37.2s
2026-07-17 12:09:32,087 [INFO] trainer: epoch 347 step 50/135 loss=1.4921 lr=4.55e-05
2026-07-17 12:09:45,484 [INFO] trainer: epoch 347 step 100/135 loss=1.4738 lr=4.53e-05
2026-07-17 12:09:54,826 [INFO] trainer: epoch 347 done train_loss=1.4726 dt=37.2s
2026-07-17 12:10:09,107 [INFO] trainer: epoch 348 step 50/135 loss=1.4565 lr=4.50e-05
2026-07-17 12:10:22,605 [INFO] trainer: epoch 348 step 100/135 loss=1.4691 lr=4.48e-05
2026-07-17 12:10:32,022 [INFO] trainer: epoch 348 done train_loss=1.4726 dt=37.2s
2026-07-17 12:10:46,566 [INFO] trainer: epoch 349 step 50/135 loss=1.4698 lr=4.44e-05
2026-07-17 12:11:00,011 [INFO] trainer: epoch 349 step 100/135 loss=1.4730 lr=4.42e-05
2026-07-17 12:11:09,427 [INFO] trainer: epoch 349 done train_loss=1.4817 dt=37.4s
2026-07-17 12:11:23,643 [INFO] trainer: epoch 350 step 50/135 loss=1.4837 lr=4.39e-05
2026-07-17 12:11:37,080 [INFO] trainer: epoch 350 step 100/135 loss=1.4766 lr=4.37e-05
2026-07-17 12:11:46,414 [INFO] trainer: epoch 350 done train_loss=1.4805 dt=37.0s
2026-07-17 12:12:36,966 [INFO] trainer: epoch 350 val_mean_dice=0.6152
2026-07-17 12:13:02,622 [INFO] trainer: epoch 351 step 50/135 loss=1.4957 lr=4.34e-05
2026-07-17 12:13:16,164 [INFO] trainer: epoch 351 step 100/135 loss=1.4683 lr=4.32e-05
2026-07-17 12:13:25,613 [INFO] trainer: epoch 351 done train_loss=1.4869 dt=37.4s
2026-07-17 12:13:40,022 [INFO] trainer: epoch 352 step 50/135 loss=1.4962 lr=4.29e-05
2026-07-17 12:13:53,489 [INFO] trainer: epoch 352 step 100/135 loss=1.4544 lr=4.27e-05
2026-07-17 12:14:02,906 [INFO] trainer: epoch 352 done train_loss=1.4723 dt=37.3s
2026-07-17 12:14:17,420 [INFO] trainer: epoch 353 step 50/135 loss=1.4341 lr=4.23e-05
2026-07-17 12:14:30,957 [INFO] trainer: epoch 353 step 100/135 loss=1.4616 lr=4.22e-05
2026-07-17 12:14:40,322 [INFO] trainer: epoch 353 done train_loss=1.4601 dt=37.4s
2026-07-17 12:14:54,667 [INFO] trainer: epoch 354 step 50/135 loss=1.4884 lr=4.18e-05
2026-07-17 12:15:08,132 [INFO] trainer: epoch 354 step 100/135 loss=1.4867 lr=4.16e-05
2026-07-17 12:15:17,535 [INFO] trainer: epoch 354 done train_loss=1.4784 dt=37.2s
2026-07-17 12:15:31,828 [INFO] trainer: epoch 355 step 50/135 loss=1.4559 lr=4.13e-05
2026-07-17 12:15:45,380 [INFO] trainer: epoch 355 step 100/135 loss=1.4567 lr=4.11e-05
2026-07-17 12:15:54,790 [INFO] trainer: epoch 355 done train_loss=1.4556 dt=37.3s
2026-07-17 12:16:09,305 [INFO] trainer: epoch 356 step 50/135 loss=1.5136 lr=4.08e-05
2026-07-17 12:16:22,819 [INFO] trainer: epoch 356 step 100/135 loss=1.4440 lr=4.06e-05
2026-07-17 12:16:32,242 [INFO] trainer: epoch 356 done train_loss=1.4778 dt=37.5s
2026-07-17 12:16:46,703 [INFO] trainer: epoch 357 step 50/135 loss=1.4837 lr=4.03e-05
2026-07-17 12:17:00,188 [INFO] trainer: epoch 357 step 100/135 loss=1.4674 lr=4.01e-05
2026-07-17 12:17:09,596 [INFO] trainer: epoch 357 done train_loss=1.4692 dt=37.4s
2026-07-17 12:17:23,955 [INFO] trainer: epoch 358 step 50/135 loss=1.4821 lr=3.98e-05
2026-07-17 12:17:37,424 [INFO] trainer: epoch 358 step 100/135 loss=1.4838 lr=3.96e-05
2026-07-17 12:17:46,843 [INFO] trainer: epoch 358 done train_loss=1.4712 dt=37.2s
2026-07-17 12:18:01,038 [INFO] trainer: epoch 359 step 50/135 loss=1.4650 lr=3.93e-05
2026-07-17 12:18:14,514 [INFO] trainer: epoch 359 step 100/135 loss=1.4863 lr=3.91e-05
2026-07-17 12:18:23,932 [INFO] trainer: epoch 359 done train_loss=1.4662 dt=37.1s
2026-07-17 12:18:38,360 [INFO] trainer: epoch 360 step 50/135 loss=1.4715 lr=3.88e-05
2026-07-17 12:18:51,764 [INFO] trainer: epoch 360 step 100/135 loss=1.4971 lr=3.86e-05
2026-07-17 12:19:01,118 [INFO] trainer: epoch 360 done train_loss=1.4831 dt=37.2s
2026-07-17 12:19:21,114 [INFO] trainer: epoch 361 step 50/135 loss=1.4824 lr=3.83e-05
2026-07-17 12:19:34,626 [INFO] trainer: epoch 361 step 100/135 loss=1.4491 lr=3.81e-05
2026-07-17 12:19:44,029 [INFO] trainer: epoch 361 done train_loss=1.4547 dt=37.3s
2026-07-17 12:19:58,458 [INFO] trainer: epoch 362 step 50/135 loss=1.4539 lr=3.78e-05
2026-07-17 12:20:11,947 [INFO] trainer: epoch 362 step 100/135 loss=1.4073 lr=3.76e-05
2026-07-17 12:20:21,368 [INFO] trainer: epoch 362 done train_loss=1.4348 dt=37.3s
2026-07-17 12:20:35,736 [INFO] trainer: epoch 363 step 50/135 loss=1.4323 lr=3.73e-05
2026-07-17 12:20:49,218 [INFO] trainer: epoch 363 step 100/135 loss=1.5247 lr=3.71e-05
2026-07-17 12:20:58,644 [INFO] trainer: epoch 363 done train_loss=1.4825 dt=37.3s
2026-07-17 12:21:13,292 [INFO] trainer: epoch 364 step 50/135 loss=1.4290 lr=3.68e-05
2026-07-17 12:21:26,768 [INFO] trainer: epoch 364 step 100/135 loss=1.4605 lr=3.66e-05
2026-07-17 12:21:36,170 [INFO] trainer: epoch 364 done train_loss=1.4471 dt=37.5s
2026-07-17 12:21:50,591 [INFO] trainer: epoch 365 step 50/135 loss=1.4870 lr=3.63e-05
2026-07-17 12:22:04,031 [INFO] trainer: epoch 365 step 100/135 loss=1.4771 lr=3.61e-05
2026-07-17 12:22:13,447 [INFO] trainer: epoch 365 done train_loss=1.4818 dt=37.3s
2026-07-17 12:22:28,015 [INFO] trainer: epoch 366 step 50/135 loss=1.5008 lr=3.58e-05
2026-07-17 12:22:41,539 [INFO] trainer: epoch 366 step 100/135 loss=1.4555 lr=3.56e-05
2026-07-17 12:22:50,979 [INFO] trainer: epoch 366 done train_loss=1.4747 dt=37.5s
2026-07-17 12:23:05,338 [INFO] trainer: epoch 367 step 50/135 loss=1.4659 lr=3.53e-05
2026-07-17 12:23:18,840 [INFO] trainer: epoch 367 step 100/135 loss=1.4502 lr=3.52e-05
2026-07-17 12:23:28,278 [INFO] trainer: epoch 367 done train_loss=1.4594 dt=37.3s
2026-07-17 12:23:42,773 [INFO] trainer: epoch 368 step 50/135 loss=1.4627 lr=3.49e-05
2026-07-17 12:23:56,219 [INFO] trainer: epoch 368 step 100/135 loss=1.4694 lr=3.47e-05
2026-07-17 12:24:05,669 [INFO] trainer: epoch 368 done train_loss=1.4761 dt=37.4s
2026-07-17 12:24:20,092 [INFO] trainer: epoch 369 step 50/135 loss=1.4172 lr=3.44e-05
2026-07-17 12:24:33,637 [INFO] trainer: epoch 369 step 100/135 loss=1.5084 lr=3.42e-05
2026-07-17 12:24:43,095 [INFO] trainer: epoch 369 done train_loss=1.4607 dt=37.4s
2026-07-17 12:24:57,639 [INFO] trainer: epoch 370 step 50/135 loss=1.4500 lr=3.39e-05
2026-07-17 12:25:11,135 [INFO] trainer: epoch 370 step 100/135 loss=1.4793 lr=3.37e-05
2026-07-17 12:25:20,559 [INFO] trainer: epoch 370 done train_loss=1.4686 dt=37.5s
2026-07-17 12:25:40,605 [INFO] trainer: epoch 371 step 50/135 loss=1.4385 lr=3.34e-05
2026-07-17 12:25:54,044 [INFO] trainer: epoch 371 step 100/135 loss=1.4643 lr=3.33e-05
2026-07-17 12:26:03,498 [INFO] trainer: epoch 371 done train_loss=1.4424 dt=37.3s
2026-07-17 12:26:17,913 [INFO] trainer: epoch 372 step 50/135 loss=1.4793 lr=3.30e-05
2026-07-17 12:26:31,408 [INFO] trainer: epoch 372 step 100/135 loss=1.4970 lr=3.28e-05
2026-07-17 12:26:40,815 [INFO] trainer: epoch 372 done train_loss=1.4819 dt=37.3s
2026-07-17 12:26:55,092 [INFO] trainer: epoch 373 step 50/135 loss=1.4253 lr=3.25e-05
2026-07-17 12:27:08,532 [INFO] trainer: epoch 373 step 100/135 loss=1.4666 lr=3.23e-05
2026-07-17 12:27:17,939 [INFO] trainer: epoch 373 done train_loss=1.4470 dt=37.1s
2026-07-17 12:27:32,378 [INFO] trainer: epoch 374 step 50/135 loss=1.4567 lr=3.20e-05
2026-07-17 12:27:45,838 [INFO] trainer: epoch 374 step 100/135 loss=1.4553 lr=3.19e-05
2026-07-17 12:27:55,203 [INFO] trainer: epoch 374 done train_loss=1.4521 dt=37.3s
2026-07-17 12:28:09,450 [INFO] trainer: epoch 375 step 50/135 loss=1.4550 lr=3.16e-05
2026-07-17 12:28:22,882 [INFO] trainer: epoch 375 step 100/135 loss=1.4198 lr=3.14e-05
2026-07-17 12:28:32,268 [INFO] trainer: epoch 375 done train_loss=1.4502 dt=37.1s
2026-07-17 12:29:22,778 [INFO] trainer: epoch 375 val_mean_dice=0.6120
2026-07-17 12:29:37,170 [INFO] trainer: epoch 376 step 50/135 loss=1.4867 lr=3.11e-05
2026-07-17 12:29:50,585 [INFO] trainer: epoch 376 step 100/135 loss=1.4284 lr=3.09e-05
2026-07-17 12:29:59,977 [INFO] trainer: epoch 376 done train_loss=1.4641 dt=37.2s
2026-07-17 12:30:14,446 [INFO] trainer: epoch 377 step 50/135 loss=1.4722 lr=3.07e-05
2026-07-17 12:30:27,924 [INFO] trainer: epoch 377 step 100/135 loss=1.4042 lr=3.05e-05
2026-07-17 12:30:37,320 [INFO] trainer: epoch 377 done train_loss=1.4333 dt=37.3s
2026-07-17 12:30:51,534 [INFO] trainer: epoch 378 step 50/135 loss=1.4438 lr=3.02e-05
2026-07-17 12:31:04,975 [INFO] trainer: epoch 378 step 100/135 loss=1.4711 lr=3.00e-05
2026-07-17 12:31:14,380 [INFO] trainer: epoch 378 done train_loss=1.4624 dt=37.1s
2026-07-17 12:31:28,718 [INFO] trainer: epoch 379 step 50/135 loss=1.5144 lr=2.98e-05
2026-07-17 12:31:42,155 [INFO] trainer: epoch 379 step 100/135 loss=1.4722 lr=2.96e-05
2026-07-17 12:31:51,557 [INFO] trainer: epoch 379 done train_loss=1.4683 dt=37.2s
2026-07-17 12:32:05,795 [INFO] trainer: epoch 380 step 50/135 loss=1.4531 lr=2.93e-05
2026-07-17 12:32:19,136 [INFO] trainer: epoch 380 step 100/135 loss=1.4849 lr=2.91e-05
2026-07-17 12:32:28,470 [INFO] trainer: epoch 380 done train_loss=1.4541 dt=36.9s
2026-07-17 12:32:48,079 [INFO] trainer: epoch 381 step 50/135 loss=1.4968 lr=2.89e-05
2026-07-17 12:33:01,589 [INFO] trainer: epoch 381 step 100/135 loss=1.4505 lr=2.87e-05
2026-07-17 12:33:10,993 [INFO] trainer: epoch 381 done train_loss=1.4559 dt=37.3s
2026-07-17 12:33:25,294 [INFO] trainer: epoch 382 step 50/135 loss=1.4939 lr=2.84e-05
2026-07-17 12:33:38,755 [INFO] trainer: epoch 382 step 100/135 loss=1.4003 lr=2.83e-05
2026-07-17 12:33:48,179 [INFO] trainer: epoch 382 done train_loss=1.4419 dt=37.2s
2026-07-17 12:34:02,509 [INFO] trainer: epoch 383 step 50/135 loss=1.4690 lr=2.80e-05
2026-07-17 12:34:15,869 [INFO] trainer: epoch 383 step 100/135 loss=1.4534 lr=2.78e-05
2026-07-17 12:34:25,301 [INFO] trainer: epoch 383 done train_loss=1.4554 dt=37.1s
2026-07-17 12:34:39,703 [INFO] trainer: epoch 384 step 50/135 loss=1.4562 lr=2.75e-05
2026-07-17 12:34:53,179 [INFO] trainer: epoch 384 step 100/135 loss=1.4311 lr=2.74e-05
2026-07-17 12:35:02,538 [INFO] trainer: epoch 384 done train_loss=1.4525 dt=37.2s
2026-07-17 12:35:18,681 [INFO] trainer: epoch 385 step 50/135 loss=1.4576 lr=2.71e-05
2026-07-17 12:35:32,020 [INFO] trainer: epoch 385 step 100/135 loss=1.4186 lr=2.70e-05
2026-07-17 12:35:41,368 [INFO] trainer: epoch 385 done train_loss=1.4395 dt=38.8s
2026-07-17 12:35:55,854 [INFO] trainer: epoch 386 step 50/135 loss=1.4241 lr=2.67e-05
2026-07-17 12:36:09,316 [INFO] trainer: epoch 386 step 100/135 loss=1.4333 lr=2.65e-05
2026-07-17 12:36:18,726 [INFO] trainer: epoch 386 done train_loss=1.4335 dt=37.4s
2026-07-17 12:36:33,002 [INFO] trainer: epoch 387 step 50/135 loss=1.4778 lr=2.63e-05
2026-07-17 12:36:46,654 [INFO] trainer: epoch 387 step 100/135 loss=1.4390 lr=2.61e-05
2026-07-17 12:36:56,105 [INFO] trainer: epoch 387 done train_loss=1.4457 dt=37.4s
2026-07-17 12:37:10,483 [INFO] trainer: epoch 388 step 50/135 loss=1.4648 lr=2.58e-05
2026-07-17 12:37:23,993 [INFO] trainer: epoch 388 step 100/135 loss=1.4721 lr=2.57e-05
2026-07-17 12:37:33,441 [INFO] trainer: epoch 388 done train_loss=1.4482 dt=37.3s
2026-07-17 12:37:47,978 [INFO] trainer: epoch 389 step 50/135 loss=1.4676 lr=2.54e-05
2026-07-17 12:38:01,454 [INFO] trainer: epoch 389 step 100/135 loss=1.4552 lr=2.53e-05
2026-07-17 12:38:10,856 [INFO] trainer: epoch 389 done train_loss=1.4612 dt=37.4s
2026-07-17 12:38:25,203 [INFO] trainer: epoch 390 step 50/135 loss=1.4470 lr=2.50e-05
2026-07-17 12:38:38,755 [INFO] trainer: epoch 390 step 100/135 loss=1.4456 lr=2.48e-05
2026-07-17 12:38:48,217 [INFO] trainer: epoch 390 done train_loss=1.4497 dt=37.4s
2026-07-17 12:39:08,266 [INFO] trainer: epoch 391 step 50/135 loss=1.4936 lr=2.46e-05
2026-07-17 12:39:21,736 [INFO] trainer: epoch 391 step 100/135 loss=1.4604 lr=2.44e-05
2026-07-17 12:39:31,166 [INFO] trainer: epoch 391 done train_loss=1.4605 dt=37.5s
2026-07-17 12:39:45,478 [INFO] trainer: epoch 392 step 50/135 loss=1.3934 lr=2.42e-05
2026-07-17 12:39:58,934 [INFO] trainer: epoch 392 step 100/135 loss=1.4678 lr=2.40e-05
2026-07-17 12:40:08,316 [INFO] trainer: epoch 392 done train_loss=1.4305 dt=37.1s
2026-07-17 12:40:22,886 [INFO] trainer: epoch 393 step 50/135 loss=1.4527 lr=2.38e-05
2026-07-17 12:40:36,341 [INFO] trainer: epoch 393 step 100/135 loss=1.4561 lr=2.36e-05
2026-07-17 12:40:45,740 [INFO] trainer: epoch 393 done train_loss=1.4605 dt=37.4s
2026-07-17 12:41:00,320 [INFO] trainer: epoch 394 step 50/135 loss=1.4562 lr=2.34e-05
2026-07-17 12:41:13,739 [INFO] trainer: epoch 394 step 100/135 loss=1.4791 lr=2.32e-05
2026-07-17 12:41:23,086 [INFO] trainer: epoch 394 done train_loss=1.4600 dt=37.3s
2026-07-17 12:41:37,320 [INFO] trainer: epoch 395 step 50/135 loss=1.4858 lr=2.30e-05
2026-07-17 12:41:50,773 [INFO] trainer: epoch 395 step 100/135 loss=1.4494 lr=2.28e-05
2026-07-17 12:42:00,184 [INFO] trainer: epoch 395 done train_loss=1.4607 dt=37.1s
2026-07-17 12:42:14,539 [INFO] trainer: epoch 396 step 50/135 loss=1.4185 lr=2.26e-05
2026-07-17 12:42:27,991 [INFO] trainer: epoch 396 step 100/135 loss=1.4179 lr=2.24e-05
2026-07-17 12:42:37,387 [INFO] trainer: epoch 396 done train_loss=1.4291 dt=37.2s
2026-07-17 12:42:51,902 [INFO] trainer: epoch 397 step 50/135 loss=1.4668 lr=2.22e-05
2026-07-17 12:43:05,344 [INFO] trainer: epoch 397 step 100/135 loss=1.4520 lr=2.20e-05
2026-07-17 12:43:14,737 [INFO] trainer: epoch 397 done train_loss=1.4539 dt=37.3s
2026-07-17 12:43:29,156 [INFO] trainer: epoch 398 step 50/135 loss=1.4185 lr=2.18e-05
2026-07-17 12:43:42,585 [INFO] trainer: epoch 398 step 100/135 loss=1.4505 lr=2.16e-05
2026-07-17 12:43:51,999 [INFO] trainer: epoch 398 done train_loss=1.4396 dt=37.3s
2026-07-17 12:44:06,292 [INFO] trainer: epoch 399 step 50/135 loss=1.4497 lr=2.14e-05
2026-07-17 12:44:19,717 [INFO] trainer: epoch 399 step 100/135 loss=1.4070 lr=2.12e-05
2026-07-17 12:44:29,121 [INFO] trainer: epoch 399 done train_loss=1.4320 dt=37.1s
2026-07-17 12:44:43,600 [INFO] trainer: epoch 400 step 50/135 loss=1.4415 lr=2.10e-05
2026-07-17 12:44:57,067 [INFO] trainer: epoch 400 step 100/135 loss=1.4401 lr=2.09e-05
2026-07-17 12:45:06,448 [INFO] trainer: epoch 400 done train_loss=1.4457 dt=37.3s
2026-07-17 12:45:55,861 [INFO] trainer: epoch 400 val_mean_dice=0.6154
2026-07-17 12:46:20,840 [INFO] trainer: epoch 401 step 50/135 loss=1.4554 lr=2.06e-05
2026-07-17 12:46:34,280 [INFO] trainer: epoch 401 step 100/135 loss=1.4722 lr=2.05e-05
2026-07-17 12:46:43,645 [INFO] trainer: epoch 401 done train_loss=1.4493 dt=37.1s
2026-07-17 12:46:57,877 [INFO] trainer: epoch 402 step 50/135 loss=1.4581 lr=2.02e-05
2026-07-17 12:47:11,373 [INFO] trainer: epoch 402 step 100/135 loss=1.4083 lr=2.01e-05
2026-07-17 12:47:20,804 [INFO] trainer: epoch 402 done train_loss=1.4257 dt=37.2s
2026-07-17 12:47:35,404 [INFO] trainer: epoch 403 step 50/135 loss=1.4066 lr=1.99e-05
2026-07-17 12:47:48,861 [INFO] trainer: epoch 403 step 100/135 loss=1.4405 lr=1.97e-05
2026-07-17 12:47:58,259 [INFO] trainer: epoch 403 done train_loss=1.4278 dt=37.5s
2026-07-17 12:48:12,546 [INFO] trainer: epoch 404 step 50/135 loss=1.4352 lr=1.95e-05
2026-07-17 12:48:25,920 [INFO] trainer: epoch 404 step 100/135 loss=1.4443 lr=1.94e-05
2026-07-17 12:48:35,288 [INFO] trainer: epoch 404 done train_loss=1.4349 dt=37.0s
2026-07-17 12:48:49,646 [INFO] trainer: epoch 405 step 50/135 loss=1.4190 lr=1.91e-05
2026-07-17 12:49:03,079 [INFO] trainer: epoch 405 step 100/135 loss=1.4496 lr=1.90e-05
2026-07-17 12:49:12,465 [INFO] trainer: epoch 405 done train_loss=1.4293 dt=37.2s
2026-07-17 12:49:26,760 [INFO] trainer: epoch 406 step 50/135 loss=1.4165 lr=1.88e-05
2026-07-17 12:49:40,212 [INFO] trainer: epoch 406 step 100/135 loss=1.4706 lr=1.86e-05
2026-07-17 12:49:49,693 [INFO] trainer: epoch 406 done train_loss=1.4337 dt=37.2s
2026-07-17 12:50:03,936 [INFO] trainer: epoch 407 step 50/135 loss=1.4037 lr=1.84e-05
2026-07-17 12:50:17,394 [INFO] trainer: epoch 407 step 100/135 loss=1.4303 lr=1.83e-05
2026-07-17 12:50:26,814 [INFO] trainer: epoch 407 done train_loss=1.4303 dt=37.1s
2026-07-17 12:50:41,098 [INFO] trainer: epoch 408 step 50/135 loss=1.4479 lr=1.80e-05
2026-07-17 12:50:54,477 [INFO] trainer: epoch 408 step 100/135 loss=1.4560 lr=1.79e-05
2026-07-17 12:51:03,897 [INFO] trainer: epoch 408 done train_loss=1.4509 dt=37.1s
2026-07-17 12:51:18,371 [INFO] trainer: epoch 409 step 50/135 loss=1.4461 lr=1.77e-05
2026-07-17 12:51:31,815 [INFO] trainer: epoch 409 step 100/135 loss=1.4076 lr=1.76e-05
2026-07-17 12:51:41,184 [INFO] trainer: epoch 409 done train_loss=1.4335 dt=37.3s
2026-07-17 12:51:55,494 [INFO] trainer: epoch 410 step 50/135 loss=1.4033 lr=1.73e-05
2026-07-17 12:52:08,987 [INFO] trainer: epoch 410 step 100/135 loss=1.4168 lr=1.72e-05
2026-07-17 12:52:18,414 [INFO] trainer: epoch 410 done train_loss=1.4067 dt=37.2s
2026-07-17 12:52:38,344 [INFO] trainer: epoch 411 step 50/135 loss=1.4184 lr=1.70e-05
2026-07-17 12:52:51,820 [INFO] trainer: epoch 411 step 100/135 loss=1.4231 lr=1.69e-05
2026-07-17 12:53:01,227 [INFO] trainer: epoch 411 done train_loss=1.4306 dt=37.5s
2026-07-17 12:53:15,442 [INFO] trainer: epoch 412 step 50/135 loss=1.4317 lr=1.66e-05
2026-07-17 12:53:28,924 [INFO] trainer: epoch 412 step 100/135 loss=1.3998 lr=1.65e-05
2026-07-17 12:53:38,348 [INFO] trainer: epoch 412 done train_loss=1.4326 dt=37.1s
2026-07-17 12:53:52,599 [INFO] trainer: epoch 413 step 50/135 loss=1.4707 lr=1.63e-05
2026-07-17 12:54:06,102 [INFO] trainer: epoch 413 step 100/135 loss=1.4200 lr=1.62e-05
2026-07-17 12:54:15,527 [INFO] trainer: epoch 413 done train_loss=1.4330 dt=37.2s
2026-07-17 12:54:29,944 [INFO] trainer: epoch 414 step 50/135 loss=1.4365 lr=1.60e-05
2026-07-17 12:54:43,467 [INFO] trainer: epoch 414 step 100/135 loss=1.4470 lr=1.58e-05
2026-07-17 12:54:52,909 [INFO] trainer: epoch 414 done train_loss=1.4410 dt=37.4s
2026-07-17 12:55:07,502 [INFO] trainer: epoch 415 step 50/135 loss=1.4563 lr=1.56e-05
2026-07-17 12:55:20,962 [INFO] trainer: epoch 415 step 100/135 loss=1.4285 lr=1.55e-05
2026-07-17 12:55:30,352 [INFO] trainer: epoch 415 done train_loss=1.4456 dt=37.4s
2026-07-17 12:55:44,747 [INFO] trainer: epoch 416 step 50/135 loss=1.4033 lr=1.53e-05
2026-07-17 12:55:58,244 [INFO] trainer: epoch 416 step 100/135 loss=1.4173 lr=1.52e-05
2026-07-17 12:56:07,672 [INFO] trainer: epoch 416 done train_loss=1.4166 dt=37.3s
2026-07-17 12:56:22,081 [INFO] trainer: epoch 417 step 50/135 loss=1.4242 lr=1.50e-05
2026-07-17 12:56:35,586 [INFO] trainer: epoch 417 step 100/135 loss=1.4563 lr=1.48e-05
2026-07-17 12:56:45,016 [INFO] trainer: epoch 417 done train_loss=1.4430 dt=37.3s
2026-07-17 12:56:59,434 [INFO] trainer: epoch 418 step 50/135 loss=1.4297 lr=1.46e-05
2026-07-17 12:57:12,849 [INFO] trainer: epoch 418 step 100/135 loss=1.4386 lr=1.45e-05
2026-07-17 12:57:22,226 [INFO] trainer: epoch 418 done train_loss=1.4259 dt=37.2s
2026-07-17 12:57:36,771 [INFO] trainer: epoch 419 step 50/135 loss=1.4311 lr=1.43e-05
2026-07-17 12:57:50,248 [INFO] trainer: epoch 419 step 100/135 loss=1.4576 lr=1.42e-05
2026-07-17 12:57:59,679 [INFO] trainer: epoch 419 done train_loss=1.4457 dt=37.5s
2026-07-17 12:58:14,259 [INFO] trainer: epoch 420 step 50/135 loss=1.4565 lr=1.40e-05
2026-07-17 12:58:27,767 [INFO] trainer: epoch 420 step 100/135 loss=1.4117 lr=1.39e-05
2026-07-17 12:58:37,209 [INFO] trainer: epoch 420 done train_loss=1.4275 dt=37.5s
2026-07-17 12:58:57,027 [INFO] trainer: epoch 421 step 50/135 loss=1.4492 lr=1.37e-05
2026-07-17 12:59:10,459 [INFO] trainer: epoch 421 step 100/135 loss=1.4195 lr=1.36e-05
2026-07-17 12:59:19,906 [INFO] trainer: epoch 421 done train_loss=1.4249 dt=37.3s
2026-07-17 12:59:34,113 [INFO] trainer: epoch 422 step 50/135 loss=1.4404 lr=1.34e-05
2026-07-17 12:59:47,467 [INFO] trainer: epoch 422 step 100/135 loss=1.4196 lr=1.33e-05
2026-07-17 12:59:56,835 [INFO] trainer: epoch 422 done train_loss=1.4298 dt=36.9s
2026-07-17 13:00:11,251 [INFO] trainer: epoch 423 step 50/135 loss=1.4335 lr=1.31e-05
2026-07-17 13:00:24,608 [INFO] trainer: epoch 423 step 100/135 loss=1.4019 lr=1.30e-05
2026-07-17 13:00:34,034 [INFO] trainer: epoch 423 done train_loss=1.4152 dt=37.2s
2026-07-17 13:00:48,395 [INFO] trainer: epoch 424 step 50/135 loss=1.4282 lr=1.28e-05
2026-07-17 13:01:01,729 [INFO] trainer: epoch 424 step 100/135 loss=1.3929 lr=1.27e-05
2026-07-17 13:01:11,085 [INFO] trainer: epoch 424 done train_loss=1.4118 dt=37.0s
2026-07-17 13:01:25,352 [INFO] trainer: epoch 425 step 50/135 loss=1.3797 lr=1.25e-05
2026-07-17 13:01:38,758 [INFO] trainer: epoch 425 step 100/135 loss=1.4576 lr=1.24e-05
2026-07-17 13:01:48,133 [INFO] trainer: epoch 425 done train_loss=1.4158 dt=37.0s
2026-07-17 13:02:40,317 [INFO] trainer: epoch 425 val_mean_dice=0.6130
2026-07-17 13:02:54,707 [INFO] trainer: epoch 426 step 50/135 loss=1.4531 lr=1.22e-05
2026-07-17 13:03:08,264 [INFO] trainer: epoch 426 step 100/135 loss=1.4122 lr=1.21e-05
2026-07-17 13:03:17,646 [INFO] trainer: epoch 426 done train_loss=1.4434 dt=37.3s
2026-07-17 13:03:31,853 [INFO] trainer: epoch 427 step 50/135 loss=1.4055 lr=1.19e-05
2026-07-17 13:03:45,359 [INFO] trainer: epoch 427 step 100/135 loss=1.4559 lr=1.18e-05
2026-07-17 13:03:54,786 [INFO] trainer: epoch 427 done train_loss=1.4210 dt=37.1s
2026-07-17 13:04:09,241 [INFO] trainer: epoch 428 step 50/135 loss=1.4533 lr=1.16e-05
2026-07-17 13:04:22,636 [INFO] trainer: epoch 428 step 100/135 loss=1.4248 lr=1.15e-05
2026-07-17 13:04:32,002 [INFO] trainer: epoch 428 done train_loss=1.4348 dt=37.2s
2026-07-17 13:04:46,355 [INFO] trainer: epoch 429 step 50/135 loss=1.4177 lr=1.13e-05
2026-07-17 13:04:59,844 [INFO] trainer: epoch 429 step 100/135 loss=1.4166 lr=1.12e-05
2026-07-17 13:05:09,264 [INFO] trainer: epoch 429 done train_loss=1.4189 dt=37.3s
2026-07-17 13:05:23,631 [INFO] trainer: epoch 430 step 50/135 loss=1.4085 lr=1.10e-05
2026-07-17 13:05:37,121 [INFO] trainer: epoch 430 step 100/135 loss=1.4445 lr=1.09e-05
2026-07-17 13:05:46,557 [INFO] trainer: epoch 430 done train_loss=1.4378 dt=37.3s
2026-07-17 13:06:06,671 [INFO] trainer: epoch 431 step 50/135 loss=1.4247 lr=1.08e-05
2026-07-17 13:06:20,180 [INFO] trainer: epoch 431 step 100/135 loss=1.4357 lr=1.07e-05
2026-07-17 13:06:29,624 [INFO] trainer: epoch 431 done train_loss=1.4321 dt=37.5s
2026-07-17 13:06:43,994 [INFO] trainer: epoch 432 step 50/135 loss=1.4098 lr=1.05e-05
2026-07-17 13:06:57,395 [INFO] trainer: epoch 432 step 100/135 loss=1.4178 lr=1.04e-05
2026-07-17 13:07:06,740 [INFO] trainer: epoch 432 done train_loss=1.4232 dt=37.1s
2026-07-17 13:07:21,181 [INFO] trainer: epoch 433 step 50/135 loss=1.4549 lr=1.02e-05
2026-07-17 13:07:34,652 [INFO] trainer: epoch 433 step 100/135 loss=1.4400 lr=1.01e-05
2026-07-17 13:07:44,053 [INFO] trainer: epoch 433 done train_loss=1.4378 dt=37.3s
2026-07-17 13:07:58,291 [INFO] trainer: epoch 434 step 50/135 loss=1.4228 lr=9.94e-06
2026-07-17 13:08:11,655 [INFO] trainer: epoch 434 step 100/135 loss=1.4126 lr=9.85e-06
2026-07-17 13:08:21,013 [INFO] trainer: epoch 434 done train_loss=1.4222 dt=37.0s
2026-07-17 13:08:35,334 [INFO] trainer: epoch 435 step 50/135 loss=1.3605 lr=9.68e-06
2026-07-17 13:08:48,724 [INFO] trainer: epoch 435 step 100/135 loss=1.4379 lr=9.58e-06
2026-07-17 13:08:58,093 [INFO] trainer: epoch 435 done train_loss=1.4071 dt=37.1s
2026-07-17 13:09:12,442 [INFO] trainer: epoch 436 step 50/135 loss=1.4138 lr=9.42e-06
2026-07-17 13:09:25,823 [INFO] trainer: epoch 436 step 100/135 loss=1.4402 lr=9.33e-06
2026-07-17 13:09:35,187 [INFO] trainer: epoch 436 done train_loss=1.4250 dt=37.1s
2026-07-17 13:09:49,668 [INFO] trainer: epoch 437 step 50/135 loss=1.4266 lr=9.17e-06
2026-07-17 13:10:03,018 [INFO] trainer: epoch 437 step 100/135 loss=1.4095 lr=9.07e-06
2026-07-17 13:10:12,384 [INFO] trainer: epoch 437 done train_loss=1.4081 dt=37.2s
2026-07-17 13:10:26,812 [INFO] trainer: epoch 438 step 50/135 loss=1.4123 lr=8.92e-06
2026-07-17 13:10:40,313 [INFO] trainer: epoch 438 step 100/135 loss=1.4318 lr=8.82e-06
2026-07-17 13:10:49,785 [INFO] trainer: epoch 438 done train_loss=1.4284 dt=37.4s
2026-07-17 13:11:04,131 [INFO] trainer: epoch 439 step 50/135 loss=1.4307 lr=8.67e-06
2026-07-17 13:11:17,518 [INFO] trainer: epoch 439 step 100/135 loss=1.4051 lr=8.58e-06
2026-07-17 13:11:26,870 [INFO] trainer: epoch 439 done train_loss=1.4281 dt=37.1s
2026-07-17 13:11:41,345 [INFO] trainer: epoch 440 step 50/135 loss=1.4678 lr=8.42e-06
2026-07-17 13:11:54,707 [INFO] trainer: epoch 440 step 100/135 loss=1.4040 lr=8.34e-06
2026-07-17 13:12:04,102 [INFO] trainer: epoch 440 done train_loss=1.4367 dt=37.2s
2026-07-17 13:12:24,085 [INFO] trainer: epoch 441 step 50/135 loss=1.4138 lr=8.18e-06
2026-07-17 13:12:37,488 [INFO] trainer: epoch 441 step 100/135 loss=1.4216 lr=8.10e-06
2026-07-17 13:12:46,855 [INFO] trainer: epoch 441 done train_loss=1.4194 dt=37.2s
2026-07-17 13:13:01,174 [INFO] trainer: epoch 442 step 50/135 loss=1.4372 lr=7.95e-06
2026-07-17 13:13:14,608 [INFO] trainer: epoch 442 step 100/135 loss=1.3963 lr=7.86e-06
2026-07-17 13:13:23,964 [INFO] trainer: epoch 442 done train_loss=1.4142 dt=37.1s
2026-07-17 13:13:38,292 [INFO] trainer: epoch 443 step 50/135 loss=1.4403 lr=7.72e-06
2026-07-17 13:13:51,708 [INFO] trainer: epoch 443 step 100/135 loss=1.4102 lr=7.63e-06
2026-07-17 13:14:01,042 [INFO] trainer: epoch 443 done train_loss=1.4230 dt=37.1s
2026-07-17 13:14:15,480 [INFO] trainer: epoch 444 step 50/135 loss=1.3993 lr=7.49e-06
2026-07-17 13:14:28,855 [INFO] trainer: epoch 444 step 100/135 loss=1.4381 lr=7.40e-06
2026-07-17 13:14:38,230 [INFO] trainer: epoch 444 done train_loss=1.4132 dt=37.2s
2026-07-17 13:14:52,444 [INFO] trainer: epoch 445 step 50/135 loss=1.4255 lr=7.26e-06
2026-07-17 13:15:05,874 [INFO] trainer: epoch 445 step 100/135 loss=1.4288 lr=7.18e-06
2026-07-17 13:15:15,236 [INFO] trainer: epoch 445 done train_loss=1.4277 dt=37.0s
2026-07-17 13:15:29,833 [INFO] trainer: epoch 446 step 50/135 loss=1.3982 lr=7.04e-06
2026-07-17 13:15:43,386 [INFO] trainer: epoch 446 step 100/135 loss=1.4297 lr=6.96e-06
2026-07-17 13:15:52,830 [INFO] trainer: epoch 446 done train_loss=1.4167 dt=37.6s
2026-07-17 13:16:07,331 [INFO] trainer: epoch 447 step 50/135 loss=1.4487 lr=6.82e-06
2026-07-17 13:16:20,683 [INFO] trainer: epoch 447 step 100/135 loss=1.4001 lr=6.75e-06
2026-07-17 13:16:30,002 [INFO] trainer: epoch 447 done train_loss=1.4157 dt=37.2s
2026-07-17 13:16:44,688 [INFO] trainer: epoch 448 step 50/135 loss=1.3899 lr=6.61e-06
2026-07-17 13:16:58,231 [INFO] trainer: epoch 448 step 100/135 loss=1.4647 lr=6.53e-06
2026-07-17 13:17:07,676 [INFO] trainer: epoch 448 done train_loss=1.4306 dt=37.7s
2026-07-17 13:17:22,072 [INFO] trainer: epoch 449 step 50/135 loss=1.4600 lr=6.40e-06
2026-07-17 13:17:35,394 [INFO] trainer: epoch 449 step 100/135 loss=1.3678 lr=6.33e-06
2026-07-17 13:17:44,795 [INFO] trainer: epoch 449 done train_loss=1.4096 dt=37.1s
2026-07-17 13:17:59,044 [INFO] trainer: epoch 450 step 50/135 loss=1.3729 lr=6.20e-06
2026-07-17 13:18:12,516 [INFO] trainer: epoch 450 step 100/135 loss=1.4208 lr=6.12e-06
2026-07-17 13:18:21,929 [INFO] trainer: epoch 450 done train_loss=1.4102 dt=37.1s
2026-07-17 13:19:11,165 [INFO] trainer: epoch 450 val_mean_dice=0.6169
2026-07-17 13:19:36,471 [INFO] trainer: epoch 451 step 50/135 loss=1.4184 lr=6.00e-06
2026-07-17 13:19:49,900 [INFO] trainer: epoch 451 step 100/135 loss=1.3937 lr=5.92e-06
2026-07-17 13:19:59,282 [INFO] trainer: epoch 451 done train_loss=1.4112 dt=37.5s
2026-07-17 13:20:13,729 [INFO] trainer: epoch 452 step 50/135 loss=1.3936 lr=5.80e-06
2026-07-17 13:20:27,105 [INFO] trainer: epoch 452 step 100/135 loss=1.4370 lr=5.73e-06
2026-07-17 13:20:36,476 [INFO] trainer: epoch 452 done train_loss=1.4298 dt=37.2s
2026-07-17 13:20:50,938 [INFO] trainer: epoch 453 step 50/135 loss=1.4391 lr=5.60e-06
2026-07-17 13:21:04,296 [INFO] trainer: epoch 453 step 100/135 loss=1.4103 lr=5.53e-06
2026-07-17 13:21:13,649 [INFO] trainer: epoch 453 done train_loss=1.4239 dt=37.2s
2026-07-17 13:21:27,844 [INFO] trainer: epoch 454 step 50/135 loss=1.4094 lr=5.41e-06
2026-07-17 13:21:41,259 [INFO] trainer: epoch 454 step 100/135 loss=1.4448 lr=5.35e-06
2026-07-17 13:21:50,666 [INFO] trainer: epoch 454 done train_loss=1.4191 dt=37.0s
2026-07-17 13:22:04,775 [INFO] trainer: epoch 455 step 50/135 loss=1.4603 lr=5.23e-06
2026-07-17 13:22:18,544 [INFO] trainer: epoch 455 step 100/135 loss=1.4485 lr=5.16e-06
2026-07-17 13:22:28,193 [INFO] trainer: epoch 455 done train_loss=1.4537 dt=37.5s
2026-07-17 13:22:42,578 [INFO] trainer: epoch 456 step 50/135 loss=1.4355 lr=5.05e-06
2026-07-17 13:22:55,985 [INFO] trainer: epoch 456 step 100/135 loss=1.4227 lr=4.98e-06
2026-07-17 13:23:05,350 [INFO] trainer: epoch 456 done train_loss=1.4236 dt=37.2s
2026-07-17 13:23:19,704 [INFO] trainer: epoch 457 step 50/135 loss=1.4301 lr=4.87e-06
2026-07-17 13:23:33,142 [INFO] trainer: epoch 457 step 100/135 loss=1.3850 lr=4.80e-06
2026-07-17 13:23:42,551 [INFO] trainer: epoch 457 done train_loss=1.4092 dt=37.2s
2026-07-17 13:23:56,863 [INFO] trainer: epoch 458 step 50/135 loss=1.4253 lr=4.69e-06
2026-07-17 13:24:10,380 [INFO] trainer: epoch 458 step 100/135 loss=1.4365 lr=4.63e-06
2026-07-17 13:24:19,818 [INFO] trainer: epoch 458 done train_loss=1.4234 dt=37.3s
2026-07-17 13:24:34,206 [INFO] trainer: epoch 459 step 50/135 loss=1.3996 lr=4.52e-06
2026-07-17 13:24:47,675 [INFO] trainer: epoch 459 step 100/135 loss=1.4432 lr=4.46e-06
2026-07-17 13:24:57,048 [INFO] trainer: epoch 459 done train_loss=1.4165 dt=37.2s
2026-07-17 13:25:11,484 [INFO] trainer: epoch 460 step 50/135 loss=1.3870 lr=4.36e-06
2026-07-17 13:25:24,893 [INFO] trainer: epoch 460 step 100/135 loss=1.4296 lr=4.30e-06
2026-07-17 13:25:34,235 [INFO] trainer: epoch 460 done train_loss=1.4146 dt=37.2s
2026-07-17 13:25:53,936 [INFO] trainer: epoch 461 step 50/135 loss=1.4367 lr=4.19e-06
2026-07-17 13:26:07,324 [INFO] trainer: epoch 461 step 100/135 loss=1.3706 lr=4.14e-06
2026-07-17 13:26:16,762 [INFO] trainer: epoch 461 done train_loss=1.3982 dt=37.1s
2026-07-17 13:26:31,165 [INFO] trainer: epoch 462 step 50/135 loss=1.4277 lr=4.04e-06
2026-07-17 13:26:44,641 [INFO] trainer: epoch 462 step 100/135 loss=1.4158 lr=3.98e-06
2026-07-17 13:26:54,019 [INFO] trainer: epoch 462 done train_loss=1.4227 dt=37.3s
2026-07-17 13:27:08,366 [INFO] trainer: epoch 463 step 50/135 loss=1.4415 lr=3.88e-06
2026-07-17 13:27:21,863 [INFO] trainer: epoch 463 step 100/135 loss=1.4506 lr=3.83e-06
2026-07-17 13:27:31,182 [INFO] trainer: epoch 463 done train_loss=1.4462 dt=37.2s
2026-07-17 13:27:45,454 [INFO] trainer: epoch 464 step 50/135 loss=1.4166 lr=3.73e-06
2026-07-17 13:27:58,994 [INFO] trainer: epoch 464 step 100/135 loss=1.4319 lr=3.68e-06
2026-07-17 13:28:08,351 [INFO] trainer: epoch 464 done train_loss=1.4078 dt=37.2s
2026-07-17 13:28:22,536 [INFO] trainer: epoch 465 step 50/135 loss=1.4049 lr=3.59e-06
2026-07-17 13:28:35,890 [INFO] trainer: epoch 465 step 100/135 loss=1.4202 lr=3.53e-06
2026-07-17 13:28:45,255 [INFO] trainer: epoch 465 done train_loss=1.4061 dt=36.9s
2026-07-17 13:28:59,560 [INFO] trainer: epoch 466 step 50/135 loss=1.4048 lr=3.44e-06
2026-07-17 13:29:12,986 [INFO] trainer: epoch 466 step 100/135 loss=1.4006 lr=3.39e-06
2026-07-17 13:29:22,394 [INFO] trainer: epoch 466 done train_loss=1.4035 dt=37.1s
2026-07-17 13:29:36,641 [INFO] trainer: epoch 467 step 50/135 loss=1.3969 lr=3.30e-06
2026-07-17 13:29:50,089 [INFO] trainer: epoch 467 step 100/135 loss=1.4136 lr=3.25e-06
2026-07-17 13:29:59,535 [INFO] trainer: epoch 467 done train_loss=1.4224 dt=37.1s
2026-07-17 13:30:13,874 [INFO] trainer: epoch 468 step 50/135 loss=1.4232 lr=3.17e-06
2026-07-17 13:30:27,387 [INFO] trainer: epoch 468 step 100/135 loss=1.3873 lr=3.12e-06
2026-07-17 13:30:36,824 [INFO] trainer: epoch 468 done train_loss=1.4170 dt=37.3s
2026-07-17 13:30:51,166 [INFO] trainer: epoch 469 step 50/135 loss=1.4528 lr=3.04e-06
2026-07-17 13:31:04,661 [INFO] trainer: epoch 469 step 100/135 loss=1.4161 lr=2.99e-06
2026-07-17 13:31:14,106 [INFO] trainer: epoch 469 done train_loss=1.4245 dt=37.3s
2026-07-17 13:31:28,422 [INFO] trainer: epoch 470 step 50/135 loss=1.4100 lr=2.91e-06
2026-07-17 13:31:41,851 [INFO] trainer: epoch 470 step 100/135 loss=1.4376 lr=2.87e-06
2026-07-17 13:31:51,208 [INFO] trainer: epoch 470 done train_loss=1.4133 dt=37.1s
2026-07-17 13:32:11,030 [INFO] trainer: epoch 471 step 50/135 loss=1.4048 lr=2.79e-06
2026-07-17 13:32:24,522 [INFO] trainer: epoch 471 step 100/135 loss=1.3758 lr=2.75e-06
2026-07-17 13:32:33,942 [INFO] trainer: epoch 471 done train_loss=1.3875 dt=37.4s
2026-07-17 13:32:48,385 [INFO] trainer: epoch 472 step 50/135 loss=1.3935 lr=2.67e-06
2026-07-17 13:33:01,941 [INFO] trainer: epoch 472 step 100/135 loss=1.3859 lr=2.63e-06
2026-07-17 13:33:11,394 [INFO] trainer: epoch 472 done train_loss=1.3882 dt=37.5s
2026-07-17 13:33:25,859 [INFO] trainer: epoch 473 step 50/135 loss=1.4396 lr=2.56e-06
2026-07-17 13:33:39,351 [INFO] trainer: epoch 473 step 100/135 loss=1.4265 lr=2.52e-06
2026-07-17 13:33:48,761 [INFO] trainer: epoch 473 done train_loss=1.4372 dt=37.4s
2026-07-17 13:34:03,110 [INFO] trainer: epoch 474 step 50/135 loss=1.4230 lr=2.45e-06
2026-07-17 13:34:16,615 [INFO] trainer: epoch 474 step 100/135 loss=1.4371 lr=2.41e-06
2026-07-17 13:34:26,014 [INFO] trainer: epoch 474 done train_loss=1.4234 dt=37.3s
2026-07-17 13:34:40,439 [INFO] trainer: epoch 475 step 50/135 loss=1.4320 lr=2.34e-06
2026-07-17 13:34:53,961 [INFO] trainer: epoch 475 step 100/135 loss=1.3889 lr=2.30e-06
2026-07-17 13:35:03,399 [INFO] trainer: epoch 475 done train_loss=1.4161 dt=37.4s
2026-07-17 13:35:52,794 [INFO] trainer: epoch 475 val_mean_dice=0.6186
2026-07-17 13:36:13,006 [INFO] trainer: epoch 476 step 50/135 loss=1.3982 lr=2.24e-06
2026-07-17 13:36:26,474 [INFO] trainer: epoch 476 step 100/135 loss=1.4045 lr=2.20e-06
2026-07-17 13:36:35,894 [INFO] trainer: epoch 476 done train_loss=1.4009 dt=37.4s
2026-07-17 13:36:50,236 [INFO] trainer: epoch 477 step 50/135 loss=1.4293 lr=2.14e-06
2026-07-17 13:37:03,571 [INFO] trainer: epoch 477 step 100/135 loss=1.4503 lr=2.10e-06
2026-07-17 13:37:12,924 [INFO] trainer: epoch 477 done train_loss=1.4365 dt=37.0s
2026-07-17 13:37:27,121 [INFO] trainer: epoch 478 step 50/135 loss=1.4140 lr=2.05e-06
2026-07-17 13:37:40,472 [INFO] trainer: epoch 478 step 100/135 loss=1.4048 lr=2.01e-06
2026-07-17 13:37:49,826 [INFO] trainer: epoch 478 done train_loss=1.4062 dt=36.9s
2026-07-17 13:38:04,251 [INFO] trainer: epoch 479 step 50/135 loss=1.3839 lr=1.96e-06
2026-07-17 13:38:17,584 [INFO] trainer: epoch 479 step 100/135 loss=1.3921 lr=1.92e-06
2026-07-17 13:38:26,899 [INFO] trainer: epoch 479 done train_loss=1.3936 dt=37.1s
2026-07-17 13:38:41,035 [INFO] trainer: epoch 480 step 50/135 loss=1.4712 lr=1.87e-06
2026-07-17 13:38:54,375 [INFO] trainer: epoch 480 step 100/135 loss=1.3681 lr=1.84e-06
2026-07-17 13:39:03,700 [INFO] trainer: epoch 480 done train_loss=1.4197 dt=36.8s
2026-07-17 13:39:23,400 [INFO] trainer: epoch 481 step 50/135 loss=1.4335 lr=1.79e-06
2026-07-17 13:39:36,865 [INFO] trainer: epoch 481 step 100/135 loss=1.4565 lr=1.76e-06
2026-07-17 13:39:46,270 [INFO] trainer: epoch 481 done train_loss=1.4367 dt=37.2s
2026-07-17 13:40:00,595 [INFO] trainer: epoch 482 step 50/135 loss=1.3995 lr=1.71e-06
2026-07-17 13:40:14,071 [INFO] trainer: epoch 482 step 100/135 loss=1.4200 lr=1.68e-06
2026-07-17 13:40:23,394 [INFO] trainer: epoch 482 done train_loss=1.4186 dt=37.1s
2026-07-17 13:40:37,845 [INFO] trainer: epoch 483 step 50/135 loss=1.4194 lr=1.64e-06
2026-07-17 13:40:51,258 [INFO] trainer: epoch 483 step 100/135 loss=1.3900 lr=1.61e-06
2026-07-17 13:41:00,612 [INFO] trainer: epoch 483 done train_loss=1.4078 dt=37.2s
2026-07-17 13:41:14,982 [INFO] trainer: epoch 484 step 50/135 loss=1.4056 lr=1.57e-06
2026-07-17 13:41:28,334 [INFO] trainer: epoch 484 step 100/135 loss=1.4066 lr=1.54e-06
2026-07-17 13:41:37,674 [INFO] trainer: epoch 484 done train_loss=1.4138 dt=37.1s
2026-07-17 13:41:52,230 [INFO] trainer: epoch 485 step 50/135 loss=1.4314 lr=1.50e-06
2026-07-17 13:42:05,567 [INFO] trainer: epoch 485 step 100/135 loss=1.4483 lr=1.48e-06
2026-07-17 13:42:14,936 [INFO] trainer: epoch 485 done train_loss=1.4299 dt=37.3s
2026-07-17 13:42:29,123 [INFO] trainer: epoch 486 step 50/135 loss=1.4139 lr=1.44e-06
2026-07-17 13:42:42,488 [INFO] trainer: epoch 486 step 100/135 loss=1.4203 lr=1.42e-06
2026-07-17 13:42:51,848 [INFO] trainer: epoch 486 done train_loss=1.4215 dt=36.9s
2026-07-17 13:43:06,238 [INFO] trainer: epoch 487 step 50/135 loss=1.4019 lr=1.38e-06
2026-07-17 13:43:19,776 [INFO] trainer: epoch 487 step 100/135 loss=1.4183 lr=1.36e-06
2026-07-17 13:43:29,225 [INFO] trainer: epoch 487 done train_loss=1.4175 dt=37.4s
2026-07-17 13:43:43,692 [INFO] trainer: epoch 488 step 50/135 loss=1.4566 lr=1.33e-06
2026-07-17 13:43:57,217 [INFO] trainer: epoch 488 step 100/135 loss=1.4136 lr=1.31e-06
2026-07-17 13:44:06,660 [INFO] trainer: epoch 488 done train_loss=1.4342 dt=37.4s
2026-07-17 13:44:21,121 [INFO] trainer: epoch 489 step 50/135 loss=1.3979 lr=1.28e-06
2026-07-17 13:44:34,659 [INFO] trainer: epoch 489 step 100/135 loss=1.4019 lr=1.26e-06
2026-07-17 13:44:44,107 [INFO] trainer: epoch 489 done train_loss=1.4070 dt=37.4s
2026-07-17 13:44:58,395 [INFO] trainer: epoch 490 step 50/135 loss=1.4153 lr=1.23e-06
2026-07-17 13:45:11,737 [INFO] trainer: epoch 490 step 100/135 loss=1.4217 lr=1.22e-06
2026-07-17 13:45:21,119 [INFO] trainer: epoch 490 done train_loss=1.4204 dt=37.0s
2026-07-17 13:45:41,201 [INFO] trainer: epoch 491 step 50/135 loss=1.4286 lr=1.19e-06
2026-07-17 13:45:54,757 [INFO] trainer: epoch 491 step 100/135 loss=1.4317 lr=1.18e-06
2026-07-17 13:46:04,227 [INFO] trainer: epoch 491 done train_loss=1.4479 dt=37.8s
2026-07-17 13:46:18,489 [INFO] trainer: epoch 492 step 50/135 loss=1.3784 lr=1.15e-06
2026-07-17 13:46:31,942 [INFO] trainer: epoch 492 step 100/135 loss=1.4282 lr=1.14e-06
2026-07-17 13:46:41,281 [INFO] trainer: epoch 492 done train_loss=1.3936 dt=37.1s
2026-07-17 13:46:55,664 [INFO] trainer: epoch 493 step 50/135 loss=1.3818 lr=1.12e-06
2026-07-17 13:47:09,061 [INFO] trainer: epoch 493 step 100/135 loss=1.4839 lr=1.11e-06
2026-07-17 13:47:18,449 [INFO] trainer: epoch 493 done train_loss=1.4307 dt=37.2s
2026-07-17 13:47:32,909 [INFO] trainer: epoch 494 step 50/135 loss=1.4333 lr=1.09e-06
2026-07-17 13:47:46,428 [INFO] trainer: epoch 494 step 100/135 loss=1.4289 lr=1.08e-06
2026-07-17 13:47:55,886 [INFO] trainer: epoch 494 done train_loss=1.4275 dt=37.4s
2026-07-17 13:48:10,407 [INFO] trainer: epoch 495 step 50/135 loss=1.4224 lr=1.06e-06
2026-07-17 13:48:23,920 [INFO] trainer: epoch 495 step 100/135 loss=1.3972 lr=1.06e-06
2026-07-17 13:48:33,344 [INFO] trainer: epoch 495 done train_loss=1.4218 dt=37.5s
2026-07-17 13:48:47,637 [INFO] trainer: epoch 496 step 50/135 loss=1.4282 lr=1.04e-06
2026-07-17 13:49:01,135 [INFO] trainer: epoch 496 step 100/135 loss=1.4151 lr=1.04e-06
2026-07-17 13:49:10,535 [INFO] trainer: epoch 496 done train_loss=1.4424 dt=37.2s
2026-07-17 13:49:24,943 [INFO] trainer: epoch 497 step 50/135 loss=1.4000 lr=1.03e-06
2026-07-17 13:49:38,443 [INFO] trainer: epoch 497 step 100/135 loss=1.4734 lr=1.02e-06
2026-07-17 13:49:47,859 [INFO] trainer: epoch 497 done train_loss=1.4301 dt=37.3s
2026-07-17 13:50:02,420 [INFO] trainer: epoch 498 step 50/135 loss=1.4246 lr=1.01e-06
2026-07-17 13:50:15,986 [INFO] trainer: epoch 498 step 100/135 loss=1.3862 lr=1.01e-06
2026-07-17 13:50:25,399 [INFO] trainer: epoch 498 done train_loss=1.3961 dt=37.5s
2026-07-17 13:50:39,839 [INFO] trainer: epoch 499 step 50/135 loss=1.4479 lr=1.01e-06
2026-07-17 13:50:53,360 [INFO] trainer: epoch 499 step 100/135 loss=1.4134 lr=1.00e-06
2026-07-17 13:51:02,790 [INFO] trainer: epoch 499 done train_loss=1.4155 dt=37.4s
2026-07-17 13:51:17,143 [INFO] trainer: epoch 500 step 50/135 loss=1.4048 lr=1.00e-06
2026-07-17 13:51:30,650 [INFO] trainer: epoch 500 step 100/135 loss=1.4335 lr=1.00e-06
2026-07-17 13:51:40,105 [INFO] trainer: epoch 500 done train_loss=1.4179 dt=37.3s
2026-07-17 13:52:29,505 [INFO] trainer: epoch 500 val_mean_dice=0.6185
2026-07-17 13:52:35,133 [INFO] trainer: total time 20036.7 s, best dice 0.6186 (epochs 1-500 / 500)
