2026-07-17 07:57:48,978 [INFO] train: ========================================================================
2026-07-17 07:57:48,978 [INFO] train: model=suprem_swinunetr config=configs/lowshot/ls_supSwin_ft_pt_f025.yaml
2026-07-17 07:57:48,978 [INFO] train: output=/scratch/lskrlj/runs/ls_supSwin_ft_pt_f025 device=cuda (NVIDIA A100-SXM4-40GB)
2026-07-17 07:57:48,978 [INFO] train: epochs=500 batch_size=2 grad_accum=2 eff_batch=4 lr=0.0002 amp=True
2026-07-17 07:57:48,979 [INFO] train: ========================================================================
2026-07-17 07:57:48,982 [INFO] train: splits: train=1082 val=57 classes=117
2026-07-17 07:57:48,982 [INFO] train: low-shot: train_fraction=0.2500 seed=1234 -> 270/1082 train cases
2026-07-17 07:57:49,344 [INFO] train: disk cache: /scratch/lskrlj/cache/TotalSeg/833d9d046402 (fingerprint=833d9d046402)
2026-07-17 07:58:11,520 [INFO] train: model suprem_swinunetr, trainable params: 17027754 / 17027754 total (freeze_backbone=False)
2026-07-17 07:58:12,743 [WARNING] trainer: --resume set but no checkpoint found in /scratch/lskrlj/runs/ls_supSwin_ft_pt_f025; starting fresh
2026-07-17 07:58:12,743 [INFO] trainer: start: epochs 1-500/500 device=cuda amp=bf16 train_batches=135 val_batches=57
2026-07-17 07:58:34,028 [INFO] trainer: epoch 1 step 50/135 loss=10.7833 lr=7.35e-06
2026-07-17 07:58:51,768 [INFO] trainer: epoch 1 step 100/135 loss=10.3458 lr=1.47e-05
2026-07-17 07:59:04,172 [INFO] trainer: epoch 1 done train_loss=10.3551 dt=51.4s
2026-07-17 07:59:22,777 [INFO] trainer: epoch 2 step 50/135 loss=9.1603 lr=2.74e-05
2026-07-17 07:59:40,500 [INFO] trainer: epoch 2 step 100/135 loss=8.5611 lr=3.47e-05
2026-07-17 07:59:52,891 [INFO] trainer: epoch 2 done train_loss=8.6776 dt=48.7s
2026-07-17 08:00:11,453 [INFO] trainer: epoch 3 step 50/135 loss=7.8085 lr=4.74e-05
2026-07-17 08:00:30,382 [INFO] trainer: epoch 3 step 100/135 loss=7.5029 lr=5.47e-05
2026-07-17 08:00:42,790 [INFO] trainer: epoch 3 done train_loss=7.5469 dt=49.9s
2026-07-17 08:01:01,515 [INFO] trainer: epoch 4 step 50/135 loss=6.9626 lr=6.74e-05
2026-07-17 08:01:19,272 [INFO] trainer: epoch 4 step 100/135 loss=6.7404 lr=7.47e-05
2026-07-17 08:01:31,705 [INFO] trainer: epoch 4 done train_loss=6.7473 dt=48.9s
2026-07-17 08:01:50,389 [INFO] trainer: epoch 5 step 50/135 loss=6.2428 lr=8.74e-05
2026-07-17 08:02:08,149 [INFO] trainer: epoch 5 step 100/135 loss=6.0176 lr=9.47e-05
2026-07-17 08:02:20,560 [INFO] trainer: epoch 5 done train_loss=6.0511 dt=48.9s
2026-07-17 08:02:38,985 [INFO] trainer: epoch 6 step 50/135 loss=5.6246 lr=1.07e-04
2026-07-17 08:02:56,714 [INFO] trainer: epoch 6 step 100/135 loss=5.4461 lr=1.15e-04
2026-07-17 08:03:09,117 [INFO] trainer: epoch 6 done train_loss=5.4578 dt=48.6s
2026-07-17 08:03:27,786 [INFO] trainer: epoch 7 step 50/135 loss=5.0918 lr=1.27e-04
2026-07-17 08:03:45,528 [INFO] trainer: epoch 7 step 100/135 loss=4.8319 lr=1.35e-04
2026-07-17 08:03:57,964 [INFO] trainer: epoch 7 done train_loss=4.8932 dt=48.8s
2026-07-17 08:04:16,584 [INFO] trainer: epoch 8 step 50/135 loss=4.5672 lr=1.47e-04
2026-07-17 08:04:34,346 [INFO] trainer: epoch 8 step 100/135 loss=4.3908 lr=1.55e-04
2026-07-17 08:04:46,766 [INFO] trainer: epoch 8 done train_loss=4.4125 dt=48.8s
2026-07-17 08:05:05,406 [INFO] trainer: epoch 9 step 50/135 loss=4.0694 lr=1.67e-04
2026-07-17 08:05:23,170 [INFO] trainer: epoch 9 step 100/135 loss=3.9725 lr=1.75e-04
2026-07-17 08:05:36,137 [INFO] trainer: epoch 9 done train_loss=3.9671 dt=49.4s
2026-07-17 08:05:54,700 [INFO] trainer: epoch 10 step 50/135 loss=3.6773 lr=1.87e-04
2026-07-17 08:06:12,443 [INFO] trainer: epoch 10 step 100/135 loss=3.5750 lr=1.95e-04
2026-07-17 08:06:24,872 [INFO] trainer: epoch 10 done train_loss=3.5845 dt=48.7s
2026-07-17 08:06:45,545 [INFO] trainer: epoch 11 step 50/135 loss=3.3420 lr=2.00e-04
2026-07-17 08:07:03,314 [INFO] trainer: epoch 11 step 100/135 loss=3.2712 lr=2.00e-04
2026-07-17 08:07:15,732 [INFO] trainer: epoch 11 done train_loss=3.2760 dt=48.9s
2026-07-17 08:07:34,512 [INFO] trainer: epoch 12 step 50/135 loss=3.1052 lr=2.00e-04
2026-07-17 08:07:52,266 [INFO] trainer: epoch 12 step 100/135 loss=3.0235 lr=2.00e-04
2026-07-17 08:08:04,674 [INFO] trainer: epoch 12 done train_loss=3.0343 dt=48.9s
2026-07-17 08:08:23,267 [INFO] trainer: epoch 13 step 50/135 loss=2.8972 lr=2.00e-04
2026-07-17 08:08:41,038 [INFO] trainer: epoch 13 step 100/135 loss=2.8765 lr=2.00e-04
2026-07-17 08:08:53,450 [INFO] trainer: epoch 13 done train_loss=2.8588 dt=48.8s
2026-07-17 08:09:12,231 [INFO] trainer: epoch 14 step 50/135 loss=2.7343 lr=2.00e-04
2026-07-17 08:09:30,017 [INFO] trainer: epoch 14 step 100/135 loss=2.7458 lr=2.00e-04
2026-07-17 08:09:42,444 [INFO] trainer: epoch 14 done train_loss=2.7170 dt=49.0s
2026-07-17 08:10:01,179 [INFO] trainer: epoch 15 step 50/135 loss=2.6183 lr=2.00e-04
2026-07-17 08:10:18,964 [INFO] trainer: epoch 15 step 100/135 loss=2.5530 lr=2.00e-04
2026-07-17 08:10:31,396 [INFO] trainer: epoch 15 done train_loss=2.5833 dt=49.0s
2026-07-17 08:10:50,001 [INFO] trainer: epoch 16 step 50/135 loss=2.5422 lr=2.00e-04
2026-07-17 08:11:07,785 [INFO] trainer: epoch 16 step 100/135 loss=2.4894 lr=2.00e-04
2026-07-17 08:11:20,198 [INFO] trainer: epoch 16 done train_loss=2.4903 dt=48.8s
2026-07-17 08:11:38,953 [INFO] trainer: epoch 17 step 50/135 loss=2.4435 lr=2.00e-04
2026-07-17 08:11:56,709 [INFO] trainer: epoch 17 step 100/135 loss=2.4322 lr=2.00e-04
2026-07-17 08:12:09,139 [INFO] trainer: epoch 17 done train_loss=2.4227 dt=48.9s
2026-07-17 08:12:27,859 [INFO] trainer: epoch 18 step 50/135 loss=2.3503 lr=2.00e-04
2026-07-17 08:12:45,645 [INFO] trainer: epoch 18 step 100/135 loss=2.2824 lr=2.00e-04
2026-07-17 08:12:58,090 [INFO] trainer: epoch 18 done train_loss=2.3230 dt=49.0s
2026-07-17 08:13:16,667 [INFO] trainer: epoch 19 step 50/135 loss=2.2732 lr=2.00e-04
2026-07-17 08:13:34,449 [INFO] trainer: epoch 19 step 100/135 loss=2.2492 lr=2.00e-04
2026-07-17 08:13:46,871 [INFO] trainer: epoch 19 done train_loss=2.2654 dt=48.8s
2026-07-17 08:14:05,389 [INFO] trainer: epoch 20 step 50/135 loss=2.2427 lr=2.00e-04
2026-07-17 08:14:23,156 [INFO] trainer: epoch 20 step 100/135 loss=2.1943 lr=2.00e-04
2026-07-17 08:14:35,580 [INFO] trainer: epoch 20 done train_loss=2.2019 dt=48.7s
2026-07-17 08:14:54,379 [INFO] trainer: epoch 21 step 50/135 loss=2.1357 lr=2.00e-04
2026-07-17 08:15:12,177 [INFO] trainer: epoch 21 step 100/135 loss=2.1622 lr=2.00e-04
2026-07-17 08:15:24,611 [INFO] trainer: epoch 21 done train_loss=2.1426 dt=48.8s
2026-07-17 08:15:43,201 [INFO] trainer: epoch 22 step 50/135 loss=2.0900 lr=2.00e-04
2026-07-17 08:16:01,041 [INFO] trainer: epoch 22 step 100/135 loss=2.0925 lr=2.00e-04
2026-07-17 08:16:13,511 [INFO] trainer: epoch 22 done train_loss=2.0914 dt=48.9s
2026-07-17 08:16:32,096 [INFO] trainer: epoch 23 step 50/135 loss=2.0347 lr=2.00e-04
2026-07-17 08:16:49,940 [INFO] trainer: epoch 23 step 100/135 loss=2.0488 lr=2.00e-04
2026-07-17 08:17:02,397 [INFO] trainer: epoch 23 done train_loss=2.0396 dt=48.9s
2026-07-17 08:17:21,046 [INFO] trainer: epoch 24 step 50/135 loss=2.0066 lr=2.00e-04
2026-07-17 08:17:38,835 [INFO] trainer: epoch 24 step 100/135 loss=1.9858 lr=2.00e-04
2026-07-17 08:17:51,293 [INFO] trainer: epoch 24 done train_loss=1.9924 dt=48.9s
2026-07-17 08:18:09,991 [INFO] trainer: epoch 25 step 50/135 loss=1.9569 lr=2.00e-04
2026-07-17 08:18:27,804 [INFO] trainer: epoch 25 step 100/135 loss=1.9799 lr=2.00e-04
2026-07-17 08:18:40,259 [INFO] trainer: epoch 25 done train_loss=1.9556 dt=49.0s
2026-07-17 08:20:12,395 [INFO] trainer: epoch 25 val_mean_dice=0.3779
2026-07-17 08:20:31,277 [INFO] trainer: epoch 26 step 50/135 loss=1.9245 lr=2.00e-04
2026-07-17 08:20:49,031 [INFO] trainer: epoch 26 step 100/135 loss=1.9222 lr=1.99e-04
2026-07-17 08:21:01,430 [INFO] trainer: epoch 26 done train_loss=1.9118 dt=48.8s
2026-07-17 08:21:20,216 [INFO] trainer: epoch 27 step 50/135 loss=1.8655 lr=1.99e-04
2026-07-17 08:21:37,951 [INFO] trainer: epoch 27 step 100/135 loss=1.8973 lr=1.99e-04
2026-07-17 08:21:50,369 [INFO] trainer: epoch 27 done train_loss=1.8748 dt=48.9s
2026-07-17 08:22:09,034 [INFO] trainer: epoch 28 step 50/135 loss=1.8492 lr=1.99e-04
2026-07-17 08:22:26,790 [INFO] trainer: epoch 28 step 100/135 loss=1.8120 lr=1.99e-04
2026-07-17 08:22:39,221 [INFO] trainer: epoch 28 done train_loss=1.8432 dt=48.9s
2026-07-17 08:22:57,672 [INFO] trainer: epoch 29 step 50/135 loss=1.8160 lr=1.99e-04
2026-07-17 08:23:15,425 [INFO] trainer: epoch 29 step 100/135 loss=1.7817 lr=1.99e-04
2026-07-17 08:23:27,845 [INFO] trainer: epoch 29 done train_loss=1.7935 dt=48.6s
2026-07-17 08:23:46,409 [INFO] trainer: epoch 30 step 50/135 loss=1.7823 lr=1.99e-04
2026-07-17 08:24:04,147 [INFO] trainer: epoch 30 step 100/135 loss=1.7891 lr=1.99e-04
2026-07-17 08:24:16,559 [INFO] trainer: epoch 30 done train_loss=1.7800 dt=48.7s
2026-07-17 08:24:35,364 [INFO] trainer: epoch 31 step 50/135 loss=1.7641 lr=1.99e-04
2026-07-17 08:24:53,107 [INFO] trainer: epoch 31 step 100/135 loss=1.7456 lr=1.99e-04
2026-07-17 08:25:05,525 [INFO] trainer: epoch 31 done train_loss=1.7427 dt=48.7s
2026-07-17 08:25:24,170 [INFO] trainer: epoch 32 step 50/135 loss=1.7243 lr=1.99e-04
2026-07-17 08:25:41,897 [INFO] trainer: epoch 32 step 100/135 loss=1.7394 lr=1.99e-04
2026-07-17 08:25:54,316 [INFO] trainer: epoch 32 done train_loss=1.7251 dt=48.8s
2026-07-17 08:26:12,902 [INFO] trainer: epoch 33 step 50/135 loss=1.6703 lr=1.99e-04
2026-07-17 08:26:30,628 [INFO] trainer: epoch 33 step 100/135 loss=1.6764 lr=1.99e-04
2026-07-17 08:26:43,034 [INFO] trainer: epoch 33 done train_loss=1.6860 dt=48.7s
2026-07-17 08:27:01,734 [INFO] trainer: epoch 34 step 50/135 loss=1.6806 lr=1.99e-04
2026-07-17 08:27:19,497 [INFO] trainer: epoch 34 step 100/135 loss=1.6823 lr=1.99e-04
2026-07-17 08:27:31,909 [INFO] trainer: epoch 34 done train_loss=1.6756 dt=48.9s
2026-07-17 08:27:50,552 [INFO] trainer: epoch 35 step 50/135 loss=1.6321 lr=1.99e-04
2026-07-17 08:28:08,308 [INFO] trainer: epoch 35 step 100/135 loss=1.6244 lr=1.99e-04
2026-07-17 08:28:20,717 [INFO] trainer: epoch 35 done train_loss=1.6313 dt=48.8s
2026-07-17 08:28:39,316 [INFO] trainer: epoch 36 step 50/135 loss=1.6775 lr=1.99e-04
2026-07-17 08:28:57,067 [INFO] trainer: epoch 36 step 100/135 loss=1.6283 lr=1.99e-04
2026-07-17 08:29:09,488 [INFO] trainer: epoch 36 done train_loss=1.6273 dt=48.8s
2026-07-17 08:29:28,047 [INFO] trainer: epoch 37 step 50/135 loss=1.5709 lr=1.99e-04
2026-07-17 08:29:45,781 [INFO] trainer: epoch 37 step 100/135 loss=1.6039 lr=1.99e-04
2026-07-17 08:29:58,188 [INFO] trainer: epoch 37 done train_loss=1.5689 dt=48.7s
2026-07-17 08:30:16,784 [INFO] trainer: epoch 38 step 50/135 loss=1.5703 lr=1.98e-04
2026-07-17 08:30:34,537 [INFO] trainer: epoch 38 step 100/135 loss=1.5627 lr=1.98e-04
2026-07-17 08:30:46,947 [INFO] trainer: epoch 38 done train_loss=1.5682 dt=48.8s
2026-07-17 08:31:05,639 [INFO] trainer: epoch 39 step 50/135 loss=1.5837 lr=1.98e-04
2026-07-17 08:31:23,375 [INFO] trainer: epoch 39 step 100/135 loss=1.5588 lr=1.98e-04
2026-07-17 08:31:35,780 [INFO] trainer: epoch 39 done train_loss=1.5820 dt=48.8s
2026-07-17 08:31:54,536 [INFO] trainer: epoch 40 step 50/135 loss=1.5657 lr=1.98e-04
2026-07-17 08:32:12,265 [INFO] trainer: epoch 40 step 100/135 loss=1.5563 lr=1.98e-04
2026-07-17 08:32:24,669 [INFO] trainer: epoch 40 done train_loss=1.5552 dt=48.9s
2026-07-17 08:32:43,679 [INFO] trainer: epoch 41 step 50/135 loss=1.5215 lr=1.98e-04
2026-07-17 08:33:01,430 [INFO] trainer: epoch 41 step 100/135 loss=1.5429 lr=1.98e-04
2026-07-17 08:33:13,844 [INFO] trainer: epoch 41 done train_loss=1.5288 dt=48.9s
2026-07-17 08:33:32,448 [INFO] trainer: epoch 42 step 50/135 loss=1.5136 lr=1.98e-04
2026-07-17 08:33:50,188 [INFO] trainer: epoch 42 step 100/135 loss=1.5411 lr=1.98e-04
2026-07-17 08:34:02,606 [INFO] trainer: epoch 42 done train_loss=1.5182 dt=48.8s
2026-07-17 08:34:21,434 [INFO] trainer: epoch 43 step 50/135 loss=1.4844 lr=1.98e-04
2026-07-17 08:34:39,167 [INFO] trainer: epoch 43 step 100/135 loss=1.4879 lr=1.98e-04
2026-07-17 08:34:51,587 [INFO] trainer: epoch 43 done train_loss=1.4975 dt=49.0s
2026-07-17 08:35:10,215 [INFO] trainer: epoch 44 step 50/135 loss=1.5654 lr=1.98e-04
2026-07-17 08:35:27,946 [INFO] trainer: epoch 44 step 100/135 loss=1.4955 lr=1.98e-04
2026-07-17 08:35:40,360 [INFO] trainer: epoch 44 done train_loss=1.5055 dt=48.8s
2026-07-17 08:35:58,921 [INFO] trainer: epoch 45 step 50/135 loss=1.5069 lr=1.98e-04
2026-07-17 08:36:16,657 [INFO] trainer: epoch 45 step 100/135 loss=1.4943 lr=1.98e-04
2026-07-17 08:36:29,073 [INFO] trainer: epoch 45 done train_loss=1.4861 dt=48.7s
2026-07-17 08:36:47,692 [INFO] trainer: epoch 46 step 50/135 loss=1.4721 lr=1.97e-04
2026-07-17 08:37:05,481 [INFO] trainer: epoch 46 step 100/135 loss=1.4550 lr=1.97e-04
2026-07-17 08:37:17,954 [INFO] trainer: epoch 46 done train_loss=1.4750 dt=48.9s
2026-07-17 08:37:36,708 [INFO] trainer: epoch 47 step 50/135 loss=1.4405 lr=1.97e-04
2026-07-17 08:37:54,448 [INFO] trainer: epoch 47 step 100/135 loss=1.4257 lr=1.97e-04
2026-07-17 08:38:06,869 [INFO] trainer: epoch 47 done train_loss=1.4476 dt=48.9s
2026-07-17 08:38:25,699 [INFO] trainer: epoch 48 step 50/135 loss=1.4602 lr=1.97e-04
2026-07-17 08:38:43,534 [INFO] trainer: epoch 48 step 100/135 loss=1.5068 lr=1.97e-04
2026-07-17 08:38:55,959 [INFO] trainer: epoch 48 done train_loss=1.4659 dt=49.1s
2026-07-17 08:39:14,736 [INFO] trainer: epoch 49 step 50/135 loss=1.4093 lr=1.97e-04
2026-07-17 08:39:32,513 [INFO] trainer: epoch 49 step 100/135 loss=1.4434 lr=1.97e-04
2026-07-17 08:39:44,928 [INFO] trainer: epoch 49 done train_loss=1.4348 dt=49.0s
2026-07-17 08:40:03,422 [INFO] trainer: epoch 50 step 50/135 loss=1.4619 lr=1.97e-04
2026-07-17 08:40:21,166 [INFO] trainer: epoch 50 step 100/135 loss=1.4366 lr=1.97e-04
2026-07-17 08:40:33,581 [INFO] trainer: epoch 50 done train_loss=1.4400 dt=48.7s
2026-07-17 08:41:53,146 [INFO] trainer: epoch 50 val_mean_dice=0.7217
2026-07-17 08:42:12,552 [INFO] trainer: epoch 51 step 50/135 loss=1.4607 lr=1.97e-04
2026-07-17 08:42:30,300 [INFO] trainer: epoch 51 step 100/135 loss=1.4413 lr=1.97e-04
2026-07-17 08:42:42,714 [INFO] trainer: epoch 51 done train_loss=1.4501 dt=49.0s
2026-07-17 08:43:01,383 [INFO] trainer: epoch 52 step 50/135 loss=1.4225 lr=1.97e-04
2026-07-17 08:43:19,120 [INFO] trainer: epoch 52 step 100/135 loss=1.4483 lr=1.96e-04
2026-07-17 08:43:31,536 [INFO] trainer: epoch 52 done train_loss=1.4199 dt=48.8s
2026-07-17 08:43:50,202 [INFO] trainer: epoch 53 step 50/135 loss=1.4540 lr=1.96e-04
2026-07-17 08:44:07,988 [INFO] trainer: epoch 53 step 100/135 loss=1.4487 lr=1.96e-04
2026-07-17 08:44:20,429 [INFO] trainer: epoch 53 done train_loss=1.4378 dt=48.9s
2026-07-17 08:44:39,153 [INFO] trainer: epoch 54 step 50/135 loss=1.3880 lr=1.96e-04
2026-07-17 08:44:56,903 [INFO] trainer: epoch 54 step 100/135 loss=1.4245 lr=1.96e-04
2026-07-17 08:45:09,326 [INFO] trainer: epoch 54 done train_loss=1.4095 dt=48.9s
2026-07-17 08:45:28,113 [INFO] trainer: epoch 55 step 50/135 loss=1.4227 lr=1.96e-04
2026-07-17 08:45:45,880 [INFO] trainer: epoch 55 step 100/135 loss=1.3992 lr=1.96e-04
2026-07-17 08:45:58,305 [INFO] trainer: epoch 55 done train_loss=1.4260 dt=49.0s
2026-07-17 08:46:16,994 [INFO] trainer: epoch 56 step 50/135 loss=1.4380 lr=1.96e-04
2026-07-17 08:46:34,748 [INFO] trainer: epoch 56 step 100/135 loss=1.3819 lr=1.96e-04
2026-07-17 08:46:47,185 [INFO] trainer: epoch 56 done train_loss=1.4031 dt=48.9s
2026-07-17 08:47:05,807 [INFO] trainer: epoch 57 step 50/135 loss=1.4304 lr=1.96e-04
2026-07-17 08:47:23,573 [INFO] trainer: epoch 57 step 100/135 loss=1.4168 lr=1.96e-04
2026-07-17 08:47:35,990 [INFO] trainer: epoch 57 done train_loss=1.3988 dt=48.8s
2026-07-17 08:47:54,621 [INFO] trainer: epoch 58 step 50/135 loss=1.3830 lr=1.95e-04
2026-07-17 08:48:12,372 [INFO] trainer: epoch 58 step 100/135 loss=1.3303 lr=1.95e-04
2026-07-17 08:48:24,791 [INFO] trainer: epoch 58 done train_loss=1.3597 dt=48.8s
2026-07-17 08:48:43,544 [INFO] trainer: epoch 59 step 50/135 loss=1.3859 lr=1.95e-04
2026-07-17 08:49:01,383 [INFO] trainer: epoch 59 step 100/135 loss=1.4050 lr=1.95e-04
2026-07-17 08:49:13,807 [INFO] trainer: epoch 59 done train_loss=1.3937 dt=49.0s
2026-07-17 08:49:32,729 [INFO] trainer: epoch 60 step 50/135 loss=1.3702 lr=1.95e-04
2026-07-17 08:49:50,501 [INFO] trainer: epoch 60 step 100/135 loss=1.4339 lr=1.95e-04
2026-07-17 08:50:02,919 [INFO] trainer: epoch 60 done train_loss=1.4035 dt=49.1s
2026-07-17 08:50:21,768 [INFO] trainer: epoch 61 step 50/135 loss=1.3500 lr=1.95e-04
2026-07-17 08:50:39,532 [INFO] trainer: epoch 61 step 100/135 loss=1.3687 lr=1.95e-04
2026-07-17 08:50:51,961 [INFO] trainer: epoch 61 done train_loss=1.3756 dt=48.8s
2026-07-17 08:51:10,548 [INFO] trainer: epoch 62 step 50/135 loss=1.3607 lr=1.95e-04
2026-07-17 08:51:28,306 [INFO] trainer: epoch 62 step 100/135 loss=1.3838 lr=1.95e-04
2026-07-17 08:51:40,730 [INFO] trainer: epoch 62 done train_loss=1.3762 dt=48.8s
2026-07-17 08:51:59,559 [INFO] trainer: epoch 63 step 50/135 loss=1.4050 lr=1.94e-04
2026-07-17 08:52:17,333 [INFO] trainer: epoch 63 step 100/135 loss=1.4384 lr=1.94e-04
2026-07-17 08:52:29,763 [INFO] trainer: epoch 63 done train_loss=1.4092 dt=49.0s
2026-07-17 08:52:48,552 [INFO] trainer: epoch 64 step 50/135 loss=1.3575 lr=1.94e-04
2026-07-17 08:53:06,315 [INFO] trainer: epoch 64 step 100/135 loss=1.3555 lr=1.94e-04
2026-07-17 08:53:18,740 [INFO] trainer: epoch 64 done train_loss=1.3482 dt=49.0s
2026-07-17 08:53:37,406 [INFO] trainer: epoch 65 step 50/135 loss=1.3912 lr=1.94e-04
2026-07-17 08:53:55,150 [INFO] trainer: epoch 65 step 100/135 loss=1.3742 lr=1.94e-04
2026-07-17 08:54:07,567 [INFO] trainer: epoch 65 done train_loss=1.3855 dt=48.8s
2026-07-17 08:54:26,181 [INFO] trainer: epoch 66 step 50/135 loss=1.3325 lr=1.94e-04
2026-07-17 08:54:43,972 [INFO] trainer: epoch 66 step 100/135 loss=1.3729 lr=1.94e-04
2026-07-17 08:54:56,402 [INFO] trainer: epoch 66 done train_loss=1.3450 dt=48.8s
2026-07-17 08:55:15,154 [INFO] trainer: epoch 67 step 50/135 loss=1.3682 lr=1.94e-04
2026-07-17 08:55:32,927 [INFO] trainer: epoch 67 step 100/135 loss=1.3447 lr=1.93e-04
2026-07-17 08:55:45,363 [INFO] trainer: epoch 67 done train_loss=1.3534 dt=49.0s
2026-07-17 08:56:04,032 [INFO] trainer: epoch 68 step 50/135 loss=1.3587 lr=1.93e-04
2026-07-17 08:56:21,782 [INFO] trainer: epoch 68 step 100/135 loss=1.3385 lr=1.93e-04
2026-07-17 08:56:34,211 [INFO] trainer: epoch 68 done train_loss=1.3519 dt=48.8s
2026-07-17 08:56:52,854 [INFO] trainer: epoch 69 step 50/135 loss=1.3637 lr=1.93e-04
2026-07-17 08:57:10,610 [INFO] trainer: epoch 69 step 100/135 loss=1.3536 lr=1.93e-04
2026-07-17 08:57:23,037 [INFO] trainer: epoch 69 done train_loss=1.3683 dt=48.8s
2026-07-17 08:57:41,510 [INFO] trainer: epoch 70 step 50/135 loss=1.3418 lr=1.93e-04
2026-07-17 08:57:59,288 [INFO] trainer: epoch 70 step 100/135 loss=1.3512 lr=1.93e-04
2026-07-17 08:58:11,710 [INFO] trainer: epoch 70 done train_loss=1.3531 dt=48.7s
2026-07-17 08:58:30,713 [INFO] trainer: epoch 71 step 50/135 loss=1.3363 lr=1.93e-04
2026-07-17 08:58:48,471 [INFO] trainer: epoch 71 step 100/135 loss=1.3400 lr=1.93e-04
2026-07-17 08:59:00,890 [INFO] trainer: epoch 71 done train_loss=1.3365 dt=48.9s
2026-07-17 08:59:19,648 [INFO] trainer: epoch 72 step 50/135 loss=1.3670 lr=1.92e-04
2026-07-17 08:59:37,414 [INFO] trainer: epoch 72 step 100/135 loss=1.3895 lr=1.92e-04
2026-07-17 08:59:49,846 [INFO] trainer: epoch 72 done train_loss=1.3677 dt=49.0s
2026-07-17 09:00:08,722 [INFO] trainer: epoch 73 step 50/135 loss=1.3127 lr=1.92e-04
2026-07-17 09:00:26,479 [INFO] trainer: epoch 73 step 100/135 loss=1.4149 lr=1.92e-04
2026-07-17 09:00:38,932 [INFO] trainer: epoch 73 done train_loss=1.3443 dt=49.1s
2026-07-17 09:00:57,600 [INFO] trainer: epoch 74 step 50/135 loss=1.3648 lr=1.92e-04
2026-07-17 09:01:15,374 [INFO] trainer: epoch 74 step 100/135 loss=1.3468 lr=1.92e-04
2026-07-17 09:01:27,802 [INFO] trainer: epoch 74 done train_loss=1.3412 dt=48.9s
2026-07-17 09:01:46,568 [INFO] trainer: epoch 75 step 50/135 loss=1.3072 lr=1.92e-04
2026-07-17 09:02:04,342 [INFO] trainer: epoch 75 step 100/135 loss=1.3179 lr=1.92e-04
2026-07-17 09:02:16,772 [INFO] trainer: epoch 75 done train_loss=1.3038 dt=49.0s
2026-07-17 09:03:36,318 [INFO] trainer: epoch 75 val_mean_dice=0.7350
2026-07-17 09:03:55,530 [INFO] trainer: epoch 76 step 50/135 loss=1.3575 lr=1.91e-04
2026-07-17 09:04:13,303 [INFO] trainer: epoch 76 step 100/135 loss=1.3212 lr=1.91e-04
2026-07-17 09:04:25,725 [INFO] trainer: epoch 76 done train_loss=1.3245 dt=49.1s
2026-07-17 09:04:44,356 [INFO] trainer: epoch 77 step 50/135 loss=1.3276 lr=1.91e-04
2026-07-17 09:05:02,127 [INFO] trainer: epoch 77 step 100/135 loss=1.3429 lr=1.91e-04
2026-07-17 09:05:14,570 [INFO] trainer: epoch 77 done train_loss=1.3356 dt=48.8s
2026-07-17 09:05:33,244 [INFO] trainer: epoch 78 step 50/135 loss=1.2350 lr=1.91e-04
2026-07-17 09:05:51,032 [INFO] trainer: epoch 78 step 100/135 loss=1.3753 lr=1.91e-04
2026-07-17 09:06:03,460 [INFO] trainer: epoch 78 done train_loss=1.3139 dt=48.9s
2026-07-17 09:06:22,066 [INFO] trainer: epoch 79 step 50/135 loss=1.2842 lr=1.91e-04
2026-07-17 09:06:39,840 [INFO] trainer: epoch 79 step 100/135 loss=1.3556 lr=1.90e-04
2026-07-17 09:06:52,281 [INFO] trainer: epoch 79 done train_loss=1.3191 dt=48.8s
2026-07-17 09:07:10,911 [INFO] trainer: epoch 80 step 50/135 loss=1.3518 lr=1.90e-04
2026-07-17 09:07:28,717 [INFO] trainer: epoch 80 step 100/135 loss=1.2958 lr=1.90e-04
2026-07-17 09:07:41,159 [INFO] trainer: epoch 80 done train_loss=1.3136 dt=48.9s
2026-07-17 09:08:00,176 [INFO] trainer: epoch 81 step 50/135 loss=1.3164 lr=1.90e-04
2026-07-17 09:08:17,905 [INFO] trainer: epoch 81 step 100/135 loss=1.3021 lr=1.90e-04
2026-07-17 09:08:30,321 [INFO] trainer: epoch 81 done train_loss=1.3389 dt=48.9s
2026-07-17 09:08:48,768 [INFO] trainer: epoch 82 step 50/135 loss=1.3283 lr=1.90e-04
2026-07-17 09:09:06,533 [INFO] trainer: epoch 82 step 100/135 loss=1.2833 lr=1.90e-04
2026-07-17 09:09:18,949 [INFO] trainer: epoch 82 done train_loss=1.2950 dt=48.6s
2026-07-17 09:09:37,519 [INFO] trainer: epoch 83 step 50/135 loss=1.3030 lr=1.89e-04
2026-07-17 09:09:55,310 [INFO] trainer: epoch 83 step 100/135 loss=1.2735 lr=1.89e-04
2026-07-17 09:10:07,737 [INFO] trainer: epoch 83 done train_loss=1.2954 dt=48.8s
2026-07-17 09:10:26,453 [INFO] trainer: epoch 84 step 50/135 loss=1.2733 lr=1.89e-04
2026-07-17 09:10:44,204 [INFO] trainer: epoch 84 step 100/135 loss=1.3538 lr=1.89e-04
2026-07-17 09:10:56,636 [INFO] trainer: epoch 84 done train_loss=1.3077 dt=48.9s
2026-07-17 09:11:15,186 [INFO] trainer: epoch 85 step 50/135 loss=1.3738 lr=1.89e-04
2026-07-17 09:11:32,942 [INFO] trainer: epoch 85 step 100/135 loss=1.3092 lr=1.89e-04
2026-07-17 09:11:45,366 [INFO] trainer: epoch 85 done train_loss=1.3340 dt=48.7s
2026-07-17 09:12:04,070 [INFO] trainer: epoch 86 step 50/135 loss=1.3156 lr=1.89e-04
2026-07-17 09:12:21,831 [INFO] trainer: epoch 86 step 100/135 loss=1.3030 lr=1.88e-04
2026-07-17 09:12:34,265 [INFO] trainer: epoch 86 done train_loss=1.2992 dt=48.9s
2026-07-17 09:12:52,750 [INFO] trainer: epoch 87 step 50/135 loss=1.3273 lr=1.88e-04
2026-07-17 09:13:10,512 [INFO] trainer: epoch 87 step 100/135 loss=1.2905 lr=1.88e-04
2026-07-17 09:13:22,934 [INFO] trainer: epoch 87 done train_loss=1.3157 dt=48.7s
2026-07-17 09:13:41,639 [INFO] trainer: epoch 88 step 50/135 loss=1.3073 lr=1.88e-04
2026-07-17 09:13:59,431 [INFO] trainer: epoch 88 step 100/135 loss=1.2866 lr=1.88e-04
2026-07-17 09:14:11,888 [INFO] trainer: epoch 88 done train_loss=1.3087 dt=49.0s
2026-07-17 09:14:30,606 [INFO] trainer: epoch 89 step 50/135 loss=1.2980 lr=1.88e-04
2026-07-17 09:14:48,349 [INFO] trainer: epoch 89 step 100/135 loss=1.3752 lr=1.88e-04
2026-07-17 09:15:00,765 [INFO] trainer: epoch 89 done train_loss=1.3248 dt=48.9s
2026-07-17 09:15:19,469 [INFO] trainer: epoch 90 step 50/135 loss=1.2761 lr=1.87e-04
2026-07-17 09:15:37,236 [INFO] trainer: epoch 90 step 100/135 loss=1.2818 lr=1.87e-04
2026-07-17 09:15:49,668 [INFO] trainer: epoch 90 done train_loss=1.2854 dt=48.9s
2026-07-17 09:16:08,448 [INFO] trainer: epoch 91 step 50/135 loss=1.2616 lr=1.87e-04
2026-07-17 09:16:26,211 [INFO] trainer: epoch 91 step 100/135 loss=1.3193 lr=1.87e-04
2026-07-17 09:16:38,688 [INFO] trainer: epoch 91 done train_loss=1.2730 dt=48.7s
2026-07-17 09:16:57,728 [INFO] trainer: epoch 92 step 50/135 loss=1.2845 lr=1.87e-04
2026-07-17 09:17:15,456 [INFO] trainer: epoch 92 step 100/135 loss=1.3292 lr=1.87e-04
2026-07-17 09:17:27,860 [INFO] trainer: epoch 92 done train_loss=1.3029 dt=49.2s
2026-07-17 09:17:46,486 [INFO] trainer: epoch 93 step 50/135 loss=1.2588 lr=1.86e-04
2026-07-17 09:18:04,230 [INFO] trainer: epoch 93 step 100/135 loss=1.2870 lr=1.86e-04
2026-07-17 09:18:16,654 [INFO] trainer: epoch 93 done train_loss=1.2830 dt=48.8s
2026-07-17 09:18:35,334 [INFO] trainer: epoch 94 step 50/135 loss=1.2715 lr=1.86e-04
2026-07-17 09:18:53,059 [INFO] trainer: epoch 94 step 100/135 loss=1.3228 lr=1.86e-04
2026-07-17 09:19:05,475 [INFO] trainer: epoch 94 done train_loss=1.2755 dt=48.8s
2026-07-17 09:19:24,211 [INFO] trainer: epoch 95 step 50/135 loss=1.2537 lr=1.86e-04
2026-07-17 09:19:41,953 [INFO] trainer: epoch 95 step 100/135 loss=1.2601 lr=1.86e-04
2026-07-17 09:19:54,386 [INFO] trainer: epoch 95 done train_loss=1.2520 dt=48.9s
2026-07-17 09:20:12,961 [INFO] trainer: epoch 96 step 50/135 loss=1.2811 lr=1.85e-04
2026-07-17 09:20:30,699 [INFO] trainer: epoch 96 step 100/135 loss=1.2516 lr=1.85e-04
2026-07-17 09:20:43,139 [INFO] trainer: epoch 96 done train_loss=1.2603 dt=48.8s
2026-07-17 09:21:01,804 [INFO] trainer: epoch 97 step 50/135 loss=1.3028 lr=1.85e-04
2026-07-17 09:21:19,539 [INFO] trainer: epoch 97 step 100/135 loss=1.3071 lr=1.85e-04
2026-07-17 09:21:31,952 [INFO] trainer: epoch 97 done train_loss=1.2840 dt=48.8s
2026-07-17 09:21:50,690 [INFO] trainer: epoch 98 step 50/135 loss=1.2902 lr=1.85e-04
2026-07-17 09:22:08,452 [INFO] trainer: epoch 98 step 100/135 loss=1.3232 lr=1.85e-04
2026-07-17 09:22:20,868 [INFO] trainer: epoch 98 done train_loss=1.3006 dt=48.9s
2026-07-17 09:22:39,523 [INFO] trainer: epoch 99 step 50/135 loss=1.2644 lr=1.84e-04
2026-07-17 09:22:57,277 [INFO] trainer: epoch 99 step 100/135 loss=1.2736 lr=1.84e-04
2026-07-17 09:23:09,711 [INFO] trainer: epoch 99 done train_loss=1.2555 dt=48.8s
2026-07-17 09:23:28,448 [INFO] trainer: epoch 100 step 50/135 loss=1.2955 lr=1.84e-04
2026-07-17 09:23:46,196 [INFO] trainer: epoch 100 step 100/135 loss=1.2712 lr=1.84e-04
2026-07-17 09:23:58,610 [INFO] trainer: epoch 100 done train_loss=1.2836 dt=48.9s
2026-07-17 09:25:24,432 [INFO] trainer: epoch 100 val_mean_dice=0.7610
2026-07-17 09:25:43,430 [INFO] trainer: epoch 101 step 50/135 loss=1.2879 lr=1.84e-04
2026-07-17 09:26:01,186 [INFO] trainer: epoch 101 step 100/135 loss=1.2782 lr=1.84e-04
2026-07-17 09:26:13,622 [INFO] trainer: epoch 101 done train_loss=1.2909 dt=48.6s
2026-07-17 09:26:32,453 [INFO] trainer: epoch 102 step 50/135 loss=1.2648 lr=1.83e-04
2026-07-17 09:26:50,199 [INFO] trainer: epoch 102 step 100/135 loss=1.1793 lr=1.83e-04
2026-07-17 09:27:02,620 [INFO] trainer: epoch 102 done train_loss=1.2495 dt=49.0s
2026-07-17 09:27:21,156 [INFO] trainer: epoch 103 step 50/135 loss=1.2477 lr=1.83e-04
2026-07-17 09:27:38,899 [INFO] trainer: epoch 103 step 100/135 loss=1.2564 lr=1.83e-04
2026-07-17 09:27:51,325 [INFO] trainer: epoch 103 done train_loss=1.2572 dt=48.7s
2026-07-17 09:28:10,048 [INFO] trainer: epoch 104 step 50/135 loss=1.2831 lr=1.83e-04
2026-07-17 09:28:27,814 [INFO] trainer: epoch 104 step 100/135 loss=1.2297 lr=1.83e-04
2026-07-17 09:28:40,235 [INFO] trainer: epoch 104 done train_loss=1.2503 dt=48.9s
2026-07-17 09:28:58,769 [INFO] trainer: epoch 105 step 50/135 loss=1.2251 lr=1.82e-04
2026-07-17 09:29:16,529 [INFO] trainer: epoch 105 step 100/135 loss=1.2464 lr=1.82e-04
2026-07-17 09:29:28,953 [INFO] trainer: epoch 105 done train_loss=1.2456 dt=48.7s
2026-07-17 09:29:47,675 [INFO] trainer: epoch 106 step 50/135 loss=1.2502 lr=1.82e-04
2026-07-17 09:30:05,417 [INFO] trainer: epoch 106 step 100/135 loss=1.2479 lr=1.82e-04
2026-07-17 09:30:17,830 [INFO] trainer: epoch 106 done train_loss=1.2408 dt=48.9s
2026-07-17 09:30:36,796 [INFO] trainer: epoch 107 step 50/135 loss=1.2133 lr=1.82e-04
2026-07-17 09:30:54,575 [INFO] trainer: epoch 107 step 100/135 loss=1.2768 lr=1.81e-04
2026-07-17 09:31:07,004 [INFO] trainer: epoch 107 done train_loss=1.2731 dt=49.2s
2026-07-17 09:31:25,774 [INFO] trainer: epoch 108 step 50/135 loss=1.2380 lr=1.81e-04
2026-07-17 09:31:43,535 [INFO] trainer: epoch 108 step 100/135 loss=1.2504 lr=1.81e-04
2026-07-17 09:31:55,974 [INFO] trainer: epoch 108 done train_loss=1.2574 dt=49.0s
2026-07-17 09:32:14,658 [INFO] trainer: epoch 109 step 50/135 loss=1.2498 lr=1.81e-04
2026-07-17 09:32:32,417 [INFO] trainer: epoch 109 step 100/135 loss=1.2543 lr=1.81e-04
2026-07-17 09:32:44,835 [INFO] trainer: epoch 109 done train_loss=1.2717 dt=48.9s
2026-07-17 09:33:03,458 [INFO] trainer: epoch 110 step 50/135 loss=1.2604 lr=1.80e-04
2026-07-17 09:33:21,224 [INFO] trainer: epoch 110 step 100/135 loss=1.3186 lr=1.80e-04
2026-07-17 09:33:33,642 [INFO] trainer: epoch 110 done train_loss=1.2602 dt=48.8s
2026-07-17 09:33:52,565 [INFO] trainer: epoch 111 step 50/135 loss=1.2299 lr=1.80e-04
2026-07-17 09:34:10,315 [INFO] trainer: epoch 111 step 100/135 loss=1.2011 lr=1.80e-04
2026-07-17 09:34:22,737 [INFO] trainer: epoch 111 done train_loss=1.2139 dt=48.8s
2026-07-17 09:34:41,573 [INFO] trainer: epoch 112 step 50/135 loss=1.2389 lr=1.80e-04
2026-07-17 09:34:59,326 [INFO] trainer: epoch 112 step 100/135 loss=1.2274 lr=1.80e-04
2026-07-17 09:35:11,741 [INFO] trainer: epoch 112 done train_loss=1.2476 dt=49.0s
2026-07-17 09:35:30,352 [INFO] trainer: epoch 113 step 50/135 loss=1.2724 lr=1.79e-04
2026-07-17 09:35:48,068 [INFO] trainer: epoch 113 step 100/135 loss=1.2427 lr=1.79e-04
2026-07-17 09:36:00,477 [INFO] trainer: epoch 113 done train_loss=1.2529 dt=48.7s
2026-07-17 09:36:19,262 [INFO] trainer: epoch 114 step 50/135 loss=1.2387 lr=1.79e-04
2026-07-17 09:36:37,096 [INFO] trainer: epoch 114 step 100/135 loss=1.2713 lr=1.79e-04
2026-07-17 09:36:49,546 [INFO] trainer: epoch 114 done train_loss=1.2519 dt=49.1s
2026-07-17 09:37:08,142 [INFO] trainer: epoch 115 step 50/135 loss=1.2682 lr=1.79e-04
2026-07-17 09:37:25,886 [INFO] trainer: epoch 115 step 100/135 loss=1.2038 lr=1.78e-04
2026-07-17 09:37:38,299 [INFO] trainer: epoch 115 done train_loss=1.2513 dt=48.8s
2026-07-17 09:37:56,865 [INFO] trainer: epoch 116 step 50/135 loss=1.2615 lr=1.78e-04
2026-07-17 09:38:14,609 [INFO] trainer: epoch 116 step 100/135 loss=1.2165 lr=1.78e-04
2026-07-17 09:38:27,032 [INFO] trainer: epoch 116 done train_loss=1.2439 dt=48.7s
2026-07-17 09:38:45,603 [INFO] trainer: epoch 117 step 50/135 loss=1.2481 lr=1.78e-04
2026-07-17 09:39:03,320 [INFO] trainer: epoch 117 step 100/135 loss=1.2555 lr=1.78e-04
2026-07-17 09:39:15,766 [INFO] trainer: epoch 117 done train_loss=1.2647 dt=48.7s
2026-07-17 09:39:34,367 [INFO] trainer: epoch 118 step 50/135 loss=1.2319 lr=1.77e-04
2026-07-17 09:39:52,107 [INFO] trainer: epoch 118 step 100/135 loss=1.2388 lr=1.77e-04
2026-07-17 09:40:04,507 [INFO] trainer: epoch 118 done train_loss=1.2264 dt=48.7s
2026-07-17 09:40:23,190 [INFO] trainer: epoch 119 step 50/135 loss=1.2135 lr=1.77e-04
2026-07-17 09:40:40,952 [INFO] trainer: epoch 119 step 100/135 loss=1.2345 lr=1.77e-04
2026-07-17 09:40:53,390 [INFO] trainer: epoch 119 done train_loss=1.2225 dt=48.9s
2026-07-17 09:41:12,070 [INFO] trainer: epoch 120 step 50/135 loss=1.1824 lr=1.77e-04
2026-07-17 09:41:30,082 [INFO] trainer: epoch 120 step 100/135 loss=1.2556 lr=1.76e-04
2026-07-17 09:41:42,507 [INFO] trainer: epoch 120 done train_loss=1.2259 dt=49.1s
2026-07-17 09:42:01,324 [INFO] trainer: epoch 121 step 50/135 loss=1.2585 lr=1.76e-04
2026-07-17 09:42:19,070 [INFO] trainer: epoch 121 step 100/135 loss=1.2276 lr=1.76e-04
2026-07-17 09:42:31,493 [INFO] trainer: epoch 121 done train_loss=1.2370 dt=48.7s
2026-07-17 09:42:50,018 [INFO] trainer: epoch 122 step 50/135 loss=1.1790 lr=1.76e-04
2026-07-17 09:43:07,764 [INFO] trainer: epoch 122 step 100/135 loss=1.2192 lr=1.76e-04
2026-07-17 09:43:20,186 [INFO] trainer: epoch 122 done train_loss=1.2037 dt=48.7s
2026-07-17 09:43:39,034 [INFO] trainer: epoch 123 step 50/135 loss=1.1968 lr=1.75e-04
2026-07-17 09:43:56,789 [INFO] trainer: epoch 123 step 100/135 loss=1.2347 lr=1.75e-04
2026-07-17 09:44:09,216 [INFO] trainer: epoch 123 done train_loss=1.2225 dt=49.0s
2026-07-17 09:44:27,895 [INFO] trainer: epoch 124 step 50/135 loss=1.2231 lr=1.75e-04
2026-07-17 09:44:45,730 [INFO] trainer: epoch 124 step 100/135 loss=1.2543 lr=1.75e-04
2026-07-17 09:44:58,177 [INFO] trainer: epoch 124 done train_loss=1.2407 dt=49.0s
2026-07-17 09:45:16,872 [INFO] trainer: epoch 125 step 50/135 loss=1.1954 lr=1.74e-04
2026-07-17 09:45:34,614 [INFO] trainer: epoch 125 step 100/135 loss=1.2108 lr=1.74e-04
2026-07-17 09:45:47,039 [INFO] trainer: epoch 125 done train_loss=1.2074 dt=48.9s
2026-07-17 09:47:06,843 [INFO] trainer: epoch 125 val_mean_dice=0.7705
2026-07-17 09:47:25,845 [INFO] trainer: epoch 126 step 50/135 loss=1.1240 lr=1.74e-04
2026-07-17 09:47:43,596 [INFO] trainer: epoch 126 step 100/135 loss=1.2320 lr=1.74e-04
2026-07-17 09:47:56,009 [INFO] trainer: epoch 126 done train_loss=1.2005 dt=48.9s
2026-07-17 09:48:14,891 [INFO] trainer: epoch 127 step 50/135 loss=1.1714 lr=1.74e-04
2026-07-17 09:48:32,626 [INFO] trainer: epoch 127 step 100/135 loss=1.2521 lr=1.73e-04
2026-07-17 09:48:45,209 [INFO] trainer: epoch 127 done train_loss=1.2088 dt=49.2s
2026-07-17 09:49:04,195 [INFO] trainer: epoch 128 step 50/135 loss=1.1746 lr=1.73e-04
2026-07-17 09:49:21,997 [INFO] trainer: epoch 128 step 100/135 loss=1.1864 lr=1.73e-04
2026-07-17 09:49:34,422 [INFO] trainer: epoch 128 done train_loss=1.1853 dt=49.2s
2026-07-17 09:49:53,039 [INFO] trainer: epoch 129 step 50/135 loss=1.1954 lr=1.73e-04
2026-07-17 09:50:10,794 [INFO] trainer: epoch 129 step 100/135 loss=1.2493 lr=1.73e-04
2026-07-17 09:50:23,218 [INFO] trainer: epoch 129 done train_loss=1.2199 dt=48.8s
2026-07-17 09:50:41,864 [INFO] trainer: epoch 130 step 50/135 loss=1.1978 lr=1.72e-04
2026-07-17 09:50:59,615 [INFO] trainer: epoch 130 step 100/135 loss=1.1996 lr=1.72e-04
2026-07-17 09:51:12,043 [INFO] trainer: epoch 130 done train_loss=1.2067 dt=48.8s
2026-07-17 09:51:30,931 [INFO] trainer: epoch 131 step 50/135 loss=1.1633 lr=1.72e-04
2026-07-17 09:51:48,678 [INFO] trainer: epoch 131 step 100/135 loss=1.1920 lr=1.72e-04
2026-07-17 09:52:01,112 [INFO] trainer: epoch 131 done train_loss=1.1831 dt=48.8s
2026-07-17 09:52:19,578 [INFO] trainer: epoch 132 step 50/135 loss=1.1928 lr=1.71e-04
2026-07-17 09:52:37,330 [INFO] trainer: epoch 132 step 100/135 loss=1.2214 lr=1.71e-04
2026-07-17 09:52:49,767 [INFO] trainer: epoch 132 done train_loss=1.2143 dt=48.7s
2026-07-17 09:53:08,612 [INFO] trainer: epoch 133 step 50/135 loss=1.2220 lr=1.71e-04
2026-07-17 09:53:26,360 [INFO] trainer: epoch 133 step 100/135 loss=1.1768 lr=1.71e-04
2026-07-17 09:53:38,785 [INFO] trainer: epoch 133 done train_loss=1.1986 dt=49.0s
2026-07-17 09:53:57,374 [INFO] trainer: epoch 134 step 50/135 loss=1.1956 lr=1.70e-04
2026-07-17 09:54:15,124 [INFO] trainer: epoch 134 step 100/135 loss=1.2009 lr=1.70e-04
2026-07-17 09:54:27,547 [INFO] trainer: epoch 134 done train_loss=1.1918 dt=48.8s
2026-07-17 09:54:46,104 [INFO] trainer: epoch 135 step 50/135 loss=1.2291 lr=1.70e-04
2026-07-17 09:55:03,856 [INFO] trainer: epoch 135 step 100/135 loss=1.2140 lr=1.70e-04
2026-07-17 09:55:16,277 [INFO] trainer: epoch 135 done train_loss=1.2204 dt=48.7s
2026-07-17 09:55:34,868 [INFO] trainer: epoch 136 step 50/135 loss=1.1687 lr=1.70e-04
2026-07-17 09:55:52,631 [INFO] trainer: epoch 136 step 100/135 loss=1.2195 lr=1.69e-04
2026-07-17 09:56:05,055 [INFO] trainer: epoch 136 done train_loss=1.1878 dt=48.8s
2026-07-17 09:56:23,622 [INFO] trainer: epoch 137 step 50/135 loss=1.2083 lr=1.69e-04
2026-07-17 09:56:41,359 [INFO] trainer: epoch 137 step 100/135 loss=1.1939 lr=1.69e-04
2026-07-17 09:56:53,791 [INFO] trainer: epoch 137 done train_loss=1.1894 dt=48.7s
2026-07-17 09:57:12,509 [INFO] trainer: epoch 138 step 50/135 loss=1.1878 lr=1.69e-04
2026-07-17 09:57:30,295 [INFO] trainer: epoch 138 step 100/135 loss=1.2075 lr=1.68e-04
2026-07-17 09:57:42,733 [INFO] trainer: epoch 138 done train_loss=1.2039 dt=48.9s
2026-07-17 09:58:01,485 [INFO] trainer: epoch 139 step 50/135 loss=1.1812 lr=1.68e-04
2026-07-17 09:58:19,236 [INFO] trainer: epoch 139 step 100/135 loss=1.1927 lr=1.68e-04
2026-07-17 09:58:31,664 [INFO] trainer: epoch 139 done train_loss=1.1757 dt=48.9s
2026-07-17 09:58:50,487 [INFO] trainer: epoch 140 step 50/135 loss=1.2292 lr=1.68e-04
2026-07-17 09:59:08,236 [INFO] trainer: epoch 140 step 100/135 loss=1.2132 lr=1.68e-04
2026-07-17 09:59:20,664 [INFO] trainer: epoch 140 done train_loss=1.2092 dt=49.0s
2026-07-17 09:59:39,771 [INFO] trainer: epoch 141 step 50/135 loss=1.2237 lr=1.67e-04
2026-07-17 09:59:57,560 [INFO] trainer: epoch 141 step 100/135 loss=1.1664 lr=1.67e-04
2026-07-17 10:00:09,979 [INFO] trainer: epoch 141 done train_loss=1.1996 dt=49.0s
2026-07-17 10:00:28,649 [INFO] trainer: epoch 142 step 50/135 loss=1.1959 lr=1.67e-04
2026-07-17 10:00:46,460 [INFO] trainer: epoch 142 step 100/135 loss=1.1467 lr=1.67e-04
2026-07-17 10:00:58,906 [INFO] trainer: epoch 142 done train_loss=1.1768 dt=48.9s
2026-07-17 10:01:17,650 [INFO] trainer: epoch 143 step 50/135 loss=1.2566 lr=1.66e-04
2026-07-17 10:01:35,419 [INFO] trainer: epoch 143 step 100/135 loss=1.1739 lr=1.66e-04
2026-07-17 10:01:47,839 [INFO] trainer: epoch 143 done train_loss=1.1958 dt=48.9s
2026-07-17 10:02:06,515 [INFO] trainer: epoch 144 step 50/135 loss=1.1838 lr=1.66e-04
2026-07-17 10:02:24,316 [INFO] trainer: epoch 144 step 100/135 loss=1.2098 lr=1.66e-04
2026-07-17 10:02:36,750 [INFO] trainer: epoch 144 done train_loss=1.1908 dt=48.9s
2026-07-17 10:02:55,410 [INFO] trainer: epoch 145 step 50/135 loss=1.1884 lr=1.65e-04
2026-07-17 10:03:13,200 [INFO] trainer: epoch 145 step 100/135 loss=1.1470 lr=1.65e-04
2026-07-17 10:03:25,650 [INFO] trainer: epoch 145 done train_loss=1.1678 dt=48.9s
2026-07-17 10:03:44,451 [INFO] trainer: epoch 146 step 50/135 loss=1.2122 lr=1.65e-04
2026-07-17 10:04:02,187 [INFO] trainer: epoch 146 step 100/135 loss=1.1684 lr=1.65e-04
2026-07-17 10:04:14,603 [INFO] trainer: epoch 146 done train_loss=1.1868 dt=49.0s
2026-07-17 10:04:33,198 [INFO] trainer: epoch 147 step 50/135 loss=1.1583 lr=1.64e-04
2026-07-17 10:04:50,930 [INFO] trainer: epoch 147 step 100/135 loss=1.1252 lr=1.64e-04
2026-07-17 10:05:03,346 [INFO] trainer: epoch 147 done train_loss=1.1666 dt=48.7s
2026-07-17 10:05:22,081 [INFO] trainer: epoch 148 step 50/135 loss=1.1994 lr=1.64e-04
2026-07-17 10:05:39,796 [INFO] trainer: epoch 148 step 100/135 loss=1.2076 lr=1.64e-04
2026-07-17 10:05:52,234 [INFO] trainer: epoch 148 done train_loss=1.1952 dt=48.9s
2026-07-17 10:06:10,900 [INFO] trainer: epoch 149 step 50/135 loss=1.1976 lr=1.63e-04
2026-07-17 10:06:28,650 [INFO] trainer: epoch 149 step 100/135 loss=1.1841 lr=1.63e-04
2026-07-17 10:06:41,069 [INFO] trainer: epoch 149 done train_loss=1.1794 dt=48.8s
2026-07-17 10:06:59,874 [INFO] trainer: epoch 150 step 50/135 loss=1.1991 lr=1.63e-04
2026-07-17 10:07:17,623 [INFO] trainer: epoch 150 step 100/135 loss=1.1972 lr=1.63e-04
2026-07-17 10:07:30,039 [INFO] trainer: epoch 150 done train_loss=1.2009 dt=49.0s
2026-07-17 10:08:49,741 [INFO] trainer: epoch 150 val_mean_dice=0.7862
2026-07-17 10:09:09,120 [INFO] trainer: epoch 151 step 50/135 loss=1.1682 lr=1.62e-04
2026-07-17 10:09:26,871 [INFO] trainer: epoch 151 step 100/135 loss=1.1820 lr=1.62e-04
2026-07-17 10:09:39,304 [INFO] trainer: epoch 151 done train_loss=1.1837 dt=48.9s
2026-07-17 10:09:57,939 [INFO] trainer: epoch 152 step 50/135 loss=1.2033 lr=1.62e-04
2026-07-17 10:10:15,694 [INFO] trainer: epoch 152 step 100/135 loss=1.1513 lr=1.62e-04
2026-07-17 10:10:28,111 [INFO] trainer: epoch 152 done train_loss=1.1715 dt=48.8s
2026-07-17 10:10:46,794 [INFO] trainer: epoch 153 step 50/135 loss=1.1979 lr=1.61e-04
2026-07-17 10:11:04,547 [INFO] trainer: epoch 153 step 100/135 loss=1.1712 lr=1.61e-04
2026-07-17 10:11:16,974 [INFO] trainer: epoch 153 done train_loss=1.1811 dt=48.9s
2026-07-17 10:11:35,766 [INFO] trainer: epoch 154 step 50/135 loss=1.1747 lr=1.61e-04
2026-07-17 10:11:53,492 [INFO] trainer: epoch 154 step 100/135 loss=1.1763 lr=1.61e-04
2026-07-17 10:12:05,921 [INFO] trainer: epoch 154 done train_loss=1.1763 dt=48.9s
2026-07-17 10:12:24,459 [INFO] trainer: epoch 155 step 50/135 loss=1.1989 lr=1.60e-04
2026-07-17 10:12:42,210 [INFO] trainer: epoch 155 step 100/135 loss=1.1760 lr=1.60e-04
2026-07-17 10:12:54,638 [INFO] trainer: epoch 155 done train_loss=1.1824 dt=48.7s
2026-07-17 10:13:13,305 [INFO] trainer: epoch 156 step 50/135 loss=1.2066 lr=1.60e-04
2026-07-17 10:13:31,043 [INFO] trainer: epoch 156 step 100/135 loss=1.1477 lr=1.60e-04
2026-07-17 10:13:43,449 [INFO] trainer: epoch 156 done train_loss=1.1787 dt=48.8s
2026-07-17 10:14:01,990 [INFO] trainer: epoch 157 step 50/135 loss=1.1840 lr=1.59e-04
2026-07-17 10:14:19,785 [INFO] trainer: epoch 157 step 100/135 loss=1.1321 lr=1.59e-04
2026-07-17 10:14:32,248 [INFO] trainer: epoch 157 done train_loss=1.1538 dt=48.8s
2026-07-17 10:14:50,915 [INFO] trainer: epoch 158 step 50/135 loss=1.1737 lr=1.59e-04
2026-07-17 10:15:08,647 [INFO] trainer: epoch 158 step 100/135 loss=1.1609 lr=1.59e-04
2026-07-17 10:15:21,048 [INFO] trainer: epoch 158 done train_loss=1.1623 dt=48.8s
2026-07-17 10:15:39,958 [INFO] trainer: epoch 159 step 50/135 loss=1.1366 lr=1.58e-04
2026-07-17 10:15:57,699 [INFO] trainer: epoch 159 step 100/135 loss=1.1874 lr=1.58e-04
2026-07-17 10:16:10,125 [INFO] trainer: epoch 159 done train_loss=1.1639 dt=49.1s
2026-07-17 10:16:28,842 [INFO] trainer: epoch 160 step 50/135 loss=1.1414 lr=1.58e-04
2026-07-17 10:16:46,595 [INFO] trainer: epoch 160 step 100/135 loss=1.1848 lr=1.58e-04
2026-07-17 10:16:59,024 [INFO] trainer: epoch 160 done train_loss=1.1542 dt=48.9s
2026-07-17 10:17:18,195 [INFO] trainer: epoch 161 step 50/135 loss=1.1779 lr=1.57e-04
2026-07-17 10:17:35,956 [INFO] trainer: epoch 161 step 100/135 loss=1.1709 lr=1.57e-04
2026-07-17 10:17:48,380 [INFO] trainer: epoch 161 done train_loss=1.1555 dt=49.1s
2026-07-17 10:18:07,084 [INFO] trainer: epoch 162 step 50/135 loss=1.1735 lr=1.57e-04
2026-07-17 10:18:24,864 [INFO] trainer: epoch 162 step 100/135 loss=1.1963 lr=1.57e-04
2026-07-17 10:18:37,288 [INFO] trainer: epoch 162 done train_loss=1.1869 dt=48.9s
2026-07-17 10:18:56,107 [INFO] trainer: epoch 163 step 50/135 loss=1.2257 lr=1.56e-04
2026-07-17 10:19:13,864 [INFO] trainer: epoch 163 step 100/135 loss=1.1159 lr=1.56e-04
2026-07-17 10:19:26,291 [INFO] trainer: epoch 163 done train_loss=1.1866 dt=49.0s
2026-07-17 10:19:44,861 [INFO] trainer: epoch 164 step 50/135 loss=1.1268 lr=1.56e-04
2026-07-17 10:20:02,627 [INFO] trainer: epoch 164 step 100/135 loss=1.1297 lr=1.55e-04
2026-07-17 10:20:15,065 [INFO] trainer: epoch 164 done train_loss=1.1417 dt=48.8s
2026-07-17 10:20:33,911 [INFO] trainer: epoch 165 step 50/135 loss=1.1475 lr=1.55e-04
2026-07-17 10:20:51,641 [INFO] trainer: epoch 165 step 100/135 loss=1.1194 lr=1.55e-04
2026-07-17 10:21:04,053 [INFO] trainer: epoch 165 done train_loss=1.1365 dt=49.0s
2026-07-17 10:21:22,797 [INFO] trainer: epoch 166 step 50/135 loss=1.1768 lr=1.55e-04
2026-07-17 10:21:40,608 [INFO] trainer: epoch 166 step 100/135 loss=1.1514 lr=1.54e-04
2026-07-17 10:21:53,045 [INFO] trainer: epoch 166 done train_loss=1.1678 dt=49.0s
2026-07-17 10:22:11,662 [INFO] trainer: epoch 167 step 50/135 loss=1.1854 lr=1.54e-04
2026-07-17 10:22:29,418 [INFO] trainer: epoch 167 step 100/135 loss=1.1835 lr=1.54e-04
2026-07-17 10:22:41,827 [INFO] trainer: epoch 167 done train_loss=1.1711 dt=48.8s
2026-07-17 10:23:15,176 [INFO] trainer: epoch 168 step 50/135 loss=1.1736 lr=1.54e-04
2026-07-17 10:23:32,916 [INFO] trainer: epoch 168 step 100/135 loss=1.1019 lr=1.53e-04
2026-07-17 10:23:45,324 [INFO] trainer: epoch 168 done train_loss=1.1408 dt=49.0s
2026-07-17 10:24:03,862 [INFO] trainer: epoch 169 step 50/135 loss=1.1378 lr=1.53e-04
2026-07-17 10:24:21,604 [INFO] trainer: epoch 169 step 100/135 loss=1.1501 lr=1.53e-04
2026-07-17 10:24:34,008 [INFO] trainer: epoch 169 done train_loss=1.1559 dt=48.7s
2026-07-17 10:24:53,717 [INFO] trainer: epoch 170 step 50/135 loss=1.1693 lr=1.52e-04
2026-07-17 10:25:11,461 [INFO] trainer: epoch 170 step 100/135 loss=1.1387 lr=1.52e-04
2026-07-17 10:25:23,886 [INFO] trainer: epoch 170 done train_loss=1.1539 dt=49.9s
2026-07-17 10:25:42,713 [INFO] trainer: epoch 171 step 50/135 loss=1.1033 lr=1.52e-04
2026-07-17 10:26:00,440 [INFO] trainer: epoch 171 step 100/135 loss=1.1393 lr=1.52e-04
2026-07-17 10:26:12,857 [INFO] trainer: epoch 171 done train_loss=1.1456 dt=48.7s
2026-07-17 10:26:31,865 [INFO] trainer: epoch 172 step 50/135 loss=1.1329 lr=1.51e-04
2026-07-17 10:26:49,683 [INFO] trainer: epoch 172 step 100/135 loss=1.1178 lr=1.51e-04
2026-07-17 10:27:02,133 [INFO] trainer: epoch 172 done train_loss=1.1356 dt=49.3s
2026-07-17 10:27:21,044 [INFO] trainer: epoch 173 step 50/135 loss=1.1524 lr=1.51e-04
2026-07-17 10:27:38,863 [INFO] trainer: epoch 173 step 100/135 loss=1.1547 lr=1.51e-04
2026-07-17 10:27:51,318 [INFO] trainer: epoch 173 done train_loss=1.1570 dt=49.2s
2026-07-17 10:28:10,082 [INFO] trainer: epoch 174 step 50/135 loss=1.1577 lr=1.50e-04
2026-07-17 10:28:27,911 [INFO] trainer: epoch 174 step 100/135 loss=1.1727 lr=1.50e-04
2026-07-17 10:28:40,364 [INFO] trainer: epoch 174 done train_loss=1.1541 dt=49.0s
2026-07-17 10:28:59,141 [INFO] trainer: epoch 175 step 50/135 loss=1.1824 lr=1.50e-04
2026-07-17 10:29:17,008 [INFO] trainer: epoch 175 step 100/135 loss=1.1595 lr=1.49e-04
2026-07-17 10:29:29,472 [INFO] trainer: epoch 175 done train_loss=1.1691 dt=49.1s
2026-07-17 10:30:51,033 [INFO] trainer: epoch 175 val_mean_dice=0.7795
2026-07-17 10:31:09,746 [INFO] trainer: epoch 176 step 50/135 loss=1.1299 lr=1.49e-04
2026-07-17 10:31:27,501 [INFO] trainer: epoch 176 step 100/135 loss=1.1584 lr=1.49e-04
2026-07-17 10:31:39,916 [INFO] trainer: epoch 176 done train_loss=1.1326 dt=48.9s
2026-07-17 10:31:58,639 [INFO] trainer: epoch 177 step 50/135 loss=1.1194 lr=1.49e-04
2026-07-17 10:32:16,434 [INFO] trainer: epoch 177 step 100/135 loss=1.1024 lr=1.48e-04
2026-07-17 10:32:28,900 [INFO] trainer: epoch 177 done train_loss=1.1229 dt=49.0s
2026-07-17 10:32:47,514 [INFO] trainer: epoch 178 step 50/135 loss=1.1585 lr=1.48e-04
2026-07-17 10:33:05,253 [INFO] trainer: epoch 178 step 100/135 loss=1.1579 lr=1.48e-04
2026-07-17 10:33:17,680 [INFO] trainer: epoch 178 done train_loss=1.1544 dt=48.8s
2026-07-17 10:33:36,017 [INFO] trainer: epoch 179 step 50/135 loss=1.0956 lr=1.47e-04
2026-07-17 10:33:53,745 [INFO] trainer: epoch 179 step 100/135 loss=1.1772 lr=1.47e-04
2026-07-17 10:34:06,153 [INFO] trainer: epoch 179 done train_loss=1.1369 dt=48.5s
2026-07-17 10:34:24,658 [INFO] trainer: epoch 180 step 50/135 loss=1.1144 lr=1.47e-04
2026-07-17 10:34:42,402 [INFO] trainer: epoch 180 step 100/135 loss=1.1281 lr=1.47e-04
2026-07-17 10:34:54,814 [INFO] trainer: epoch 180 done train_loss=1.1254 dt=48.7s
2026-07-17 10:35:16,092 [INFO] trainer: epoch 181 step 50/135 loss=1.1455 lr=1.46e-04
2026-07-17 10:35:33,839 [INFO] trainer: epoch 181 step 100/135 loss=1.0940 lr=1.46e-04
2026-07-17 10:35:46,275 [INFO] trainer: epoch 181 done train_loss=1.1229 dt=51.2s
2026-07-17 10:36:04,951 [INFO] trainer: epoch 182 step 50/135 loss=1.1237 lr=1.46e-04
2026-07-17 10:36:22,709 [INFO] trainer: epoch 182 step 100/135 loss=1.2020 lr=1.46e-04
2026-07-17 10:36:35,128 [INFO] trainer: epoch 182 done train_loss=1.1552 dt=48.9s
2026-07-17 10:36:53,681 [INFO] trainer: epoch 183 step 50/135 loss=1.1492 lr=1.45e-04
2026-07-17 10:37:11,443 [INFO] trainer: epoch 183 step 100/135 loss=1.1315 lr=1.45e-04
2026-07-17 10:37:23,912 [INFO] trainer: epoch 183 done train_loss=1.1310 dt=48.8s
2026-07-17 10:37:42,660 [INFO] trainer: epoch 184 step 50/135 loss=1.0914 lr=1.45e-04
2026-07-17 10:38:00,490 [INFO] trainer: epoch 184 step 100/135 loss=1.1135 lr=1.44e-04
2026-07-17 10:38:12,946 [INFO] trainer: epoch 184 done train_loss=1.1067 dt=49.0s
2026-07-17 10:38:32,890 [INFO] trainer: epoch 185 step 50/135 loss=1.1407 lr=1.44e-04
2026-07-17 10:38:50,699 [INFO] trainer: epoch 185 step 100/135 loss=1.0990 lr=1.44e-04
2026-07-17 10:39:03,163 [INFO] trainer: epoch 185 done train_loss=1.1185 dt=49.1s
2026-07-17 10:39:22,141 [INFO] trainer: epoch 186 step 50/135 loss=1.0747 lr=1.43e-04
2026-07-17 10:39:39,901 [INFO] trainer: epoch 186 step 100/135 loss=1.0640 lr=1.43e-04
2026-07-17 10:39:52,356 [INFO] trainer: epoch 186 done train_loss=1.0916 dt=49.2s
2026-07-17 10:40:11,037 [INFO] trainer: epoch 187 step 50/135 loss=1.1302 lr=1.43e-04
2026-07-17 10:40:28,835 [INFO] trainer: epoch 187 step 100/135 loss=1.1085 lr=1.43e-04
2026-07-17 10:40:41,268 [INFO] trainer: epoch 187 done train_loss=1.1243 dt=48.9s
2026-07-17 10:41:00,052 [INFO] trainer: epoch 188 step 50/135 loss=1.1299 lr=1.42e-04
2026-07-17 10:41:17,831 [INFO] trainer: epoch 188 step 100/135 loss=1.1403 lr=1.42e-04
2026-07-17 10:41:30,255 [INFO] trainer: epoch 188 done train_loss=1.1129 dt=49.0s
2026-07-17 10:41:48,929 [INFO] trainer: epoch 189 step 50/135 loss=1.1066 lr=1.42e-04
2026-07-17 10:42:46,295 [INFO] trainer: epoch 189 step 100/135 loss=1.1188 lr=1.42e-04
2026-07-17 10:42:58,719 [INFO] trainer: epoch 189 done train_loss=1.1023 dt=88.5s
2026-07-17 10:43:17,434 [INFO] trainer: epoch 190 step 50/135 loss=1.1052 lr=1.41e-04
2026-07-17 10:43:35,209 [INFO] trainer: epoch 190 step 100/135 loss=1.1244 lr=1.41e-04
2026-07-17 10:43:47,636 [INFO] trainer: epoch 190 done train_loss=1.1140 dt=48.9s
2026-07-17 10:44:09,698 [INFO] trainer: epoch 191 step 50/135 loss=1.1310 lr=1.41e-04
2026-07-17 10:44:27,475 [INFO] trainer: epoch 191 step 100/135 loss=1.0651 lr=1.40e-04
2026-07-17 10:44:39,929 [INFO] trainer: epoch 191 done train_loss=1.0900 dt=49.0s
2026-07-17 10:44:58,643 [INFO] trainer: epoch 192 step 50/135 loss=1.1378 lr=1.40e-04
2026-07-17 10:45:16,390 [INFO] trainer: epoch 192 step 100/135 loss=1.0690 lr=1.40e-04
2026-07-17 10:45:28,814 [INFO] trainer: epoch 192 done train_loss=1.1016 dt=48.9s
2026-07-17 10:45:47,723 [INFO] trainer: epoch 193 step 50/135 loss=1.0559 lr=1.39e-04
2026-07-17 10:46:05,492 [INFO] trainer: epoch 193 step 100/135 loss=1.0526 lr=1.39e-04
2026-07-17 10:46:17,918 [INFO] trainer: epoch 193 done train_loss=1.0724 dt=49.1s
2026-07-17 10:46:36,539 [INFO] trainer: epoch 194 step 50/135 loss=1.1163 lr=1.39e-04
2026-07-17 10:46:54,301 [INFO] trainer: epoch 194 step 100/135 loss=1.1000 lr=1.39e-04
2026-07-17 10:47:06,731 [INFO] trainer: epoch 194 done train_loss=1.0991 dt=48.8s
2026-07-17 10:47:25,318 [INFO] trainer: epoch 195 step 50/135 loss=1.0991 lr=1.38e-04
2026-07-17 10:47:43,078 [INFO] trainer: epoch 195 step 100/135 loss=1.1107 lr=1.38e-04
2026-07-17 10:47:55,500 [INFO] trainer: epoch 195 done train_loss=1.0973 dt=48.8s
2026-07-17 10:48:14,322 [INFO] trainer: epoch 196 step 50/135 loss=1.0688 lr=1.38e-04
2026-07-17 10:48:32,091 [INFO] trainer: epoch 196 step 100/135 loss=1.1852 lr=1.37e-04
2026-07-17 10:48:44,530 [INFO] trainer: epoch 196 done train_loss=1.1127 dt=49.0s
2026-07-17 10:49:03,150 [INFO] trainer: epoch 197 step 50/135 loss=1.1076 lr=1.37e-04
2026-07-17 10:49:20,921 [INFO] trainer: epoch 197 step 100/135 loss=1.1153 lr=1.37e-04
2026-07-17 10:49:33,350 [INFO] trainer: epoch 197 done train_loss=1.0953 dt=48.8s
2026-07-17 10:49:52,030 [INFO] trainer: epoch 198 step 50/135 loss=1.0769 lr=1.36e-04
2026-07-17 10:50:09,791 [INFO] trainer: epoch 198 step 100/135 loss=1.1559 lr=1.36e-04
2026-07-17 10:50:22,213 [INFO] trainer: epoch 198 done train_loss=1.1079 dt=48.9s
2026-07-17 10:50:41,116 [INFO] trainer: epoch 199 step 50/135 loss=1.0951 lr=1.36e-04
2026-07-17 10:50:58,881 [INFO] trainer: epoch 199 step 100/135 loss=1.0404 lr=1.36e-04
2026-07-17 10:51:11,304 [INFO] trainer: epoch 199 done train_loss=1.0928 dt=49.1s
2026-07-17 10:51:29,767 [INFO] trainer: epoch 200 step 50/135 loss=1.0725 lr=1.35e-04
2026-07-17 10:51:47,799 [INFO] trainer: epoch 200 step 100/135 loss=1.1390 lr=1.35e-04
2026-07-17 10:52:00,237 [INFO] trainer: epoch 200 done train_loss=1.0976 dt=48.9s
2026-07-17 10:53:21,158 [INFO] trainer: epoch 200 val_mean_dice=0.7858
2026-07-17 10:53:40,040 [INFO] trainer: epoch 201 step 50/135 loss=1.0648 lr=1.35e-04
2026-07-17 10:53:57,808 [INFO] trainer: epoch 201 step 100/135 loss=1.0958 lr=1.34e-04
2026-07-17 10:54:10,228 [INFO] trainer: epoch 201 done train_loss=1.0872 dt=48.8s
2026-07-17 10:54:28,705 [INFO] trainer: epoch 202 step 50/135 loss=1.0404 lr=1.34e-04
2026-07-17 10:54:46,444 [INFO] trainer: epoch 202 step 100/135 loss=1.1249 lr=1.34e-04
2026-07-17 10:54:58,885 [INFO] trainer: epoch 202 done train_loss=1.0825 dt=48.7s
2026-07-17 10:55:17,589 [INFO] trainer: epoch 203 step 50/135 loss=1.1127 lr=1.33e-04
2026-07-17 10:55:35,332 [INFO] trainer: epoch 203 step 100/135 loss=1.0891 lr=1.33e-04
2026-07-17 10:55:47,756 [INFO] trainer: epoch 203 done train_loss=1.0874 dt=48.9s
2026-07-17 10:56:06,391 [INFO] trainer: epoch 204 step 50/135 loss=1.0685 lr=1.33e-04
2026-07-17 10:56:24,151 [INFO] trainer: epoch 204 step 100/135 loss=1.1028 lr=1.33e-04
2026-07-17 10:56:36,588 [INFO] trainer: epoch 204 done train_loss=1.0784 dt=48.8s
2026-07-17 10:56:55,129 [INFO] trainer: epoch 205 step 50/135 loss=1.1198 lr=1.32e-04
2026-07-17 10:57:12,888 [INFO] trainer: epoch 205 step 100/135 loss=1.1103 lr=1.32e-04
2026-07-17 10:57:25,314 [INFO] trainer: epoch 205 done train_loss=1.1109 dt=48.7s
2026-07-17 10:57:44,039 [INFO] trainer: epoch 206 step 50/135 loss=1.0774 lr=1.32e-04
2026-07-17 10:58:01,791 [INFO] trainer: epoch 206 step 100/135 loss=1.0751 lr=1.31e-04
2026-07-17 10:58:14,223 [INFO] trainer: epoch 206 done train_loss=1.0863 dt=48.9s
2026-07-17 10:58:32,841 [INFO] trainer: epoch 207 step 50/135 loss=1.1189 lr=1.31e-04
2026-07-17 10:58:50,602 [INFO] trainer: epoch 207 step 100/135 loss=1.0686 lr=1.31e-04
2026-07-17 10:59:03,408 [INFO] trainer: epoch 207 done train_loss=1.0887 dt=49.2s
2026-07-17 10:59:21,980 [INFO] trainer: epoch 208 step 50/135 loss=1.0756 lr=1.30e-04
2026-07-17 10:59:39,740 [INFO] trainer: epoch 208 step 100/135 loss=1.0768 lr=1.30e-04
2026-07-17 10:59:52,165 [INFO] trainer: epoch 208 done train_loss=1.0789 dt=48.8s
2026-07-17 11:00:10,749 [INFO] trainer: epoch 209 step 50/135 loss=1.1099 lr=1.30e-04
2026-07-17 11:00:28,498 [INFO] trainer: epoch 209 step 100/135 loss=1.0737 lr=1.30e-04
2026-07-17 11:00:40,924 [INFO] trainer: epoch 209 done train_loss=1.0919 dt=48.8s
2026-07-17 11:00:59,516 [INFO] trainer: epoch 210 step 50/135 loss=1.0389 lr=1.29e-04
2026-07-17 11:01:17,282 [INFO] trainer: epoch 210 step 100/135 loss=1.0783 lr=1.29e-04
2026-07-17 11:01:29,714 [INFO] trainer: epoch 210 done train_loss=1.0595 dt=48.8s
2026-07-17 11:01:48,780 [INFO] trainer: epoch 211 step 50/135 loss=1.0710 lr=1.29e-04
2026-07-17 11:02:22,378 [INFO] trainer: epoch 211 step 100/135 loss=1.0739 lr=1.28e-04
2026-07-17 11:02:34,823 [INFO] trainer: epoch 211 done train_loss=1.0698 dt=64.8s
2026-07-17 11:02:53,391 [INFO] trainer: epoch 212 step 50/135 loss=1.1285 lr=1.28e-04
2026-07-17 11:03:11,148 [INFO] trainer: epoch 212 step 100/135 loss=1.0275 lr=1.28e-04
2026-07-17 11:03:23,574 [INFO] trainer: epoch 212 done train_loss=1.0980 dt=48.8s
2026-07-17 11:03:42,228 [INFO] trainer: epoch 213 step 50/135 loss=1.0960 lr=1.27e-04
2026-07-17 11:03:59,966 [INFO] trainer: epoch 213 step 100/135 loss=1.0665 lr=1.27e-04
2026-07-17 11:04:12,388 [INFO] trainer: epoch 213 done train_loss=1.0824 dt=48.8s
2026-07-17 11:04:31,019 [INFO] trainer: epoch 214 step 50/135 loss=1.0711 lr=1.27e-04
2026-07-17 11:04:48,759 [INFO] trainer: epoch 214 step 100/135 loss=1.0488 lr=1.27e-04
2026-07-17 11:05:01,183 [INFO] trainer: epoch 214 done train_loss=1.0710 dt=48.8s
2026-07-17 11:05:19,914 [INFO] trainer: epoch 215 step 50/135 loss=1.0810 lr=1.26e-04
2026-07-17 11:05:37,659 [INFO] trainer: epoch 215 step 100/135 loss=1.0545 lr=1.26e-04
2026-07-17 11:05:50,091 [INFO] trainer: epoch 215 done train_loss=1.0710 dt=48.9s
2026-07-17 11:06:08,710 [INFO] trainer: epoch 216 step 50/135 loss=1.0397 lr=1.26e-04
2026-07-17 11:06:26,481 [INFO] trainer: epoch 216 step 100/135 loss=1.0835 lr=1.25e-04
2026-07-17 11:06:38,901 [INFO] trainer: epoch 216 done train_loss=1.0638 dt=48.8s
2026-07-17 11:06:57,793 [INFO] trainer: epoch 217 step 50/135 loss=1.0309 lr=1.25e-04
2026-07-17 11:07:15,598 [INFO] trainer: epoch 217 step 100/135 loss=1.0598 lr=1.25e-04
2026-07-17 11:07:28,037 [INFO] trainer: epoch 217 done train_loss=1.0558 dt=49.1s
2026-07-17 11:07:46,705 [INFO] trainer: epoch 218 step 50/135 loss=1.0323 lr=1.24e-04
2026-07-17 11:08:04,459 [INFO] trainer: epoch 218 step 100/135 loss=1.0487 lr=1.24e-04
2026-07-17 11:08:16,883 [INFO] trainer: epoch 218 done train_loss=1.0458 dt=48.8s
2026-07-17 11:08:35,577 [INFO] trainer: epoch 219 step 50/135 loss=1.0745 lr=1.24e-04
2026-07-17 11:08:53,319 [INFO] trainer: epoch 219 step 100/135 loss=1.0706 lr=1.23e-04
2026-07-17 11:09:05,733 [INFO] trainer: epoch 219 done train_loss=1.0631 dt=48.8s
2026-07-17 11:09:24,499 [INFO] trainer: epoch 220 step 50/135 loss=1.0579 lr=1.23e-04
2026-07-17 11:09:42,244 [INFO] trainer: epoch 220 step 100/135 loss=1.0463 lr=1.23e-04
2026-07-17 11:09:54,674 [INFO] trainer: epoch 220 done train_loss=1.0601 dt=48.9s
2026-07-17 11:10:13,501 [INFO] trainer: epoch 221 step 50/135 loss=1.0682 lr=1.22e-04
2026-07-17 11:10:31,251 [INFO] trainer: epoch 221 step 100/135 loss=1.0287 lr=1.22e-04
2026-07-17 11:10:43,655 [INFO] trainer: epoch 221 done train_loss=1.0393 dt=48.7s
2026-07-17 11:11:02,256 [INFO] trainer: epoch 222 step 50/135 loss=1.0275 lr=1.22e-04
2026-07-17 11:11:19,996 [INFO] trainer: epoch 222 step 100/135 loss=1.0533 lr=1.22e-04
2026-07-17 11:11:32,423 [INFO] trainer: epoch 222 done train_loss=1.0511 dt=48.8s
2026-07-17 11:11:50,867 [INFO] trainer: epoch 223 step 50/135 loss=1.0930 lr=1.21e-04
2026-07-17 11:12:08,605 [INFO] trainer: epoch 223 step 100/135 loss=1.0676 lr=1.21e-04
2026-07-17 11:12:21,026 [INFO] trainer: epoch 223 done train_loss=1.0640 dt=48.6s
2026-07-17 11:12:39,793 [INFO] trainer: epoch 224 step 50/135 loss=1.0294 lr=1.21e-04
2026-07-17 11:12:57,545 [INFO] trainer: epoch 224 step 100/135 loss=1.0510 lr=1.20e-04
2026-07-17 11:13:09,971 [INFO] trainer: epoch 224 done train_loss=1.0627 dt=48.9s
2026-07-17 11:13:28,643 [INFO] trainer: epoch 225 step 50/135 loss=1.0561 lr=1.20e-04
2026-07-17 11:13:46,458 [INFO] trainer: epoch 225 step 100/135 loss=1.0663 lr=1.20e-04
2026-07-17 11:13:58,910 [INFO] trainer: epoch 225 done train_loss=1.0532 dt=48.9s
2026-07-17 11:15:19,650 [INFO] trainer: epoch 225 val_mean_dice=0.7868
2026-07-17 11:15:38,894 [INFO] trainer: epoch 226 step 50/135 loss=1.0324 lr=1.19e-04
2026-07-17 11:15:56,637 [INFO] trainer: epoch 226 step 100/135 loss=1.0093 lr=1.19e-04
2026-07-17 11:16:09,055 [INFO] trainer: epoch 226 done train_loss=1.0418 dt=49.0s
2026-07-17 11:16:27,675 [INFO] trainer: epoch 227 step 50/135 loss=1.1043 lr=1.19e-04
2026-07-17 11:16:45,490 [INFO] trainer: epoch 227 step 100/135 loss=1.0592 lr=1.18e-04
2026-07-17 11:16:57,961 [INFO] trainer: epoch 227 done train_loss=1.0784 dt=48.9s
2026-07-17 11:17:16,619 [INFO] trainer: epoch 228 step 50/135 loss=1.1163 lr=1.18e-04
2026-07-17 11:17:34,398 [INFO] trainer: epoch 228 step 100/135 loss=1.0765 lr=1.18e-04
2026-07-17 11:17:46,837 [INFO] trainer: epoch 228 done train_loss=1.0837 dt=48.9s
2026-07-17 11:18:05,652 [INFO] trainer: epoch 229 step 50/135 loss=1.0450 lr=1.17e-04
2026-07-17 11:18:23,449 [INFO] trainer: epoch 229 step 100/135 loss=1.0621 lr=1.17e-04
2026-07-17 11:18:35,884 [INFO] trainer: epoch 229 done train_loss=1.0436 dt=49.0s
2026-07-17 11:18:54,727 [INFO] trainer: epoch 230 step 50/135 loss=1.1085 lr=1.17e-04
2026-07-17 11:19:12,453 [INFO] trainer: epoch 230 step 100/135 loss=1.0650 lr=1.17e-04
2026-07-17 11:19:24,876 [INFO] trainer: epoch 230 done train_loss=1.0728 dt=49.0s
2026-07-17 11:19:43,692 [INFO] trainer: epoch 231 step 50/135 loss=1.0411 lr=1.16e-04
2026-07-17 11:20:01,431 [INFO] trainer: epoch 231 step 100/135 loss=1.0593 lr=1.16e-04
2026-07-17 11:20:13,848 [INFO] trainer: epoch 231 done train_loss=1.0391 dt=48.7s
2026-07-17 11:20:32,418 [INFO] trainer: epoch 232 step 50/135 loss=1.0408 lr=1.16e-04
2026-07-17 11:20:50,164 [INFO] trainer: epoch 232 step 100/135 loss=1.0679 lr=1.15e-04
2026-07-17 11:21:02,599 [INFO] trainer: epoch 232 done train_loss=1.0564 dt=48.7s
2026-07-17 11:21:21,168 [INFO] trainer: epoch 233 step 50/135 loss=1.1121 lr=1.15e-04
2026-07-17 11:21:38,912 [INFO] trainer: epoch 233 step 100/135 loss=1.0617 lr=1.15e-04
2026-07-17 11:21:51,324 [INFO] trainer: epoch 233 done train_loss=1.0906 dt=48.7s
2026-07-17 11:22:10,099 [INFO] trainer: epoch 234 step 50/135 loss=0.9944 lr=1.14e-04
2026-07-17 11:22:27,923 [INFO] trainer: epoch 234 step 100/135 loss=1.0627 lr=1.14e-04
2026-07-17 11:22:40,361 [INFO] trainer: epoch 234 done train_loss=1.0302 dt=49.0s
2026-07-17 11:22:58,858 [INFO] trainer: epoch 235 step 50/135 loss=1.0311 lr=1.14e-04
2026-07-17 11:23:16,604 [INFO] trainer: epoch 235 step 100/135 loss=1.0657 lr=1.13e-04
2026-07-17 11:23:29,028 [INFO] trainer: epoch 235 done train_loss=1.0464 dt=48.7s
2026-07-17 11:23:47,817 [INFO] trainer: epoch 236 step 50/135 loss=1.0522 lr=1.13e-04
2026-07-17 11:24:05,567 [INFO] trainer: epoch 236 step 100/135 loss=1.0647 lr=1.13e-04
2026-07-17 11:24:17,998 [INFO] trainer: epoch 236 done train_loss=1.0523 dt=49.0s
2026-07-17 11:24:37,039 [INFO] trainer: epoch 237 step 50/135 loss=1.0417 lr=1.12e-04
2026-07-17 11:24:54,892 [INFO] trainer: epoch 237 step 100/135 loss=1.0132 lr=1.12e-04
2026-07-17 11:25:07,325 [INFO] trainer: epoch 237 done train_loss=1.0368 dt=49.3s
2026-07-17 11:25:26,175 [INFO] trainer: epoch 238 step 50/135 loss=1.0270 lr=1.12e-04
2026-07-17 11:25:43,937 [INFO] trainer: epoch 238 step 100/135 loss=1.0555 lr=1.11e-04
2026-07-17 11:25:56,371 [INFO] trainer: epoch 238 done train_loss=1.0538 dt=49.0s
2026-07-17 11:26:15,175 [INFO] trainer: epoch 239 step 50/135 loss=1.0397 lr=1.11e-04
2026-07-17 11:26:32,991 [INFO] trainer: epoch 239 step 100/135 loss=1.0774 lr=1.11e-04
2026-07-17 11:26:45,647 [INFO] trainer: epoch 239 done train_loss=1.0575 dt=49.3s
2026-07-17 11:27:04,720 [INFO] trainer: epoch 240 step 50/135 loss=1.0788 lr=1.10e-04
2026-07-17 11:27:22,490 [INFO] trainer: epoch 240 step 100/135 loss=1.0085 lr=1.10e-04
2026-07-17 11:27:34,922 [INFO] trainer: epoch 240 done train_loss=1.0347 dt=49.0s
2026-07-17 11:27:53,802 [INFO] trainer: epoch 241 step 50/135 loss=1.0674 lr=1.10e-04
2026-07-17 11:28:11,557 [INFO] trainer: epoch 241 step 100/135 loss=1.1048 lr=1.10e-04
2026-07-17 11:28:23,985 [INFO] trainer: epoch 241 done train_loss=1.0650 dt=48.8s
2026-07-17 11:28:42,777 [INFO] trainer: epoch 242 step 50/135 loss=1.0723 lr=1.09e-04
2026-07-17 11:29:00,527 [INFO] trainer: epoch 242 step 100/135 loss=0.9716 lr=1.09e-04
2026-07-17 11:29:12,940 [INFO] trainer: epoch 242 done train_loss=1.0203 dt=49.0s
2026-07-17 11:29:31,790 [INFO] trainer: epoch 243 step 50/135 loss=1.0233 lr=1.09e-04
2026-07-17 11:29:49,620 [INFO] trainer: epoch 243 step 100/135 loss=1.0638 lr=1.08e-04
2026-07-17 11:30:02,083 [INFO] trainer: epoch 243 done train_loss=1.0454 dt=49.1s
2026-07-17 11:30:20,822 [INFO] trainer: epoch 244 step 50/135 loss=1.0020 lr=1.08e-04
2026-07-17 11:30:38,677 [INFO] trainer: epoch 244 step 100/135 loss=1.1121 lr=1.08e-04
2026-07-17 11:30:51,151 [INFO] trainer: epoch 244 done train_loss=1.0439 dt=49.1s
2026-07-17 11:31:09,848 [INFO] trainer: epoch 245 step 50/135 loss=1.0236 lr=1.07e-04
2026-07-17 11:31:27,655 [INFO] trainer: epoch 245 step 100/135 loss=0.9964 lr=1.07e-04
2026-07-17 11:31:40,123 [INFO] trainer: epoch 245 done train_loss=1.0193 dt=49.0s
2026-07-17 11:31:58,771 [INFO] trainer: epoch 246 step 50/135 loss=1.0496 lr=1.07e-04
2026-07-17 11:32:16,523 [INFO] trainer: epoch 246 step 100/135 loss=1.0387 lr=1.06e-04
2026-07-17 11:32:28,962 [INFO] trainer: epoch 246 done train_loss=1.0410 dt=48.8s
2026-07-17 11:32:47,601 [INFO] trainer: epoch 247 step 50/135 loss=0.9992 lr=1.06e-04
2026-07-17 11:33:05,370 [INFO] trainer: epoch 247 step 100/135 loss=1.0168 lr=1.06e-04
2026-07-17 11:33:17,810 [INFO] trainer: epoch 247 done train_loss=1.0114 dt=48.8s
2026-07-17 11:33:36,423 [INFO] trainer: epoch 248 step 50/135 loss=1.0080 lr=1.05e-04
2026-07-17 11:33:54,189 [INFO] trainer: epoch 248 step 100/135 loss=1.0573 lr=1.05e-04
2026-07-17 11:34:06,607 [INFO] trainer: epoch 248 done train_loss=1.0399 dt=48.8s
2026-07-17 11:34:25,275 [INFO] trainer: epoch 249 step 50/135 loss=1.1016 lr=1.05e-04
2026-07-17 11:34:43,048 [INFO] trainer: epoch 249 step 100/135 loss=1.0023 lr=1.04e-04
2026-07-17 11:34:55,478 [INFO] trainer: epoch 249 done train_loss=1.0493 dt=48.9s
2026-07-17 11:35:14,058 [INFO] trainer: epoch 250 step 50/135 loss=1.0655 lr=1.04e-04
2026-07-17 11:35:31,886 [INFO] trainer: epoch 250 step 100/135 loss=1.0187 lr=1.04e-04
2026-07-17 11:35:44,356 [INFO] trainer: epoch 250 done train_loss=1.0378 dt=48.9s
2026-07-17 11:37:04,212 [INFO] trainer: epoch 250 val_mean_dice=0.7972
2026-07-17 11:37:23,567 [INFO] trainer: epoch 251 step 50/135 loss=1.0103 lr=1.03e-04
2026-07-17 11:37:41,315 [INFO] trainer: epoch 251 step 100/135 loss=1.0219 lr=1.03e-04
2026-07-17 11:37:53,738 [INFO] trainer: epoch 251 done train_loss=1.0178 dt=49.0s
2026-07-17 11:38:12,621 [INFO] trainer: epoch 252 step 50/135 loss=1.0181 lr=1.03e-04
2026-07-17 11:38:30,385 [INFO] trainer: epoch 252 step 100/135 loss=1.0273 lr=1.03e-04
2026-07-17 11:38:43,411 [INFO] trainer: epoch 252 done train_loss=1.0264 dt=49.7s
2026-07-17 11:39:03,557 [INFO] trainer: epoch 253 step 50/135 loss=1.0623 lr=1.02e-04
2026-07-17 11:39:21,299 [INFO] trainer: epoch 253 step 100/135 loss=1.0080 lr=1.02e-04
2026-07-17 11:39:33,738 [INFO] trainer: epoch 253 done train_loss=1.0372 dt=50.3s
2026-07-17 11:39:52,793 [INFO] trainer: epoch 254 step 50/135 loss=1.0023 lr=1.02e-04
2026-07-17 11:40:10,545 [INFO] trainer: epoch 254 step 100/135 loss=1.0514 lr=1.01e-04
2026-07-17 11:40:22,967 [INFO] trainer: epoch 254 done train_loss=1.0242 dt=49.2s
2026-07-17 11:40:41,619 [INFO] trainer: epoch 255 step 50/135 loss=0.9910 lr=1.01e-04
2026-07-17 11:40:59,361 [INFO] trainer: epoch 255 step 100/135 loss=1.0516 lr=1.01e-04
2026-07-17 11:41:11,789 [INFO] trainer: epoch 255 done train_loss=1.0305 dt=48.8s
2026-07-17 11:41:30,393 [INFO] trainer: epoch 256 step 50/135 loss=1.0250 lr=1.00e-04
2026-07-17 11:41:48,134 [INFO] trainer: epoch 256 step 100/135 loss=1.0538 lr=1.00e-04
2026-07-17 11:42:00,562 [INFO] trainer: epoch 256 done train_loss=1.0312 dt=48.8s
2026-07-17 11:42:19,329 [INFO] trainer: epoch 257 step 50/135 loss=1.0470 lr=9.96e-05
2026-07-17 11:42:37,097 [INFO] trainer: epoch 257 step 100/135 loss=1.0385 lr=9.94e-05
2026-07-17 11:42:49,541 [INFO] trainer: epoch 257 done train_loss=1.0378 dt=49.0s
2026-07-17 11:43:08,311 [INFO] trainer: epoch 258 step 50/135 loss=1.0420 lr=9.90e-05
2026-07-17 11:43:26,068 [INFO] trainer: epoch 258 step 100/135 loss=1.0621 lr=9.88e-05
2026-07-17 11:43:38,502 [INFO] trainer: epoch 258 done train_loss=1.0456 dt=49.0s
2026-07-17 11:43:57,200 [INFO] trainer: epoch 259 step 50/135 loss=1.0475 lr=9.84e-05
2026-07-17 11:44:14,970 [INFO] trainer: epoch 259 step 100/135 loss=0.9978 lr=9.81e-05
2026-07-17 11:44:27,412 [INFO] trainer: epoch 259 done train_loss=1.0322 dt=48.9s
2026-07-17 11:44:45,936 [INFO] trainer: epoch 260 step 50/135 loss=1.0166 lr=9.77e-05
2026-07-17 11:45:03,709 [INFO] trainer: epoch 260 step 100/135 loss=1.0542 lr=9.75e-05
2026-07-17 11:45:16,145 [INFO] trainer: epoch 260 done train_loss=1.0493 dt=48.7s
2026-07-17 11:45:35,234 [INFO] trainer: epoch 261 step 50/135 loss=1.0177 lr=9.71e-05
2026-07-17 11:45:52,984 [INFO] trainer: epoch 261 step 100/135 loss=1.0396 lr=9.68e-05
2026-07-17 11:46:05,411 [INFO] trainer: epoch 261 done train_loss=1.0282 dt=49.0s
2026-07-17 11:46:24,152 [INFO] trainer: epoch 262 step 50/135 loss=1.0111 lr=9.64e-05
2026-07-17 11:46:41,963 [INFO] trainer: epoch 262 step 100/135 loss=1.0317 lr=9.62e-05
2026-07-17 11:46:54,394 [INFO] trainer: epoch 262 done train_loss=1.0198 dt=49.0s
2026-07-17 11:47:12,972 [INFO] trainer: epoch 263 step 50/135 loss=1.0548 lr=9.58e-05
2026-07-17 11:47:30,740 [INFO] trainer: epoch 263 step 100/135 loss=1.0520 lr=9.56e-05
2026-07-17 11:47:43,180 [INFO] trainer: epoch 263 done train_loss=1.0442 dt=48.8s
2026-07-17 11:48:01,715 [INFO] trainer: epoch 264 step 50/135 loss=1.0487 lr=9.52e-05
2026-07-17 11:48:19,484 [INFO] trainer: epoch 264 step 100/135 loss=1.0302 lr=9.49e-05
2026-07-17 11:48:31,925 [INFO] trainer: epoch 264 done train_loss=1.0284 dt=48.7s
2026-07-17 11:48:50,677 [INFO] trainer: epoch 265 step 50/135 loss=0.9934 lr=9.45e-05
2026-07-17 11:49:08,457 [INFO] trainer: epoch 265 step 100/135 loss=1.0287 lr=9.43e-05
2026-07-17 11:49:20,900 [INFO] trainer: epoch 265 done train_loss=1.0237 dt=49.0s
2026-07-17 11:49:39,519 [INFO] trainer: epoch 266 step 50/135 loss=0.9947 lr=9.39e-05
2026-07-17 11:49:57,274 [INFO] trainer: epoch 266 step 100/135 loss=0.9875 lr=9.37e-05
2026-07-17 11:50:09,718 [INFO] trainer: epoch 266 done train_loss=1.0065 dt=48.8s
2026-07-17 11:50:28,319 [INFO] trainer: epoch 267 step 50/135 loss=1.0668 lr=9.33e-05
2026-07-17 11:50:46,054 [INFO] trainer: epoch 267 step 100/135 loss=1.0461 lr=9.30e-05
2026-07-17 11:50:58,476 [INFO] trainer: epoch 267 done train_loss=1.0403 dt=48.8s
2026-07-17 11:51:17,264 [INFO] trainer: epoch 268 step 50/135 loss=1.0259 lr=9.26e-05
2026-07-17 11:51:35,010 [INFO] trainer: epoch 268 step 100/135 loss=0.9892 lr=9.24e-05
2026-07-17 11:51:47,443 [INFO] trainer: epoch 268 done train_loss=1.0292 dt=49.0s
2026-07-17 11:52:06,147 [INFO] trainer: epoch 269 step 50/135 loss=1.0298 lr=9.20e-05
2026-07-17 11:52:23,903 [INFO] trainer: epoch 269 step 100/135 loss=1.0722 lr=9.17e-05
2026-07-17 11:52:36,321 [INFO] trainer: epoch 269 done train_loss=1.0417 dt=48.9s
2026-07-17 11:52:54,961 [INFO] trainer: epoch 270 step 50/135 loss=1.0288 lr=9.13e-05
2026-07-17 11:53:12,724 [INFO] trainer: epoch 270 step 100/135 loss=1.0235 lr=9.11e-05
2026-07-17 11:53:25,153 [INFO] trainer: epoch 270 done train_loss=1.0326 dt=48.8s
2026-07-17 11:53:44,027 [INFO] trainer: epoch 271 step 50/135 loss=1.0606 lr=9.07e-05
2026-07-17 11:54:01,774 [INFO] trainer: epoch 271 step 100/135 loss=1.0432 lr=9.05e-05
2026-07-17 11:54:14,197 [INFO] trainer: epoch 271 done train_loss=1.0454 dt=48.8s
2026-07-17 11:54:32,774 [INFO] trainer: epoch 272 step 50/135 loss=1.0057 lr=9.01e-05
2026-07-17 11:54:50,534 [INFO] trainer: epoch 272 step 100/135 loss=1.0319 lr=8.98e-05
2026-07-17 11:55:02,961 [INFO] trainer: epoch 272 done train_loss=1.0320 dt=48.8s
2026-07-17 11:55:21,586 [INFO] trainer: epoch 273 step 50/135 loss=1.0489 lr=8.94e-05
2026-07-17 11:55:39,334 [INFO] trainer: epoch 273 step 100/135 loss=0.9984 lr=8.92e-05
2026-07-17 11:55:51,765 [INFO] trainer: epoch 273 done train_loss=1.0276 dt=48.8s
2026-07-17 11:56:10,443 [INFO] trainer: epoch 274 step 50/135 loss=1.0071 lr=8.88e-05
2026-07-17 11:56:28,211 [INFO] trainer: epoch 274 step 100/135 loss=1.0044 lr=8.86e-05
2026-07-17 11:56:40,646 [INFO] trainer: epoch 274 done train_loss=1.0162 dt=48.9s
2026-07-17 11:56:59,290 [INFO] trainer: epoch 275 step 50/135 loss=1.0007 lr=8.82e-05
2026-07-17 11:57:17,068 [INFO] trainer: epoch 275 step 100/135 loss=1.0150 lr=8.79e-05
2026-07-17 11:57:29,496 [INFO] trainer: epoch 275 done train_loss=1.0124 dt=48.8s
2026-07-17 11:58:50,301 [INFO] trainer: epoch 275 val_mean_dice=0.7970
2026-07-17 11:59:08,989 [INFO] trainer: epoch 276 step 50/135 loss=1.0568 lr=8.75e-05
2026-07-17 11:59:26,771 [INFO] trainer: epoch 276 step 100/135 loss=1.0020 lr=8.73e-05
2026-07-17 11:59:39,189 [INFO] trainer: epoch 276 done train_loss=1.0246 dt=48.9s
2026-07-17 11:59:58,023 [INFO] trainer: epoch 277 step 50/135 loss=0.9941 lr=8.69e-05
2026-07-17 12:00:15,761 [INFO] trainer: epoch 277 step 100/135 loss=1.0106 lr=8.67e-05
2026-07-17 12:00:28,171 [INFO] trainer: epoch 277 done train_loss=1.0311 dt=49.0s
2026-07-17 12:00:46,892 [INFO] trainer: epoch 278 step 50/135 loss=1.0271 lr=8.63e-05
2026-07-17 12:01:04,633 [INFO] trainer: epoch 278 step 100/135 loss=0.9772 lr=8.60e-05
2026-07-17 12:01:17,075 [INFO] trainer: epoch 278 done train_loss=1.0063 dt=48.9s
2026-07-17 12:01:35,829 [INFO] trainer: epoch 279 step 50/135 loss=0.9944 lr=8.56e-05
2026-07-17 12:01:53,574 [INFO] trainer: epoch 279 step 100/135 loss=0.9952 lr=8.54e-05
2026-07-17 12:02:05,990 [INFO] trainer: epoch 279 done train_loss=1.0167 dt=48.9s
2026-07-17 12:02:24,698 [INFO] trainer: epoch 280 step 50/135 loss=1.0154 lr=8.50e-05
2026-07-17 12:02:42,440 [INFO] trainer: epoch 280 step 100/135 loss=0.9997 lr=8.48e-05
2026-07-17 12:02:54,859 [INFO] trainer: epoch 280 done train_loss=1.0075 dt=48.9s
2026-07-17 12:03:13,802 [INFO] trainer: epoch 281 step 50/135 loss=1.0294 lr=8.44e-05
2026-07-17 12:03:31,567 [INFO] trainer: epoch 281 step 100/135 loss=1.0218 lr=8.42e-05
2026-07-17 12:03:43,987 [INFO] trainer: epoch 281 done train_loss=1.0267 dt=48.8s
2026-07-17 12:04:02,782 [INFO] trainer: epoch 282 step 50/135 loss=0.9744 lr=8.38e-05
2026-07-17 12:04:20,541 [INFO] trainer: epoch 282 step 100/135 loss=1.0128 lr=8.35e-05
2026-07-17 12:04:32,958 [INFO] trainer: epoch 282 done train_loss=1.0035 dt=49.0s
2026-07-17 12:04:51,559 [INFO] trainer: epoch 283 step 50/135 loss=1.0226 lr=8.31e-05
2026-07-17 12:05:09,309 [INFO] trainer: epoch 283 step 100/135 loss=1.0146 lr=8.29e-05
2026-07-17 12:05:21,728 [INFO] trainer: epoch 283 done train_loss=1.0128 dt=48.8s
2026-07-17 12:05:40,481 [INFO] trainer: epoch 284 step 50/135 loss=1.0443 lr=8.25e-05
2026-07-17 12:05:58,254 [INFO] trainer: epoch 284 step 100/135 loss=0.9884 lr=8.23e-05
2026-07-17 12:06:10,664 [INFO] trainer: epoch 284 done train_loss=1.0146 dt=48.9s
2026-07-17 12:06:29,375 [INFO] trainer: epoch 285 step 50/135 loss=1.0275 lr=8.19e-05
2026-07-17 12:06:47,125 [INFO] trainer: epoch 285 step 100/135 loss=1.0151 lr=8.16e-05
2026-07-17 12:06:59,553 [INFO] trainer: epoch 285 done train_loss=1.0276 dt=48.9s
2026-07-17 12:07:18,235 [INFO] trainer: epoch 286 step 50/135 loss=1.0071 lr=8.12e-05
2026-07-17 12:07:36,103 [INFO] trainer: epoch 286 step 100/135 loss=1.0187 lr=8.10e-05
2026-07-17 12:07:48,534 [INFO] trainer: epoch 286 done train_loss=1.0165 dt=49.0s
2026-07-17 12:08:07,180 [INFO] trainer: epoch 287 step 50/135 loss=0.9729 lr=8.06e-05
2026-07-17 12:08:24,951 [INFO] trainer: epoch 287 step 100/135 loss=1.0397 lr=8.04e-05
2026-07-17 12:08:37,372 [INFO] trainer: epoch 287 done train_loss=1.0027 dt=48.8s
2026-07-17 12:08:55,955 [INFO] trainer: epoch 288 step 50/135 loss=1.0144 lr=8.00e-05
2026-07-17 12:09:13,699 [INFO] trainer: epoch 288 step 100/135 loss=1.0141 lr=7.98e-05
2026-07-17 12:09:26,120 [INFO] trainer: epoch 288 done train_loss=1.0134 dt=48.7s
2026-07-17 12:09:44,660 [INFO] trainer: epoch 289 step 50/135 loss=1.0069 lr=7.94e-05
2026-07-17 12:10:02,473 [INFO] trainer: epoch 289 step 100/135 loss=1.0106 lr=7.91e-05
2026-07-17 12:10:14,920 [INFO] trainer: epoch 289 done train_loss=1.0226 dt=48.8s
2026-07-17 12:10:34,058 [INFO] trainer: epoch 290 step 50/135 loss=1.0379 lr=7.88e-05
2026-07-17 12:10:51,823 [INFO] trainer: epoch 290 step 100/135 loss=1.0043 lr=7.85e-05
2026-07-17 12:11:04,278 [INFO] trainer: epoch 290 done train_loss=1.0204 dt=49.4s
2026-07-17 12:11:23,304 [INFO] trainer: epoch 291 step 50/135 loss=1.0101 lr=7.81e-05
2026-07-17 12:11:41,083 [INFO] trainer: epoch 291 step 100/135 loss=0.9759 lr=7.79e-05
2026-07-17 12:11:53,502 [INFO] trainer: epoch 291 done train_loss=0.9940 dt=48.9s
2026-07-17 12:12:12,147 [INFO] trainer: epoch 292 step 50/135 loss=1.0460 lr=7.75e-05
2026-07-17 12:12:29,892 [INFO] trainer: epoch 292 step 100/135 loss=0.9903 lr=7.73e-05
2026-07-17 12:12:42,323 [INFO] trainer: epoch 292 done train_loss=1.0057 dt=48.8s
2026-07-17 12:13:01,197 [INFO] trainer: epoch 293 step 50/135 loss=0.9829 lr=7.69e-05
2026-07-17 12:13:18,960 [INFO] trainer: epoch 293 step 100/135 loss=0.9903 lr=7.67e-05
2026-07-17 12:13:31,391 [INFO] trainer: epoch 293 done train_loss=0.9891 dt=49.1s
2026-07-17 12:13:50,089 [INFO] trainer: epoch 294 step 50/135 loss=1.0016 lr=7.63e-05
2026-07-17 12:14:07,838 [INFO] trainer: epoch 294 step 100/135 loss=1.0085 lr=7.60e-05
2026-07-17 12:14:32,392 [INFO] trainer: epoch 294 done train_loss=1.0056 dt=61.0s
2026-07-17 12:14:51,080 [INFO] trainer: epoch 295 step 50/135 loss=1.0004 lr=7.57e-05
2026-07-17 12:15:08,833 [INFO] trainer: epoch 295 step 100/135 loss=1.0039 lr=7.54e-05
2026-07-17 12:15:21,262 [INFO] trainer: epoch 295 done train_loss=1.0136 dt=48.9s
2026-07-17 12:15:39,942 [INFO] trainer: epoch 296 step 50/135 loss=0.9782 lr=7.50e-05
2026-07-17 12:15:57,682 [INFO] trainer: epoch 296 step 100/135 loss=1.0521 lr=7.48e-05
2026-07-17 12:16:10,109 [INFO] trainer: epoch 296 done train_loss=1.0053 dt=48.8s
2026-07-17 12:16:28,785 [INFO] trainer: epoch 297 step 50/135 loss=1.0047 lr=7.44e-05
2026-07-17 12:16:46,526 [INFO] trainer: epoch 297 step 100/135 loss=1.0183 lr=7.42e-05
2026-07-17 12:16:58,937 [INFO] trainer: epoch 297 done train_loss=1.0094 dt=48.8s
2026-07-17 12:17:17,728 [INFO] trainer: epoch 298 step 50/135 loss=0.9864 lr=7.38e-05
2026-07-17 12:17:35,526 [INFO] trainer: epoch 298 step 100/135 loss=1.0095 lr=7.36e-05
2026-07-17 12:17:47,965 [INFO] trainer: epoch 298 done train_loss=1.0070 dt=49.0s
2026-07-17 12:18:06,814 [INFO] trainer: epoch 299 step 50/135 loss=0.9995 lr=7.32e-05
2026-07-17 12:18:24,594 [INFO] trainer: epoch 299 step 100/135 loss=0.9906 lr=7.30e-05
2026-07-17 12:18:37,028 [INFO] trainer: epoch 299 done train_loss=1.0099 dt=49.1s
2026-07-17 12:18:56,047 [INFO] trainer: epoch 300 step 50/135 loss=1.0562 lr=7.26e-05
2026-07-17 12:19:13,823 [INFO] trainer: epoch 300 step 100/135 loss=0.9940 lr=7.24e-05
2026-07-17 12:19:26,246 [INFO] trainer: epoch 300 done train_loss=1.0180 dt=49.2s
2026-07-17 12:20:47,606 [INFO] trainer: epoch 300 val_mean_dice=0.7952
2026-07-17 12:21:06,733 [INFO] trainer: epoch 301 step 50/135 loss=1.0445 lr=7.20e-05
2026-07-17 12:21:24,512 [INFO] trainer: epoch 301 step 100/135 loss=1.0567 lr=7.17e-05
2026-07-17 12:21:36,950 [INFO] trainer: epoch 301 done train_loss=1.0447 dt=49.1s
2026-07-17 12:21:55,669 [INFO] trainer: epoch 302 step 50/135 loss=1.0541 lr=7.14e-05
2026-07-17 12:22:13,453 [INFO] trainer: epoch 302 step 100/135 loss=0.9958 lr=7.11e-05
2026-07-17 12:22:25,906 [INFO] trainer: epoch 302 done train_loss=1.0239 dt=49.0s
2026-07-17 12:22:44,776 [INFO] trainer: epoch 303 step 50/135 loss=0.9940 lr=7.07e-05
2026-07-17 12:23:02,594 [INFO] trainer: epoch 303 step 100/135 loss=0.9909 lr=7.05e-05
2026-07-17 12:23:15,043 [INFO] trainer: epoch 303 done train_loss=1.0122 dt=49.1s
2026-07-17 12:23:33,525 [INFO] trainer: epoch 304 step 50/135 loss=0.9809 lr=7.01e-05
2026-07-17 12:23:51,298 [INFO] trainer: epoch 304 step 100/135 loss=0.9749 lr=6.99e-05
2026-07-17 12:24:03,722 [INFO] trainer: epoch 304 done train_loss=0.9925 dt=48.7s
2026-07-17 12:24:22,546 [INFO] trainer: epoch 305 step 50/135 loss=0.9888 lr=6.95e-05
2026-07-17 12:24:40,382 [INFO] trainer: epoch 305 step 100/135 loss=0.9994 lr=6.93e-05
2026-07-17 12:24:52,832 [INFO] trainer: epoch 305 done train_loss=1.0034 dt=49.1s
2026-07-17 12:25:11,569 [INFO] trainer: epoch 306 step 50/135 loss=0.9780 lr=6.89e-05
2026-07-17 12:25:29,341 [INFO] trainer: epoch 306 step 100/135 loss=1.0385 lr=6.87e-05
2026-07-17 12:25:41,797 [INFO] trainer: epoch 306 done train_loss=1.0013 dt=49.0s
2026-07-17 12:26:00,346 [INFO] trainer: epoch 307 step 50/135 loss=1.0228 lr=6.83e-05
2026-07-17 12:26:18,126 [INFO] trainer: epoch 307 step 100/135 loss=1.0004 lr=6.81e-05
2026-07-17 12:26:30,572 [INFO] trainer: epoch 307 done train_loss=1.0174 dt=48.8s
2026-07-17 12:26:49,259 [INFO] trainer: epoch 308 step 50/135 loss=0.9364 lr=6.77e-05
2026-07-17 12:27:07,042 [INFO] trainer: epoch 308 step 100/135 loss=1.0328 lr=6.75e-05
2026-07-17 12:27:19,462 [INFO] trainer: epoch 308 done train_loss=0.9976 dt=48.9s
2026-07-17 12:27:38,232 [INFO] trainer: epoch 309 step 50/135 loss=0.9997 lr=6.71e-05
2026-07-17 12:27:56,005 [INFO] trainer: epoch 309 step 100/135 loss=1.0046 lr=6.69e-05
2026-07-17 12:28:08,443 [INFO] trainer: epoch 309 done train_loss=1.0109 dt=49.0s
2026-07-17 12:28:27,249 [INFO] trainer: epoch 310 step 50/135 loss=1.0063 lr=6.65e-05
2026-07-17 12:28:45,014 [INFO] trainer: epoch 310 step 100/135 loss=1.0033 lr=6.63e-05
2026-07-17 12:28:57,429 [INFO] trainer: epoch 310 done train_loss=1.0064 dt=49.0s
2026-07-17 12:29:16,348 [INFO] trainer: epoch 311 step 50/135 loss=1.0201 lr=6.59e-05
2026-07-17 12:29:34,123 [INFO] trainer: epoch 311 step 100/135 loss=1.0125 lr=6.57e-05
2026-07-17 12:29:46,581 [INFO] trainer: epoch 311 done train_loss=1.0004 dt=48.9s
2026-07-17 12:30:05,324 [INFO] trainer: epoch 312 step 50/135 loss=1.0200 lr=6.53e-05
2026-07-17 12:30:23,105 [INFO] trainer: epoch 312 step 100/135 loss=0.9937 lr=6.51e-05
2026-07-17 12:30:35,559 [INFO] trainer: epoch 312 done train_loss=1.0142 dt=49.0s
2026-07-17 12:30:54,230 [INFO] trainer: epoch 313 step 50/135 loss=0.9855 lr=6.47e-05
2026-07-17 12:31:11,995 [INFO] trainer: epoch 313 step 100/135 loss=0.9668 lr=6.45e-05
2026-07-17 12:31:24,424 [INFO] trainer: epoch 313 done train_loss=0.9895 dt=48.9s
2026-07-17 12:31:43,024 [INFO] trainer: epoch 314 step 50/135 loss=0.9974 lr=6.41e-05
2026-07-17 12:32:00,808 [INFO] trainer: epoch 314 step 100/135 loss=0.9818 lr=6.39e-05
2026-07-17 12:32:13,271 [INFO] trainer: epoch 314 done train_loss=0.9977 dt=48.8s
2026-07-17 12:32:32,033 [INFO] trainer: epoch 315 step 50/135 loss=0.9720 lr=6.35e-05
2026-07-17 12:32:49,785 [INFO] trainer: epoch 315 step 100/135 loss=0.9917 lr=6.33e-05
2026-07-17 12:33:02,224 [INFO] trainer: epoch 315 done train_loss=0.9826 dt=49.0s
2026-07-17 12:33:21,010 [INFO] trainer: epoch 316 step 50/135 loss=0.9662 lr=6.29e-05
2026-07-17 12:33:38,794 [INFO] trainer: epoch 316 step 100/135 loss=1.0083 lr=6.27e-05
2026-07-17 12:33:51,231 [INFO] trainer: epoch 316 done train_loss=0.9915 dt=49.0s
2026-07-17 12:34:09,747 [INFO] trainer: epoch 317 step 50/135 loss=1.0113 lr=6.24e-05
2026-07-17 12:34:27,501 [INFO] trainer: epoch 317 step 100/135 loss=0.9856 lr=6.21e-05
2026-07-17 12:34:39,931 [INFO] trainer: epoch 317 done train_loss=0.9937 dt=48.7s
2026-07-17 12:34:58,615 [INFO] trainer: epoch 318 step 50/135 loss=0.9851 lr=6.18e-05
2026-07-17 12:35:16,377 [INFO] trainer: epoch 318 step 100/135 loss=0.9646 lr=6.15e-05
2026-07-17 12:35:28,805 [INFO] trainer: epoch 318 done train_loss=0.9816 dt=48.9s
2026-07-17 12:35:47,350 [INFO] trainer: epoch 319 step 50/135 loss=0.9832 lr=6.12e-05
2026-07-17 12:36:05,126 [INFO] trainer: epoch 319 step 100/135 loss=1.0025 lr=6.10e-05
2026-07-17 12:36:17,563 [INFO] trainer: epoch 319 done train_loss=1.0004 dt=48.8s
2026-07-17 12:36:36,171 [INFO] trainer: epoch 320 step 50/135 loss=0.9474 lr=6.06e-05
2026-07-17 12:36:53,948 [INFO] trainer: epoch 320 step 100/135 loss=0.9723 lr=6.04e-05
2026-07-17 12:37:06,392 [INFO] trainer: epoch 320 done train_loss=0.9784 dt=48.8s
2026-07-17 12:37:25,333 [INFO] trainer: epoch 321 step 50/135 loss=1.0051 lr=6.00e-05
2026-07-17 12:37:43,093 [INFO] trainer: epoch 321 step 100/135 loss=1.0182 lr=5.98e-05
2026-07-17 12:37:55,520 [INFO] trainer: epoch 321 done train_loss=1.0035 dt=48.9s
2026-07-17 12:38:14,317 [INFO] trainer: epoch 322 step 50/135 loss=1.0133 lr=5.94e-05
2026-07-17 12:38:32,069 [INFO] trainer: epoch 322 step 100/135 loss=0.9752 lr=5.92e-05
2026-07-17 12:38:44,493 [INFO] trainer: epoch 322 done train_loss=0.9990 dt=49.0s
2026-07-17 12:39:03,174 [INFO] trainer: epoch 323 step 50/135 loss=0.9926 lr=5.88e-05
2026-07-17 12:39:20,953 [INFO] trainer: epoch 323 step 100/135 loss=1.0087 lr=5.86e-05
2026-07-17 12:39:33,383 [INFO] trainer: epoch 323 done train_loss=1.0145 dt=48.9s
2026-07-17 12:39:52,104 [INFO] trainer: epoch 324 step 50/135 loss=1.0148 lr=5.83e-05
2026-07-17 12:40:09,866 [INFO] trainer: epoch 324 step 100/135 loss=0.9833 lr=5.81e-05
2026-07-17 12:40:22,292 [INFO] trainer: epoch 324 done train_loss=1.0001 dt=48.9s
2026-07-17 12:40:40,929 [INFO] trainer: epoch 325 step 50/135 loss=1.0001 lr=5.77e-05
2026-07-17 12:40:58,675 [INFO] trainer: epoch 325 step 100/135 loss=0.9894 lr=5.75e-05
2026-07-17 12:41:11,101 [INFO] trainer: epoch 325 done train_loss=0.9927 dt=48.8s
2026-07-17 12:42:32,572 [INFO] trainer: epoch 325 val_mean_dice=0.7963
2026-07-17 12:42:51,268 [INFO] trainer: epoch 326 step 50/135 loss=1.0097 lr=5.71e-05
2026-07-17 12:43:09,020 [INFO] trainer: epoch 326 step 100/135 loss=0.9648 lr=5.69e-05
2026-07-17 12:43:21,448 [INFO] trainer: epoch 326 done train_loss=0.9909 dt=48.9s
2026-07-17 12:43:40,083 [INFO] trainer: epoch 327 step 50/135 loss=0.9682 lr=5.65e-05
2026-07-17 12:43:57,838 [INFO] trainer: epoch 327 step 100/135 loss=1.0086 lr=5.63e-05
2026-07-17 12:44:10,283 [INFO] trainer: epoch 327 done train_loss=0.9841 dt=48.8s
2026-07-17 12:44:28,806 [INFO] trainer: epoch 328 step 50/135 loss=1.0155 lr=5.60e-05
2026-07-17 12:44:46,555 [INFO] trainer: epoch 328 step 100/135 loss=0.9919 lr=5.58e-05
2026-07-17 12:44:58,975 [INFO] trainer: epoch 328 done train_loss=0.9998 dt=48.7s
2026-07-17 12:45:17,630 [INFO] trainer: epoch 329 step 50/135 loss=0.9688 lr=5.54e-05
2026-07-17 12:45:35,392 [INFO] trainer: epoch 329 step 100/135 loss=1.0242 lr=5.52e-05
2026-07-17 12:45:47,821 [INFO] trainer: epoch 329 done train_loss=0.9895 dt=48.8s
2026-07-17 12:46:06,427 [INFO] trainer: epoch 330 step 50/135 loss=1.0030 lr=5.48e-05
2026-07-17 12:46:24,182 [INFO] trainer: epoch 330 step 100/135 loss=1.0211 lr=5.46e-05
2026-07-17 12:46:36,635 [INFO] trainer: epoch 330 done train_loss=1.0158 dt=48.8s
2026-07-17 12:46:55,554 [INFO] trainer: epoch 331 step 50/135 loss=1.0076 lr=5.43e-05
2026-07-17 12:47:13,317 [INFO] trainer: epoch 331 step 100/135 loss=0.9710 lr=5.41e-05
2026-07-17 12:47:25,763 [INFO] trainer: epoch 331 done train_loss=0.9793 dt=48.9s
2026-07-17 12:47:44,471 [INFO] trainer: epoch 332 step 50/135 loss=0.9861 lr=5.37e-05
2026-07-17 12:48:02,221 [INFO] trainer: epoch 332 step 100/135 loss=0.9669 lr=5.35e-05
2026-07-17 12:48:14,646 [INFO] trainer: epoch 332 done train_loss=0.9842 dt=48.9s
2026-07-17 12:48:33,277 [INFO] trainer: epoch 333 step 50/135 loss=0.9418 lr=5.31e-05
2026-07-17 12:48:51,015 [INFO] trainer: epoch 333 step 100/135 loss=1.0148 lr=5.29e-05
2026-07-17 12:49:03,435 [INFO] trainer: epoch 333 done train_loss=0.9722 dt=48.8s
2026-07-17 12:49:22,097 [INFO] trainer: epoch 334 step 50/135 loss=0.9815 lr=5.26e-05
2026-07-17 12:49:39,879 [INFO] trainer: epoch 334 step 100/135 loss=1.0118 lr=5.24e-05
2026-07-17 12:49:52,303 [INFO] trainer: epoch 334 done train_loss=1.0026 dt=48.9s
2026-07-17 12:50:10,988 [INFO] trainer: epoch 335 step 50/135 loss=1.0022 lr=5.20e-05
2026-07-17 12:50:28,757 [INFO] trainer: epoch 335 step 100/135 loss=1.0067 lr=5.18e-05
2026-07-17 12:50:41,186 [INFO] trainer: epoch 335 done train_loss=1.0059 dt=48.9s
2026-07-17 12:51:00,199 [INFO] trainer: epoch 336 step 50/135 loss=1.0065 lr=5.15e-05
2026-07-17 12:51:18,028 [INFO] trainer: epoch 336 step 100/135 loss=0.9559 lr=5.13e-05
2026-07-17 12:51:30,503 [INFO] trainer: epoch 336 done train_loss=0.9682 dt=49.3s
2026-07-17 12:51:49,485 [INFO] trainer: epoch 337 step 50/135 loss=1.0128 lr=5.09e-05
2026-07-17 12:52:07,291 [INFO] trainer: epoch 337 step 100/135 loss=1.0067 lr=5.07e-05
2026-07-17 12:52:19,726 [INFO] trainer: epoch 337 done train_loss=0.9976 dt=49.2s
2026-07-17 12:52:38,343 [INFO] trainer: epoch 338 step 50/135 loss=0.9825 lr=5.04e-05
2026-07-17 12:52:56,098 [INFO] trainer: epoch 338 step 100/135 loss=0.9711 lr=5.02e-05
2026-07-17 12:53:08,530 [INFO] trainer: epoch 338 done train_loss=0.9812 dt=48.8s
2026-07-17 12:53:27,198 [INFO] trainer: epoch 339 step 50/135 loss=0.9491 lr=4.98e-05
2026-07-17 12:53:48,146 [INFO] trainer: epoch 339 step 100/135 loss=0.9745 lr=4.96e-05
2026-07-17 12:54:02,159 [INFO] trainer: epoch 339 done train_loss=0.9592 dt=53.6s
2026-07-17 12:54:20,915 [INFO] trainer: epoch 340 step 50/135 loss=0.9621 lr=4.93e-05
2026-07-17 12:54:38,681 [INFO] trainer: epoch 340 step 100/135 loss=1.0121 lr=4.91e-05
2026-07-17 12:54:51,113 [INFO] trainer: epoch 340 done train_loss=0.9814 dt=49.0s
2026-07-17 12:55:10,101 [INFO] trainer: epoch 341 step 50/135 loss=0.9670 lr=4.87e-05
2026-07-17 12:55:27,898 [INFO] trainer: epoch 341 step 100/135 loss=1.0035 lr=4.85e-05
2026-07-17 12:55:40,332 [INFO] trainer: epoch 341 done train_loss=1.0004 dt=48.9s
2026-07-17 12:55:58,852 [INFO] trainer: epoch 342 step 50/135 loss=1.0021 lr=4.82e-05
2026-07-17 12:56:16,622 [INFO] trainer: epoch 342 step 100/135 loss=0.9233 lr=4.80e-05
2026-07-17 12:56:29,059 [INFO] trainer: epoch 342 done train_loss=0.9788 dt=48.7s
2026-07-17 12:56:47,816 [INFO] trainer: epoch 343 step 50/135 loss=0.9867 lr=4.76e-05
2026-07-17 12:57:05,664 [INFO] trainer: epoch 343 step 100/135 loss=0.9775 lr=4.74e-05
2026-07-17 12:57:18,140 [INFO] trainer: epoch 343 done train_loss=0.9743 dt=49.1s
2026-07-17 12:57:36,817 [INFO] trainer: epoch 344 step 50/135 loss=0.9868 lr=4.71e-05
2026-07-17 12:57:54,554 [INFO] trainer: epoch 344 step 100/135 loss=0.9617 lr=4.69e-05
2026-07-17 12:58:06,970 [INFO] trainer: epoch 344 done train_loss=0.9816 dt=48.8s
2026-07-17 12:58:25,724 [INFO] trainer: epoch 345 step 50/135 loss=0.9707 lr=4.66e-05
2026-07-17 12:58:43,551 [INFO] trainer: epoch 345 step 100/135 loss=0.9950 lr=4.64e-05
2026-07-17 12:58:56,015 [INFO] trainer: epoch 345 done train_loss=0.9755 dt=49.0s
2026-07-17 12:59:14,666 [INFO] trainer: epoch 346 step 50/135 loss=0.9523 lr=4.60e-05
2026-07-17 12:59:32,487 [INFO] trainer: epoch 346 step 100/135 loss=0.9913 lr=4.58e-05
2026-07-17 12:59:44,931 [INFO] trainer: epoch 346 done train_loss=0.9749 dt=48.9s
2026-07-17 13:00:03,528 [INFO] trainer: epoch 347 step 50/135 loss=0.9527 lr=4.55e-05
2026-07-17 13:00:21,273 [INFO] trainer: epoch 347 step 100/135 loss=0.9913 lr=4.53e-05
2026-07-17 13:00:33,696 [INFO] trainer: epoch 347 done train_loss=0.9983 dt=48.8s
2026-07-17 13:00:52,274 [INFO] trainer: epoch 348 step 50/135 loss=0.9808 lr=4.50e-05
2026-07-17 13:01:10,031 [INFO] trainer: epoch 348 step 100/135 loss=0.9907 lr=4.48e-05
2026-07-17 13:01:22,462 [INFO] trainer: epoch 348 done train_loss=0.9888 dt=48.8s
2026-07-17 13:01:41,243 [INFO] trainer: epoch 349 step 50/135 loss=0.9956 lr=4.44e-05
2026-07-17 13:01:58,983 [INFO] trainer: epoch 349 step 100/135 loss=0.9676 lr=4.42e-05
2026-07-17 13:02:11,406 [INFO] trainer: epoch 349 done train_loss=0.9732 dt=48.9s
2026-07-17 13:02:30,161 [INFO] trainer: epoch 350 step 50/135 loss=0.9670 lr=4.39e-05
2026-07-17 13:02:47,939 [INFO] trainer: epoch 350 step 100/135 loss=0.9989 lr=4.37e-05
2026-07-17 13:03:00,367 [INFO] trainer: epoch 350 done train_loss=0.9746 dt=49.0s
2026-07-17 13:04:21,607 [INFO] trainer: epoch 350 val_mean_dice=0.8043
2026-07-17 13:04:40,849 [INFO] trainer: epoch 351 step 50/135 loss=0.9992 lr=4.34e-05
2026-07-17 13:04:58,593 [INFO] trainer: epoch 351 step 100/135 loss=0.9722 lr=4.32e-05
2026-07-17 13:05:11,003 [INFO] trainer: epoch 351 done train_loss=0.9796 dt=48.9s
2026-07-17 13:05:29,682 [INFO] trainer: epoch 352 step 50/135 loss=0.9729 lr=4.29e-05
2026-07-17 13:05:47,444 [INFO] trainer: epoch 352 step 100/135 loss=0.9638 lr=4.27e-05
2026-07-17 13:05:59,864 [INFO] trainer: epoch 352 done train_loss=0.9739 dt=48.9s
2026-07-17 13:06:18,678 [INFO] trainer: epoch 353 step 50/135 loss=0.9530 lr=4.23e-05
2026-07-17 13:06:36,445 [INFO] trainer: epoch 353 step 100/135 loss=1.0221 lr=4.22e-05
2026-07-17 13:06:48,867 [INFO] trainer: epoch 353 done train_loss=0.9817 dt=49.0s
2026-07-17 13:07:07,731 [INFO] trainer: epoch 354 step 50/135 loss=0.9578 lr=4.18e-05
2026-07-17 13:07:25,480 [INFO] trainer: epoch 354 step 100/135 loss=0.9974 lr=4.16e-05
2026-07-17 13:07:37,891 [INFO] trainer: epoch 354 done train_loss=0.9840 dt=49.0s
2026-07-17 13:07:56,664 [INFO] trainer: epoch 355 step 50/135 loss=0.9797 lr=4.13e-05
2026-07-17 13:08:14,460 [INFO] trainer: epoch 355 step 100/135 loss=0.9947 lr=4.11e-05
2026-07-17 13:08:26,903 [INFO] trainer: epoch 355 done train_loss=0.9836 dt=49.0s
2026-07-17 13:08:45,553 [INFO] trainer: epoch 356 step 50/135 loss=0.9308 lr=4.08e-05
2026-07-17 13:09:03,312 [INFO] trainer: epoch 356 step 100/135 loss=1.0097 lr=4.06e-05
2026-07-17 13:09:15,733 [INFO] trainer: epoch 356 done train_loss=0.9761 dt=48.8s
2026-07-17 13:09:34,388 [INFO] trainer: epoch 357 step 50/135 loss=0.9537 lr=4.03e-05
2026-07-17 13:09:52,149 [INFO] trainer: epoch 357 step 100/135 loss=1.0135 lr=4.01e-05
2026-07-17 13:10:04,574 [INFO] trainer: epoch 357 done train_loss=0.9715 dt=48.8s
2026-07-17 13:10:23,266 [INFO] trainer: epoch 358 step 50/135 loss=0.9682 lr=3.98e-05
2026-07-17 13:10:41,026 [INFO] trainer: epoch 358 step 100/135 loss=0.9766 lr=3.96e-05
2026-07-17 13:10:53,452 [INFO] trainer: epoch 358 done train_loss=0.9738 dt=48.9s
2026-07-17 13:11:12,231 [INFO] trainer: epoch 359 step 50/135 loss=0.9862 lr=3.93e-05
2026-07-17 13:11:30,070 [INFO] trainer: epoch 359 step 100/135 loss=0.9794 lr=3.91e-05
2026-07-17 13:11:42,528 [INFO] trainer: epoch 359 done train_loss=0.9894 dt=49.1s
2026-07-17 13:12:01,408 [INFO] trainer: epoch 360 step 50/135 loss=0.9531 lr=3.88e-05
2026-07-17 13:12:19,241 [INFO] trainer: epoch 360 step 100/135 loss=0.9951 lr=3.86e-05
2026-07-17 13:12:31,711 [INFO] trainer: epoch 360 done train_loss=0.9695 dt=49.2s
2026-07-17 13:12:50,710 [INFO] trainer: epoch 361 step 50/135 loss=0.9932 lr=3.83e-05
2026-07-17 13:13:08,502 [INFO] trainer: epoch 361 step 100/135 loss=0.9944 lr=3.81e-05
2026-07-17 13:13:20,931 [INFO] trainer: epoch 361 done train_loss=0.9984 dt=48.9s
2026-07-17 13:13:39,586 [INFO] trainer: epoch 362 step 50/135 loss=0.9917 lr=3.78e-05
2026-07-17 13:13:57,365 [INFO] trainer: epoch 362 step 100/135 loss=0.9445 lr=3.76e-05
2026-07-17 13:14:09,802 [INFO] trainer: epoch 362 done train_loss=0.9674 dt=48.9s
2026-07-17 13:14:28,477 [INFO] trainer: epoch 363 step 50/135 loss=0.9957 lr=3.73e-05
2026-07-17 13:14:46,248 [INFO] trainer: epoch 363 step 100/135 loss=0.9733 lr=3.71e-05
2026-07-17 13:14:58,687 [INFO] trainer: epoch 363 done train_loss=0.9721 dt=48.9s
2026-07-17 13:15:17,213 [INFO] trainer: epoch 364 step 50/135 loss=1.0316 lr=3.68e-05
2026-07-17 13:15:34,953 [INFO] trainer: epoch 364 step 100/135 loss=0.9460 lr=3.66e-05
2026-07-17 13:15:47,376 [INFO] trainer: epoch 364 done train_loss=0.9896 dt=48.7s
2026-07-17 13:16:05,900 [INFO] trainer: epoch 365 step 50/135 loss=0.9671 lr=3.63e-05
2026-07-17 13:16:23,662 [INFO] trainer: epoch 365 step 100/135 loss=1.0009 lr=3.61e-05
2026-07-17 13:16:36,096 [INFO] trainer: epoch 365 done train_loss=0.9832 dt=48.7s
2026-07-17 13:16:54,650 [INFO] trainer: epoch 366 step 50/135 loss=0.9485 lr=3.58e-05
2026-07-17 13:17:12,408 [INFO] trainer: epoch 366 step 100/135 loss=0.9552 lr=3.56e-05
2026-07-17 13:17:24,831 [INFO] trainer: epoch 366 done train_loss=0.9571 dt=48.7s
2026-07-17 13:17:43,495 [INFO] trainer: epoch 367 step 50/135 loss=0.9962 lr=3.53e-05
2026-07-17 13:18:01,245 [INFO] trainer: epoch 367 step 100/135 loss=0.9555 lr=3.52e-05
2026-07-17 13:18:13,673 [INFO] trainer: epoch 367 done train_loss=0.9869 dt=48.8s
2026-07-17 13:18:32,306 [INFO] trainer: epoch 368 step 50/135 loss=0.9964 lr=3.49e-05
2026-07-17 13:18:50,129 [INFO] trainer: epoch 368 step 100/135 loss=0.9675 lr=3.47e-05
2026-07-17 13:19:02,593 [INFO] trainer: epoch 368 done train_loss=0.9805 dt=48.9s
2026-07-17 13:19:21,354 [INFO] trainer: epoch 369 step 50/135 loss=0.9572 lr=3.44e-05
2026-07-17 13:19:39,139 [INFO] trainer: epoch 369 step 100/135 loss=0.9688 lr=3.42e-05
2026-07-17 13:19:51,561 [INFO] trainer: epoch 369 done train_loss=0.9666 dt=49.0s
2026-07-17 13:20:10,185 [INFO] trainer: epoch 370 step 50/135 loss=0.9484 lr=3.39e-05
2026-07-17 13:20:27,938 [INFO] trainer: epoch 370 step 100/135 loss=1.0078 lr=3.37e-05
2026-07-17 13:20:40,369 [INFO] trainer: epoch 370 done train_loss=0.9698 dt=48.8s
2026-07-17 13:20:59,203 [INFO] trainer: epoch 371 step 50/135 loss=0.9952 lr=3.34e-05
2026-07-17 13:21:16,979 [INFO] trainer: epoch 371 step 100/135 loss=0.9800 lr=3.33e-05
2026-07-17 13:21:29,416 [INFO] trainer: epoch 371 done train_loss=0.9925 dt=48.8s
2026-07-17 13:21:47,989 [INFO] trainer: epoch 372 step 50/135 loss=0.9861 lr=3.30e-05
2026-07-17 13:22:05,757 [INFO] trainer: epoch 372 step 100/135 loss=0.9733 lr=3.28e-05
2026-07-17 13:22:18,181 [INFO] trainer: epoch 372 done train_loss=0.9848 dt=48.8s
2026-07-17 13:22:36,959 [INFO] trainer: epoch 373 step 50/135 loss=0.9396 lr=3.25e-05
2026-07-17 13:22:54,699 [INFO] trainer: epoch 373 step 100/135 loss=0.9794 lr=3.23e-05
2026-07-17 13:23:07,121 [INFO] trainer: epoch 373 done train_loss=0.9678 dt=48.9s
2026-07-17 13:23:25,679 [INFO] trainer: epoch 374 step 50/135 loss=0.9681 lr=3.20e-05
2026-07-17 13:23:43,429 [INFO] trainer: epoch 374 step 100/135 loss=0.9781 lr=3.19e-05
2026-07-17 13:23:55,860 [INFO] trainer: epoch 374 done train_loss=0.9603 dt=48.7s
2026-07-17 13:24:14,509 [INFO] trainer: epoch 375 step 50/135 loss=1.0153 lr=3.16e-05
2026-07-17 13:24:32,275 [INFO] trainer: epoch 375 step 100/135 loss=0.9487 lr=3.14e-05
2026-07-17 13:24:44,701 [INFO] trainer: epoch 375 done train_loss=0.9722 dt=48.8s
2026-07-17 13:26:04,395 [INFO] trainer: epoch 375 val_mean_dice=0.8041
2026-07-17 13:26:23,168 [INFO] trainer: epoch 376 step 50/135 loss=0.9708 lr=3.11e-05
2026-07-17 13:26:40,932 [INFO] trainer: epoch 376 step 100/135 loss=1.0117 lr=3.09e-05
2026-07-17 13:26:53,385 [INFO] trainer: epoch 376 done train_loss=0.9874 dt=49.0s
2026-07-17 13:27:12,139 [INFO] trainer: epoch 377 step 50/135 loss=0.9732 lr=3.07e-05
2026-07-17 13:27:29,936 [INFO] trainer: epoch 377 step 100/135 loss=0.9414 lr=3.05e-05
2026-07-17 13:27:42,365 [INFO] trainer: epoch 377 done train_loss=0.9776 dt=49.0s
2026-07-17 13:28:01,103 [INFO] trainer: epoch 378 step 50/135 loss=0.9622 lr=3.02e-05
2026-07-17 13:28:18,939 [INFO] trainer: epoch 378 step 100/135 loss=0.9671 lr=3.00e-05
2026-07-17 13:28:31,364 [INFO] trainer: epoch 378 done train_loss=0.9601 dt=49.0s
2026-07-17 13:28:49,982 [INFO] trainer: epoch 379 step 50/135 loss=1.0293 lr=2.98e-05
2026-07-17 13:29:07,751 [INFO] trainer: epoch 379 step 100/135 loss=0.9690 lr=2.96e-05
2026-07-17 13:29:20,198 [INFO] trainer: epoch 379 done train_loss=0.9904 dt=48.8s
2026-07-17 13:29:39,030 [INFO] trainer: epoch 380 step 50/135 loss=0.9444 lr=2.93e-05
2026-07-17 13:29:56,879 [INFO] trainer: epoch 380 step 100/135 loss=0.9842 lr=2.91e-05
2026-07-17 13:30:09,351 [INFO] trainer: epoch 380 done train_loss=0.9634 dt=49.2s
2026-07-17 13:30:28,313 [INFO] trainer: epoch 381 step 50/135 loss=0.9333 lr=2.89e-05
2026-07-17 13:30:46,082 [INFO] trainer: epoch 381 step 100/135 loss=0.9469 lr=2.87e-05
2026-07-17 13:30:58,520 [INFO] trainer: epoch 381 done train_loss=0.9533 dt=48.9s
2026-07-17 13:31:17,061 [INFO] trainer: epoch 382 step 50/135 loss=0.9997 lr=2.84e-05
2026-07-17 13:31:34,831 [INFO] trainer: epoch 382 step 100/135 loss=0.9340 lr=2.83e-05
2026-07-17 13:31:47,265 [INFO] trainer: epoch 382 done train_loss=0.9779 dt=48.7s
2026-07-17 13:32:05,747 [INFO] trainer: epoch 383 step 50/135 loss=1.0110 lr=2.80e-05
2026-07-17 13:32:23,529 [INFO] trainer: epoch 383 step 100/135 loss=0.9673 lr=2.78e-05
2026-07-17 13:32:40,050 [INFO] trainer: epoch 383 done train_loss=0.9776 dt=52.8s
2026-07-17 13:33:09,347 [INFO] trainer: epoch 384 step 50/135 loss=0.9798 lr=2.75e-05
2026-07-17 13:33:39,624 [INFO] trainer: epoch 384 step 100/135 loss=0.9235 lr=2.74e-05
2026-07-17 13:33:55,833 [INFO] trainer: epoch 384 done train_loss=0.9645 dt=75.8s
2026-07-17 13:34:15,519 [INFO] trainer: epoch 385 step 50/135 loss=1.0082 lr=2.71e-05
2026-07-17 13:34:33,371 [INFO] trainer: epoch 385 step 100/135 loss=0.9560 lr=2.70e-05
2026-07-17 13:34:45,837 [INFO] trainer: epoch 385 done train_loss=0.9865 dt=50.0s
2026-07-17 13:35:04,396 [INFO] trainer: epoch 386 step 50/135 loss=0.9869 lr=2.67e-05
2026-07-17 13:35:22,184 [INFO] trainer: epoch 386 step 100/135 loss=0.9936 lr=2.65e-05
2026-07-17 13:35:34,612 [INFO] trainer: epoch 386 done train_loss=0.9926 dt=48.8s
2026-07-17 13:35:53,184 [INFO] trainer: epoch 387 step 50/135 loss=0.9734 lr=2.63e-05
2026-07-17 13:36:10,948 [INFO] trainer: epoch 387 step 100/135 loss=1.0256 lr=2.61e-05
2026-07-17 13:36:23,377 [INFO] trainer: epoch 387 done train_loss=0.9850 dt=48.8s
2026-07-17 13:36:41,986 [INFO] trainer: epoch 388 step 50/135 loss=0.9905 lr=2.58e-05
2026-07-17 13:36:59,932 [INFO] trainer: epoch 388 step 100/135 loss=0.9273 lr=2.57e-05
2026-07-17 13:37:12,437 [INFO] trainer: epoch 388 done train_loss=0.9655 dt=49.1s
2026-07-17 13:37:31,181 [INFO] trainer: epoch 389 step 50/135 loss=1.0007 lr=2.54e-05
2026-07-17 13:37:48,933 [INFO] trainer: epoch 389 step 100/135 loss=0.9404 lr=2.53e-05
2026-07-17 13:38:01,363 [INFO] trainer: epoch 389 done train_loss=0.9632 dt=48.9s
2026-07-17 13:38:20,175 [INFO] trainer: epoch 390 step 50/135 loss=0.9996 lr=2.50e-05
2026-07-17 13:38:37,939 [INFO] trainer: epoch 390 step 100/135 loss=0.9721 lr=2.48e-05
2026-07-17 13:38:50,372 [INFO] trainer: epoch 390 done train_loss=0.9774 dt=49.0s
2026-07-17 13:39:09,434 [INFO] trainer: epoch 391 step 50/135 loss=1.0194 lr=2.46e-05
2026-07-17 13:39:27,220 [INFO] trainer: epoch 391 step 100/135 loss=0.9233 lr=2.44e-05
2026-07-17 13:39:39,654 [INFO] trainer: epoch 391 done train_loss=0.9753 dt=49.0s
2026-07-17 13:39:58,341 [INFO] trainer: epoch 392 step 50/135 loss=0.9783 lr=2.42e-05
2026-07-17 13:40:16,114 [INFO] trainer: epoch 392 step 100/135 loss=0.9730 lr=2.40e-05
2026-07-17 13:40:28,555 [INFO] trainer: epoch 392 done train_loss=0.9726 dt=48.9s
2026-07-17 13:40:47,256 [INFO] trainer: epoch 393 step 50/135 loss=0.9950 lr=2.38e-05
2026-07-17 13:41:05,014 [INFO] trainer: epoch 393 step 100/135 loss=0.9652 lr=2.36e-05
2026-07-17 13:41:17,461 [INFO] trainer: epoch 393 done train_loss=0.9733 dt=48.9s
2026-07-17 13:41:36,194 [INFO] trainer: epoch 394 step 50/135 loss=1.0088 lr=2.34e-05
2026-07-17 13:41:53,956 [INFO] trainer: epoch 394 step 100/135 loss=0.9228 lr=2.32e-05
2026-07-17 13:42:06,389 [INFO] trainer: epoch 394 done train_loss=0.9637 dt=48.9s
2026-07-17 13:42:25,234 [INFO] trainer: epoch 395 step 50/135 loss=0.9622 lr=2.30e-05
2026-07-17 13:42:43,064 [INFO] trainer: epoch 395 step 100/135 loss=0.9493 lr=2.28e-05
2026-07-17 13:42:55,496 [INFO] trainer: epoch 395 done train_loss=0.9720 dt=49.1s
2026-07-17 13:43:14,231 [INFO] trainer: epoch 396 step 50/135 loss=0.9534 lr=2.26e-05
2026-07-17 13:43:32,042 [INFO] trainer: epoch 396 step 100/135 loss=1.0165 lr=2.24e-05
2026-07-17 13:43:44,507 [INFO] trainer: epoch 396 done train_loss=0.9887 dt=49.0s
2026-07-17 13:44:03,063 [INFO] trainer: epoch 397 step 50/135 loss=0.9641 lr=2.22e-05
2026-07-17 13:44:20,864 [INFO] trainer: epoch 397 step 100/135 loss=0.9680 lr=2.20e-05
2026-07-17 13:44:33,337 [INFO] trainer: epoch 397 done train_loss=0.9766 dt=48.8s
2026-07-17 13:44:52,061 [INFO] trainer: epoch 398 step 50/135 loss=0.9640 lr=2.18e-05
2026-07-17 13:45:09,855 [INFO] trainer: epoch 398 step 100/135 loss=1.0251 lr=2.16e-05
2026-07-17 13:45:22,277 [INFO] trainer: epoch 398 done train_loss=0.9835 dt=48.9s
2026-07-17 13:45:41,008 [INFO] trainer: epoch 399 step 50/135 loss=0.9615 lr=2.14e-05
2026-07-17 13:45:58,750 [INFO] trainer: epoch 399 step 100/135 loss=0.9641 lr=2.12e-05
2026-07-17 13:46:11,179 [INFO] trainer: epoch 399 done train_loss=0.9655 dt=48.9s
2026-07-17 13:46:29,967 [INFO] trainer: epoch 400 step 50/135 loss=0.9910 lr=2.10e-05
2026-07-17 13:46:47,761 [INFO] trainer: epoch 400 step 100/135 loss=0.9951 lr=2.09e-05
2026-07-17 13:47:00,207 [INFO] trainer: epoch 400 done train_loss=0.9825 dt=49.0s
2026-07-17 13:48:22,318 [INFO] trainer: epoch 400 val_mean_dice=0.8059
2026-07-17 13:48:42,147 [INFO] trainer: epoch 401 step 50/135 loss=1.0028 lr=2.06e-05
2026-07-17 13:48:59,907 [INFO] trainer: epoch 401 step 100/135 loss=0.9990 lr=2.05e-05
2026-07-17 13:49:12,336 [INFO] trainer: epoch 401 done train_loss=0.9932 dt=49.2s
2026-07-17 13:49:30,887 [INFO] trainer: epoch 402 step 50/135 loss=0.9891 lr=2.02e-05
2026-07-17 13:49:48,670 [INFO] trainer: epoch 402 step 100/135 loss=0.9449 lr=2.01e-05
2026-07-17 13:50:01,111 [INFO] trainer: epoch 402 done train_loss=0.9767 dt=48.8s
2026-07-17 13:50:19,821 [INFO] trainer: epoch 403 step 50/135 loss=1.0089 lr=1.99e-05
2026-07-17 13:50:40,372 [INFO] trainer: epoch 403 step 100/135 loss=0.9645 lr=1.97e-05
2026-07-17 13:50:52,792 [INFO] trainer: epoch 403 done train_loss=0.9702 dt=51.7s
2026-07-17 13:51:11,394 [INFO] trainer: epoch 404 step 50/135 loss=1.0074 lr=1.95e-05
2026-07-17 13:51:29,246 [INFO] trainer: epoch 404 step 100/135 loss=0.9283 lr=1.94e-05
2026-07-17 13:51:41,659 [INFO] trainer: epoch 404 done train_loss=0.9683 dt=48.9s
2026-07-17 13:52:00,498 [INFO] trainer: epoch 405 step 50/135 loss=0.9133 lr=1.91e-05
2026-07-17 13:52:18,258 [INFO] trainer: epoch 405 step 100/135 loss=0.9556 lr=1.90e-05
2026-07-17 13:52:30,694 [INFO] trainer: epoch 405 done train_loss=0.9565 dt=49.0s
2026-07-17 13:52:49,354 [INFO] trainer: epoch 406 step 50/135 loss=0.9617 lr=1.88e-05
2026-07-17 13:53:07,127 [INFO] trainer: epoch 406 step 100/135 loss=0.9735 lr=1.86e-05
2026-07-17 13:53:19,547 [INFO] trainer: epoch 406 done train_loss=0.9570 dt=48.9s
2026-07-17 13:53:38,210 [INFO] trainer: epoch 407 step 50/135 loss=0.9090 lr=1.84e-05
2026-07-17 13:53:55,974 [INFO] trainer: epoch 407 step 100/135 loss=0.9958 lr=1.83e-05
2026-07-17 13:54:08,389 [INFO] trainer: epoch 407 done train_loss=0.9535 dt=48.8s
2026-07-17 13:54:27,010 [INFO] trainer: epoch 408 step 50/135 loss=0.9722 lr=1.80e-05
2026-07-17 13:54:44,771 [INFO] trainer: epoch 408 step 100/135 loss=1.0019 lr=1.79e-05
2026-07-17 13:54:57,182 [INFO] trainer: epoch 408 done train_loss=0.9821 dt=48.8s
2026-07-17 13:55:15,883 [INFO] trainer: epoch 409 step 50/135 loss=0.9271 lr=1.77e-05
2026-07-17 13:55:33,627 [INFO] trainer: epoch 409 step 100/135 loss=1.0015 lr=1.76e-05
2026-07-17 13:55:46,048 [INFO] trainer: epoch 409 done train_loss=0.9565 dt=48.9s
2026-07-17 13:56:04,579 [INFO] trainer: epoch 410 step 50/135 loss=0.9843 lr=1.73e-05
2026-07-17 13:56:22,317 [INFO] trainer: epoch 410 step 100/135 loss=0.9924 lr=1.72e-05
2026-07-17 13:56:34,742 [INFO] trainer: epoch 410 done train_loss=0.9795 dt=48.7s
2026-07-17 13:56:53,644 [INFO] trainer: epoch 411 step 50/135 loss=0.9273 lr=1.70e-05
2026-07-17 13:57:11,389 [INFO] trainer: epoch 411 step 100/135 loss=0.9872 lr=1.69e-05
2026-07-17 13:57:23,829 [INFO] trainer: epoch 411 done train_loss=0.9551 dt=48.8s
2026-07-17 13:57:42,577 [INFO] trainer: epoch 412 step 50/135 loss=0.9530 lr=1.66e-05
2026-07-17 13:58:00,325 [INFO] trainer: epoch 412 step 100/135 loss=1.0071 lr=1.65e-05
2026-07-17 13:58:12,744 [INFO] trainer: epoch 412 done train_loss=0.9719 dt=48.9s
2026-07-17 13:58:31,424 [INFO] trainer: epoch 413 step 50/135 loss=0.9663 lr=1.63e-05
2026-07-17 13:58:49,197 [INFO] trainer: epoch 413 step 100/135 loss=1.0168 lr=1.62e-05
2026-07-17 13:59:01,645 [INFO] trainer: epoch 413 done train_loss=0.9800 dt=48.9s
2026-07-17 13:59:20,333 [INFO] trainer: epoch 414 step 50/135 loss=1.0210 lr=1.60e-05
2026-07-17 13:59:38,096 [INFO] trainer: epoch 414 step 100/135 loss=0.9707 lr=1.58e-05
2026-07-17 13:59:50,539 [INFO] trainer: epoch 414 done train_loss=0.9816 dt=48.9s
2026-07-17 14:00:09,074 [INFO] trainer: epoch 415 step 50/135 loss=0.9560 lr=1.56e-05
2026-07-17 14:00:26,858 [INFO] trainer: epoch 415 step 100/135 loss=0.9695 lr=1.55e-05
2026-07-17 14:00:39,287 [INFO] trainer: epoch 415 done train_loss=0.9588 dt=48.7s
2026-07-17 14:00:58,083 [INFO] trainer: epoch 416 step 50/135 loss=0.9658 lr=1.53e-05
2026-07-17 14:01:15,899 [INFO] trainer: epoch 416 step 100/135 loss=0.9378 lr=1.52e-05
2026-07-17 14:01:28,350 [INFO] trainer: epoch 416 done train_loss=0.9505 dt=49.1s
2026-07-17 14:01:46,893 [INFO] trainer: epoch 417 step 50/135 loss=0.9449 lr=1.50e-05
2026-07-17 14:02:04,642 [INFO] trainer: epoch 417 step 100/135 loss=0.9246 lr=1.48e-05
2026-07-17 14:02:17,073 [INFO] trainer: epoch 417 done train_loss=0.9556 dt=48.7s
2026-07-17 14:03:05,036 [INFO] trainer: epoch 418 step 50/135 loss=0.9647 lr=1.46e-05
2026-07-17 14:03:22,835 [INFO] trainer: epoch 418 step 100/135 loss=0.9399 lr=1.45e-05
2026-07-17 14:03:53,300 [INFO] trainer: epoch 418 done train_loss=0.9581 dt=66.9s
2026-07-17 14:04:12,051 [INFO] trainer: epoch 419 step 50/135 loss=0.9869 lr=1.43e-05
2026-07-17 14:04:29,794 [INFO] trainer: epoch 419 step 100/135 loss=0.9639 lr=1.42e-05
2026-07-17 14:04:42,206 [INFO] trainer: epoch 419 done train_loss=0.9680 dt=48.9s
2026-07-17 14:05:01,016 [INFO] trainer: epoch 420 step 50/135 loss=0.9581 lr=1.40e-05
2026-07-17 14:05:25,326 [INFO] trainer: epoch 420 step 100/135 loss=0.9685 lr=1.39e-05
2026-07-17 14:05:37,769 [INFO] trainer: epoch 420 done train_loss=0.9715 dt=55.6s
2026-07-17 14:05:56,785 [INFO] trainer: epoch 421 step 50/135 loss=1.0144 lr=1.37e-05
2026-07-17 14:06:14,543 [INFO] trainer: epoch 421 step 100/135 loss=0.9523 lr=1.36e-05
2026-07-17 14:06:26,976 [INFO] trainer: epoch 421 done train_loss=0.9726 dt=48.9s
2026-07-17 14:06:45,648 [INFO] trainer: epoch 422 step 50/135 loss=0.9550 lr=1.34e-05
2026-07-17 14:07:03,414 [INFO] trainer: epoch 422 step 100/135 loss=1.0079 lr=1.33e-05
2026-07-17 14:07:15,839 [INFO] trainer: epoch 422 done train_loss=0.9782 dt=48.9s
2026-07-17 14:07:34,622 [INFO] trainer: epoch 423 step 50/135 loss=0.9879 lr=1.31e-05
2026-07-17 14:07:52,378 [INFO] trainer: epoch 423 step 100/135 loss=0.9717 lr=1.30e-05
2026-07-17 14:08:04,797 [INFO] trainer: epoch 423 done train_loss=0.9755 dt=49.0s
2026-07-17 14:08:23,523 [INFO] trainer: epoch 424 step 50/135 loss=0.9711 lr=1.28e-05
2026-07-17 14:08:41,266 [INFO] trainer: epoch 424 step 100/135 loss=0.9703 lr=1.27e-05
2026-07-17 14:08:53,689 [INFO] trainer: epoch 424 done train_loss=0.9526 dt=48.9s
2026-07-17 14:09:12,620 [INFO] trainer: epoch 425 step 50/135 loss=0.9370 lr=1.25e-05
2026-07-17 14:09:30,421 [INFO] trainer: epoch 425 step 100/135 loss=0.9268 lr=1.24e-05
2026-07-17 14:09:42,849 [INFO] trainer: epoch 425 done train_loss=0.9421 dt=49.2s
2026-07-17 14:11:04,503 [INFO] trainer: epoch 425 val_mean_dice=0.8065
2026-07-17 14:11:23,678 [INFO] trainer: epoch 426 step 50/135 loss=1.0156 lr=1.22e-05
2026-07-17 14:11:41,625 [INFO] trainer: epoch 426 step 100/135 loss=0.9756 lr=1.21e-05
2026-07-17 14:11:54,043 [INFO] trainer: epoch 426 done train_loss=0.9819 dt=49.1s
2026-07-17 14:12:12,742 [INFO] trainer: epoch 427 step 50/135 loss=0.9552 lr=1.19e-05
2026-07-17 14:12:30,583 [INFO] trainer: epoch 427 step 100/135 loss=0.9466 lr=1.18e-05
2026-07-17 14:12:43,277 [INFO] trainer: epoch 427 done train_loss=0.9596 dt=49.2s
2026-07-17 14:13:01,993 [INFO] trainer: epoch 428 step 50/135 loss=0.9453 lr=1.16e-05
2026-07-17 14:13:19,817 [INFO] trainer: epoch 428 step 100/135 loss=0.9211 lr=1.15e-05
2026-07-17 14:13:32,277 [INFO] trainer: epoch 428 done train_loss=0.9490 dt=49.0s
2026-07-17 14:13:51,054 [INFO] trainer: epoch 429 step 50/135 loss=0.9786 lr=1.13e-05
2026-07-17 14:14:08,855 [INFO] trainer: epoch 429 step 100/135 loss=0.9127 lr=1.12e-05
2026-07-17 14:14:21,292 [INFO] trainer: epoch 429 done train_loss=0.9453 dt=49.0s
2026-07-17 14:14:40,145 [INFO] trainer: epoch 430 step 50/135 loss=0.9876 lr=1.10e-05
2026-07-17 14:14:57,950 [INFO] trainer: epoch 430 step 100/135 loss=1.0149 lr=1.09e-05
2026-07-17 14:15:10,383 [INFO] trainer: epoch 430 done train_loss=0.9891 dt=49.1s
2026-07-17 14:15:29,413 [INFO] trainer: epoch 431 step 50/135 loss=0.9832 lr=1.08e-05
2026-07-17 14:15:47,226 [INFO] trainer: epoch 431 step 100/135 loss=0.9443 lr=1.07e-05
2026-07-17 14:15:59,689 [INFO] trainer: epoch 431 done train_loss=0.9634 dt=49.0s
2026-07-17 14:16:18,567 [INFO] trainer: epoch 432 step 50/135 loss=0.9421 lr=1.05e-05
2026-07-17 14:16:36,306 [INFO] trainer: epoch 432 step 100/135 loss=0.9693 lr=1.04e-05
2026-07-17 14:16:48,745 [INFO] trainer: epoch 432 done train_loss=0.9588 dt=49.1s
2026-07-17 14:17:07,362 [INFO] trainer: epoch 433 step 50/135 loss=1.0093 lr=1.02e-05
2026-07-17 14:17:25,104 [INFO] trainer: epoch 433 step 100/135 loss=0.9622 lr=1.01e-05
2026-07-17 14:17:37,523 [INFO] trainer: epoch 433 done train_loss=0.9729 dt=48.8s
2026-07-17 14:17:56,112 [INFO] trainer: epoch 434 step 50/135 loss=0.9670 lr=9.94e-06
2026-07-17 14:18:13,868 [INFO] trainer: epoch 434 step 100/135 loss=0.9377 lr=9.85e-06
2026-07-17 14:18:26,285 [INFO] trainer: epoch 434 done train_loss=0.9617 dt=48.8s
2026-07-17 14:18:44,962 [INFO] trainer: epoch 435 step 50/135 loss=0.9895 lr=9.68e-06
2026-07-17 14:19:02,700 [INFO] trainer: epoch 435 step 100/135 loss=0.9760 lr=9.58e-06
2026-07-17 14:19:15,113 [INFO] trainer: epoch 435 done train_loss=0.9854 dt=48.8s
2026-07-17 14:19:33,897 [INFO] trainer: epoch 436 step 50/135 loss=0.9505 lr=9.42e-06
2026-07-17 14:19:51,740 [INFO] trainer: epoch 436 step 100/135 loss=0.9667 lr=9.33e-06
2026-07-17 14:20:04,218 [INFO] trainer: epoch 436 done train_loss=0.9601 dt=49.1s
2026-07-17 14:20:23,253 [INFO] trainer: epoch 437 step 50/135 loss=0.9795 lr=9.17e-06
2026-07-17 14:20:41,007 [INFO] trainer: epoch 437 step 100/135 loss=0.9499 lr=9.07e-06
2026-07-17 14:20:53,440 [INFO] trainer: epoch 437 done train_loss=0.9726 dt=49.2s
2026-07-17 14:21:12,154 [INFO] trainer: epoch 438 step 50/135 loss=0.9585 lr=8.92e-06
2026-07-17 14:21:29,915 [INFO] trainer: epoch 438 step 100/135 loss=0.9868 lr=8.82e-06
2026-07-17 14:21:42,333 [INFO] trainer: epoch 438 done train_loss=0.9702 dt=48.9s
2026-07-17 14:22:01,025 [INFO] trainer: epoch 439 step 50/135 loss=0.9477 lr=8.67e-06
2026-07-17 14:22:18,800 [INFO] trainer: epoch 439 step 100/135 loss=0.9138 lr=8.58e-06
2026-07-17 14:22:31,241 [INFO] trainer: epoch 439 done train_loss=0.9524 dt=48.9s
2026-07-17 14:22:49,969 [INFO] trainer: epoch 440 step 50/135 loss=0.9368 lr=8.42e-06
2026-07-17 14:23:07,739 [INFO] trainer: epoch 440 step 100/135 loss=0.9680 lr=8.34e-06
2026-07-17 14:23:20,167 [INFO] trainer: epoch 440 done train_loss=0.9631 dt=48.9s
2026-07-17 14:23:39,082 [INFO] trainer: epoch 441 step 50/135 loss=0.9575 lr=8.18e-06
2026-07-17 14:23:56,844 [INFO] trainer: epoch 441 step 100/135 loss=0.9626 lr=8.10e-06
2026-07-17 14:24:09,282 [INFO] trainer: epoch 441 done train_loss=0.9649 dt=48.9s
2026-07-17 14:24:27,964 [INFO] trainer: epoch 442 step 50/135 loss=0.9811 lr=7.95e-06
2026-07-17 14:24:45,718 [INFO] trainer: epoch 442 step 100/135 loss=0.9633 lr=7.86e-06
2026-07-17 14:24:58,143 [INFO] trainer: epoch 442 done train_loss=0.9840 dt=48.9s
2026-07-17 14:25:16,845 [INFO] trainer: epoch 443 step 50/135 loss=1.0010 lr=7.72e-06
2026-07-17 14:25:34,597 [INFO] trainer: epoch 443 step 100/135 loss=0.9586 lr=7.63e-06
2026-07-17 14:25:47,027 [INFO] trainer: epoch 443 done train_loss=0.9812 dt=48.9s
2026-07-17 14:26:05,791 [INFO] trainer: epoch 444 step 50/135 loss=0.9194 lr=7.49e-06
2026-07-17 14:26:23,532 [INFO] trainer: epoch 444 step 100/135 loss=0.9859 lr=7.40e-06
2026-07-17 14:26:35,961 [INFO] trainer: epoch 444 done train_loss=0.9679 dt=48.9s
2026-07-17 14:26:54,609 [INFO] trainer: epoch 445 step 50/135 loss=0.9657 lr=7.26e-06
2026-07-17 14:27:12,560 [INFO] trainer: epoch 445 step 100/135 loss=0.9743 lr=7.18e-06
2026-07-17 14:27:24,996 [INFO] trainer: epoch 445 done train_loss=0.9771 dt=49.0s
2026-07-17 14:27:43,678 [INFO] trainer: epoch 446 step 50/135 loss=0.9679 lr=7.04e-06
2026-07-17 14:28:01,434 [INFO] trainer: epoch 446 step 100/135 loss=0.9679 lr=6.96e-06
2026-07-17 14:28:13,872 [INFO] trainer: epoch 446 done train_loss=0.9721 dt=48.9s
2026-07-17 14:28:32,507 [INFO] trainer: epoch 447 step 50/135 loss=0.9603 lr=6.82e-06
2026-07-17 14:28:50,247 [INFO] trainer: epoch 447 step 100/135 loss=0.9432 lr=6.75e-06
2026-07-17 14:29:02,671 [INFO] trainer: epoch 447 done train_loss=0.9659 dt=48.8s
2026-07-17 14:29:21,337 [INFO] trainer: epoch 448 step 50/135 loss=0.9038 lr=6.61e-06
2026-07-17 14:29:39,064 [INFO] trainer: epoch 448 step 100/135 loss=0.9987 lr=6.53e-06
2026-07-17 14:29:51,483 [INFO] trainer: epoch 448 done train_loss=0.9591 dt=48.8s
2026-07-17 14:30:10,060 [INFO] trainer: epoch 449 step 50/135 loss=0.9722 lr=6.40e-06
2026-07-17 14:30:27,829 [INFO] trainer: epoch 449 step 100/135 loss=0.9962 lr=6.33e-06
2026-07-17 14:30:40,271 [INFO] trainer: epoch 449 done train_loss=0.9749 dt=48.8s
2026-07-17 14:30:59,127 [INFO] trainer: epoch 450 step 50/135 loss=0.9744 lr=6.20e-06
2026-07-17 14:31:17,111 [INFO] trainer: epoch 450 step 100/135 loss=0.9549 lr=6.12e-06
2026-07-17 14:31:29,543 [INFO] trainer: epoch 450 done train_loss=0.9655 dt=49.3s
2026-07-17 14:32:50,128 [INFO] trainer: epoch 450 val_mean_dice=0.8070
2026-07-17 14:33:09,495 [INFO] trainer: epoch 451 step 50/135 loss=1.0098 lr=6.00e-06
2026-07-17 14:33:27,315 [INFO] trainer: epoch 451 step 100/135 loss=0.9791 lr=5.92e-06
2026-07-17 14:33:39,770 [INFO] trainer: epoch 451 done train_loss=0.9818 dt=49.0s
2026-07-17 14:33:58,475 [INFO] trainer: epoch 452 step 50/135 loss=0.9953 lr=5.80e-06
2026-07-17 14:34:16,281 [INFO] trainer: epoch 452 step 100/135 loss=0.9385 lr=5.73e-06
2026-07-17 14:34:28,742 [INFO] trainer: epoch 452 done train_loss=0.9631 dt=49.0s
2026-07-17 14:34:47,509 [INFO] trainer: epoch 453 step 50/135 loss=0.9650 lr=5.60e-06
2026-07-17 14:35:05,314 [INFO] trainer: epoch 453 step 100/135 loss=0.9705 lr=5.53e-06
2026-07-17 14:35:17,771 [INFO] trainer: epoch 453 done train_loss=0.9741 dt=49.0s
2026-07-17 14:35:36,391 [INFO] trainer: epoch 454 step 50/135 loss=0.9342 lr=5.41e-06
2026-07-17 14:35:54,220 [INFO] trainer: epoch 454 step 100/135 loss=0.9626 lr=5.35e-06
2026-07-17 14:36:06,679 [INFO] trainer: epoch 454 done train_loss=0.9480 dt=48.9s
2026-07-17 14:36:25,483 [INFO] trainer: epoch 455 step 50/135 loss=0.9974 lr=5.23e-06
2026-07-17 14:36:43,292 [INFO] trainer: epoch 455 step 100/135 loss=0.9615 lr=5.16e-06
2026-07-17 14:36:55,746 [INFO] trainer: epoch 455 done train_loss=0.9842 dt=49.1s
2026-07-17 14:37:14,589 [INFO] trainer: epoch 456 step 50/135 loss=0.9609 lr=5.05e-06
2026-07-17 14:37:32,402 [INFO] trainer: epoch 456 step 100/135 loss=0.9240 lr=4.98e-06
2026-07-17 14:37:44,861 [INFO] trainer: epoch 456 done train_loss=0.9474 dt=49.1s
2026-07-17 14:38:03,561 [INFO] trainer: epoch 457 step 50/135 loss=0.9683 lr=4.87e-06
2026-07-17 14:38:21,391 [INFO] trainer: epoch 457 step 100/135 loss=0.9822 lr=4.80e-06
2026-07-17 14:38:33,856 [INFO] trainer: epoch 457 done train_loss=0.9573 dt=49.0s
2026-07-17 14:38:52,698 [INFO] trainer: epoch 458 step 50/135 loss=0.9705 lr=4.69e-06
2026-07-17 14:39:10,535 [INFO] trainer: epoch 458 step 100/135 loss=0.9414 lr=4.63e-06
2026-07-17 14:39:23,013 [INFO] trainer: epoch 458 done train_loss=0.9626 dt=49.2s
2026-07-17 14:39:41,725 [INFO] trainer: epoch 459 step 50/135 loss=0.9592 lr=4.52e-06
2026-07-17 14:39:59,550 [INFO] trainer: epoch 459 step 100/135 loss=0.9502 lr=4.46e-06
2026-07-17 14:40:12,019 [INFO] trainer: epoch 459 done train_loss=0.9563 dt=49.0s
2026-07-17 14:40:30,665 [INFO] trainer: epoch 460 step 50/135 loss=0.9433 lr=4.36e-06
2026-07-17 14:40:48,435 [INFO] trainer: epoch 460 step 100/135 loss=0.9931 lr=4.30e-06
2026-07-17 14:41:00,867 [INFO] trainer: epoch 460 done train_loss=0.9715 dt=48.8s
2026-07-17 14:41:19,843 [INFO] trainer: epoch 461 step 50/135 loss=1.0090 lr=4.19e-06
2026-07-17 14:41:37,644 [INFO] trainer: epoch 461 step 100/135 loss=0.9785 lr=4.14e-06
2026-07-17 14:41:50,090 [INFO] trainer: epoch 461 done train_loss=0.9839 dt=48.9s
2026-07-17 14:42:08,675 [INFO] trainer: epoch 462 step 50/135 loss=0.9635 lr=4.04e-06
2026-07-17 14:42:26,506 [INFO] trainer: epoch 462 step 100/135 loss=0.9815 lr=3.98e-06
2026-07-17 14:42:38,945 [INFO] trainer: epoch 462 done train_loss=0.9673 dt=48.9s
2026-07-17 14:42:57,749 [INFO] trainer: epoch 463 step 50/135 loss=0.9406 lr=3.88e-06
2026-07-17 14:43:15,548 [INFO] trainer: epoch 463 step 100/135 loss=0.9727 lr=3.83e-06
2026-07-17 14:43:27,989 [INFO] trainer: epoch 463 done train_loss=0.9489 dt=49.0s
2026-07-17 14:43:46,790 [INFO] trainer: epoch 464 step 50/135 loss=0.9581 lr=3.73e-06
2026-07-17 14:44:04,580 [INFO] trainer: epoch 464 step 100/135 loss=0.9731 lr=3.68e-06
2026-07-17 14:44:17,035 [INFO] trainer: epoch 464 done train_loss=0.9636 dt=49.0s
2026-07-17 14:44:35,771 [INFO] trainer: epoch 465 step 50/135 loss=0.9720 lr=3.59e-06
2026-07-17 14:44:53,588 [INFO] trainer: epoch 465 step 100/135 loss=0.9579 lr=3.53e-06
2026-07-17 14:45:06,026 [INFO] trainer: epoch 465 done train_loss=0.9674 dt=49.0s
2026-07-17 14:45:24,535 [INFO] trainer: epoch 466 step 50/135 loss=0.9633 lr=3.44e-06
2026-07-17 14:45:42,326 [INFO] trainer: epoch 466 step 100/135 loss=0.9747 lr=3.39e-06
2026-07-17 14:45:54,755 [INFO] trainer: epoch 466 done train_loss=0.9737 dt=48.7s
2026-07-17 14:46:13,599 [INFO] trainer: epoch 467 step 50/135 loss=0.9551 lr=3.30e-06
2026-07-17 14:46:31,393 [INFO] trainer: epoch 467 step 100/135 loss=0.9468 lr=3.25e-06
2026-07-17 14:46:43,852 [INFO] trainer: epoch 467 done train_loss=0.9482 dt=49.1s
2026-07-17 14:47:02,620 [INFO] trainer: epoch 468 step 50/135 loss=0.9762 lr=3.17e-06
2026-07-17 14:47:20,445 [INFO] trainer: epoch 468 step 100/135 loss=0.9807 lr=3.12e-06
2026-07-17 14:47:32,917 [INFO] trainer: epoch 468 done train_loss=0.9821 dt=49.1s
2026-07-17 14:47:51,658 [INFO] trainer: epoch 469 step 50/135 loss=0.9749 lr=3.04e-06
2026-07-17 14:48:09,487 [INFO] trainer: epoch 469 step 100/135 loss=0.9545 lr=2.99e-06
2026-07-17 14:48:21,932 [INFO] trainer: epoch 469 done train_loss=0.9566 dt=49.0s
2026-07-17 14:48:40,675 [INFO] trainer: epoch 470 step 50/135 loss=0.9621 lr=2.91e-06
2026-07-17 14:48:58,459 [INFO] trainer: epoch 470 step 100/135 loss=0.9739 lr=2.87e-06
2026-07-17 14:49:10,904 [INFO] trainer: epoch 470 done train_loss=0.9594 dt=49.0s
2026-07-17 14:49:29,868 [INFO] trainer: epoch 471 step 50/135 loss=0.9614 lr=2.79e-06
2026-07-17 14:49:47,810 [INFO] trainer: epoch 471 step 100/135 loss=0.9351 lr=2.75e-06
2026-07-17 14:50:00,320 [INFO] trainer: epoch 471 done train_loss=0.9626 dt=49.1s
2026-07-17 14:50:18,943 [INFO] trainer: epoch 472 step 50/135 loss=0.9509 lr=2.67e-06
2026-07-17 14:50:36,768 [INFO] trainer: epoch 472 step 100/135 loss=0.9837 lr=2.63e-06
2026-07-17 14:50:49,229 [INFO] trainer: epoch 472 done train_loss=0.9583 dt=48.9s
2026-07-17 14:51:07,888 [INFO] trainer: epoch 473 step 50/135 loss=0.9549 lr=2.56e-06
2026-07-17 14:51:25,718 [INFO] trainer: epoch 473 step 100/135 loss=0.9229 lr=2.52e-06
2026-07-17 14:51:38,171 [INFO] trainer: epoch 473 done train_loss=0.9523 dt=48.9s
2026-07-17 14:51:57,006 [INFO] trainer: epoch 474 step 50/135 loss=0.9647 lr=2.45e-06
2026-07-17 14:52:14,826 [INFO] trainer: epoch 474 step 100/135 loss=0.9269 lr=2.41e-06
2026-07-17 14:52:27,290 [INFO] trainer: epoch 474 done train_loss=0.9443 dt=49.1s
2026-07-17 14:52:45,962 [INFO] trainer: epoch 475 step 50/135 loss=1.0160 lr=2.34e-06
2026-07-17 14:53:03,743 [INFO] trainer: epoch 475 step 100/135 loss=0.9414 lr=2.30e-06
2026-07-17 14:53:16,199 [INFO] trainer: epoch 475 done train_loss=0.9718 dt=48.9s
2026-07-17 14:54:35,933 [INFO] trainer: epoch 475 val_mean_dice=0.8079
2026-07-17 14:54:54,866 [INFO] trainer: epoch 476 step 50/135 loss=0.9713 lr=2.24e-06
2026-07-17 14:55:12,688 [INFO] trainer: epoch 476 step 100/135 loss=1.0134 lr=2.20e-06
2026-07-17 14:55:25,143 [INFO] trainer: epoch 476 done train_loss=0.9826 dt=48.9s
2026-07-17 14:55:43,854 [INFO] trainer: epoch 477 step 50/135 loss=0.9456 lr=2.14e-06
2026-07-17 14:56:01,669 [INFO] trainer: epoch 477 step 100/135 loss=0.9764 lr=2.10e-06
2026-07-17 14:56:14,125 [INFO] trainer: epoch 477 done train_loss=0.9619 dt=49.0s
2026-07-17 14:56:32,850 [INFO] trainer: epoch 478 step 50/135 loss=0.9833 lr=2.05e-06
2026-07-17 14:56:50,665 [INFO] trainer: epoch 478 step 100/135 loss=0.9690 lr=2.01e-06
2026-07-17 14:57:03,112 [INFO] trainer: epoch 478 done train_loss=0.9759 dt=49.0s
2026-07-17 14:57:21,765 [INFO] trainer: epoch 479 step 50/135 loss=0.9983 lr=1.96e-06
2026-07-17 14:57:39,588 [INFO] trainer: epoch 479 step 100/135 loss=0.9352 lr=1.92e-06
2026-07-17 14:57:52,044 [INFO] trainer: epoch 479 done train_loss=0.9696 dt=48.9s
2026-07-17 14:58:10,563 [INFO] trainer: epoch 480 step 50/135 loss=0.9492 lr=1.87e-06
2026-07-17 14:58:28,360 [INFO] trainer: epoch 480 step 100/135 loss=0.9915 lr=1.84e-06
2026-07-17 14:58:40,817 [INFO] trainer: epoch 480 done train_loss=0.9656 dt=48.8s
2026-07-17 14:58:59,735 [INFO] trainer: epoch 481 step 50/135 loss=0.9754 lr=1.79e-06
2026-07-17 14:59:17,555 [INFO] trainer: epoch 481 step 100/135 loss=0.9205 lr=1.76e-06
2026-07-17 14:59:29,999 [INFO] trainer: epoch 481 done train_loss=0.9440 dt=48.9s
2026-07-17 14:59:48,566 [INFO] trainer: epoch 482 step 50/135 loss=0.9932 lr=1.71e-06
2026-07-17 15:00:06,368 [INFO] trainer: epoch 482 step 100/135 loss=0.9647 lr=1.68e-06
2026-07-17 15:00:18,822 [INFO] trainer: epoch 482 done train_loss=0.9697 dt=48.8s
2026-07-17 15:00:37,541 [INFO] trainer: epoch 483 step 50/135 loss=0.9546 lr=1.64e-06
2026-07-17 15:00:55,345 [INFO] trainer: epoch 483 step 100/135 loss=0.9495 lr=1.61e-06
2026-07-17 15:01:07,797 [INFO] trainer: epoch 483 done train_loss=0.9539 dt=49.0s
2026-07-17 15:01:26,594 [INFO] trainer: epoch 484 step 50/135 loss=0.9401 lr=1.57e-06
2026-07-17 15:01:44,433 [INFO] trainer: epoch 484 step 100/135 loss=0.9680 lr=1.54e-06
2026-07-17 15:01:56,895 [INFO] trainer: epoch 484 done train_loss=0.9584 dt=49.1s
2026-07-17 15:02:15,604 [INFO] trainer: epoch 485 step 50/135 loss=0.9494 lr=1.50e-06
2026-07-17 15:02:33,435 [INFO] trainer: epoch 485 step 100/135 loss=0.9288 lr=1.48e-06
2026-07-17 15:02:45,896 [INFO] trainer: epoch 485 done train_loss=0.9502 dt=49.0s
2026-07-17 15:03:04,794 [INFO] trainer: epoch 486 step 50/135 loss=0.9709 lr=1.44e-06
2026-07-17 15:03:22,620 [INFO] trainer: epoch 486 step 100/135 loss=0.9652 lr=1.42e-06
2026-07-17 15:03:35,070 [INFO] trainer: epoch 486 done train_loss=0.9753 dt=49.2s
2026-07-17 15:03:53,800 [INFO] trainer: epoch 487 step 50/135 loss=0.9720 lr=1.38e-06
2026-07-17 15:04:11,607 [INFO] trainer: epoch 487 step 100/135 loss=1.0257 lr=1.36e-06
2026-07-17 15:04:24,070 [INFO] trainer: epoch 487 done train_loss=0.9932 dt=49.0s
2026-07-17 15:04:42,913 [INFO] trainer: epoch 488 step 50/135 loss=0.9512 lr=1.33e-06
2026-07-17 15:05:00,730 [INFO] trainer: epoch 488 step 100/135 loss=0.9450 lr=1.31e-06
2026-07-17 15:05:13,184 [INFO] trainer: epoch 488 done train_loss=0.9580 dt=49.1s
2026-07-17 15:05:31,940 [INFO] trainer: epoch 489 step 50/135 loss=0.9489 lr=1.28e-06
2026-07-17 15:05:49,696 [INFO] trainer: epoch 489 step 100/135 loss=0.9845 lr=1.26e-06
2026-07-17 15:06:02,133 [INFO] trainer: epoch 489 done train_loss=0.9708 dt=48.9s
2026-07-17 15:06:20,950 [INFO] trainer: epoch 490 step 50/135 loss=0.9719 lr=1.23e-06
2026-07-17 15:06:38,753 [INFO] trainer: epoch 490 step 100/135 loss=0.9469 lr=1.22e-06
2026-07-17 15:06:51,211 [INFO] trainer: epoch 490 done train_loss=0.9632 dt=49.1s
2026-07-17 15:07:10,359 [INFO] trainer: epoch 491 step 50/135 loss=0.9508 lr=1.19e-06
2026-07-17 15:07:28,196 [INFO] trainer: epoch 491 step 100/135 loss=0.9516 lr=1.18e-06
2026-07-17 15:07:40,656 [INFO] trainer: epoch 491 done train_loss=0.9487 dt=49.1s
2026-07-17 15:07:59,412 [INFO] trainer: epoch 492 step 50/135 loss=0.9556 lr=1.15e-06
2026-07-17 15:08:17,247 [INFO] trainer: epoch 492 step 100/135 loss=0.9768 lr=1.14e-06
2026-07-17 15:08:29,706 [INFO] trainer: epoch 492 done train_loss=0.9614 dt=49.0s
2026-07-17 15:08:48,481 [INFO] trainer: epoch 493 step 50/135 loss=1.0107 lr=1.12e-06
2026-07-17 15:09:06,295 [INFO] trainer: epoch 493 step 100/135 loss=0.9594 lr=1.11e-06
2026-07-17 15:09:18,757 [INFO] trainer: epoch 493 done train_loss=0.9743 dt=49.0s
2026-07-17 15:09:37,626 [INFO] trainer: epoch 494 step 50/135 loss=0.9957 lr=1.09e-06
2026-07-17 15:09:55,439 [INFO] trainer: epoch 494 step 100/135 loss=0.9488 lr=1.08e-06
2026-07-17 15:10:07,885 [INFO] trainer: epoch 494 done train_loss=0.9705 dt=49.1s
2026-07-17 15:10:26,601 [INFO] trainer: epoch 495 step 50/135 loss=0.9648 lr=1.06e-06
2026-07-17 15:10:44,427 [INFO] trainer: epoch 495 step 100/135 loss=0.9306 lr=1.06e-06
2026-07-17 15:10:56,886 [INFO] trainer: epoch 495 done train_loss=0.9613 dt=49.0s
2026-07-17 15:11:15,408 [INFO] trainer: epoch 496 step 50/135 loss=0.9813 lr=1.04e-06
2026-07-17 15:11:33,221 [INFO] trainer: epoch 496 step 100/135 loss=1.0069 lr=1.04e-06
2026-07-17 15:11:45,674 [INFO] trainer: epoch 496 done train_loss=0.9661 dt=48.8s
2026-07-17 15:12:04,267 [INFO] trainer: epoch 497 step 50/135 loss=0.9604 lr=1.03e-06
2026-07-17 15:12:22,104 [INFO] trainer: epoch 497 step 100/135 loss=1.0212 lr=1.02e-06
2026-07-17 15:12:34,573 [INFO] trainer: epoch 497 done train_loss=0.9824 dt=48.9s
2026-07-17 15:12:53,401 [INFO] trainer: epoch 498 step 50/135 loss=0.9669 lr=1.01e-06
2026-07-17 15:13:11,203 [INFO] trainer: epoch 498 step 100/135 loss=0.9543 lr=1.01e-06
2026-07-17 15:13:23,657 [INFO] trainer: epoch 498 done train_loss=0.9530 dt=49.1s
2026-07-17 15:13:42,253 [INFO] trainer: epoch 499 step 50/135 loss=0.9713 lr=1.01e-06
2026-07-17 15:14:00,085 [INFO] trainer: epoch 499 step 100/135 loss=0.9222 lr=1.00e-06
2026-07-17 15:14:12,544 [INFO] trainer: epoch 499 done train_loss=0.9519 dt=48.9s
2026-07-17 15:14:31,166 [INFO] trainer: epoch 500 step 50/135 loss=0.9679 lr=1.00e-06
2026-07-17 15:14:49,025 [INFO] trainer: epoch 500 step 100/135 loss=0.9940 lr=1.00e-06
2026-07-17 15:15:01,480 [INFO] trainer: epoch 500 done train_loss=0.9792 dt=48.9s
2026-07-17 15:16:22,078 [INFO] trainer: epoch 500 val_mean_dice=0.8073
2026-07-17 15:16:22,344 [INFO] trainer: total time 26289.6 s, best dice 0.8079 (epochs 1-500 / 500)
