2026-07-17 07:54:14,676 [INFO] train: ========================================================================
2026-07-17 07:54:14,677 [INFO] train: model=biomedparse config=configs/lowshot/ls_biomedparse_frz_pt_f025.yaml
2026-07-17 07:54:14,677 [INFO] train: output=/scratch/lskrlj/runs/ls_biomedparse_frz_pt_f025 device=cuda (NVIDIA A100-SXM4-40GB)
2026-07-17 07:54:14,677 [INFO] train: epochs=500 batch_size=2 grad_accum=2 eff_batch=4 lr=0.0002 amp=True
2026-07-17 07:54:14,677 [INFO] train: ========================================================================
2026-07-17 07:54:14,681 [INFO] train: splits: train=1082 val=57 classes=117
2026-07-17 07:54:14,682 [INFO] train: low-shot: train_fraction=0.2500 seed=1234 -> 270/1082 train cases
2026-07-17 07:54:29,200 [INFO] train: disk cache: /scratch/lskrlj/cache/TotalSeg/833d9d046402 (fingerprint=833d9d046402)
2026-07-17 07:56:52,954 [INFO] train: model biomedparse, trainable params: 9283672 / 215030608 total (freeze_backbone=True)
2026-07-17 07:56:54,001 [WARNING] trainer: --resume set but no checkpoint found in /scratch/lskrlj/runs/ls_biomedparse_frz_pt_f025; starting fresh
2026-07-17 07:56:54,002 [INFO] trainer: start: epochs 1-500/500 device=cuda amp=bf16 train_batches=135 val_batches=57
2026-07-17 07:57:16,206 [INFO] trainer: epoch 1 step 50/135 loss=11.0114 lr=7.35e-06
2026-07-17 07:57:35,702 [INFO] trainer: epoch 1 step 100/135 loss=10.5672 lr=1.47e-05
2026-07-17 07:57:49,314 [INFO] trainer: epoch 1 done train_loss=10.5660 dt=55.3s
2026-07-17 07:58:09,767 [INFO] trainer: epoch 2 step 50/135 loss=9.3293 lr=2.74e-05
2026-07-17 07:58:29,212 [INFO] trainer: epoch 2 step 100/135 loss=8.7477 lr=3.47e-05
2026-07-17 07:58:42,802 [INFO] trainer: epoch 2 done train_loss=8.8619 dt=53.5s
2026-07-17 07:59:02,993 [INFO] trainer: epoch 3 step 50/135 loss=8.0580 lr=4.74e-05
2026-07-17 07:59:22,423 [INFO] trainer: epoch 3 step 100/135 loss=7.7181 lr=5.47e-05
2026-07-17 07:59:36,014 [INFO] trainer: epoch 3 done train_loss=7.7820 dt=53.2s
2026-07-17 07:59:56,355 [INFO] trainer: epoch 4 step 50/135 loss=7.2329 lr=6.74e-05
2026-07-17 08:00:15,830 [INFO] trainer: epoch 4 step 100/135 loss=7.0233 lr=7.47e-05
2026-07-17 08:00:29,449 [INFO] trainer: epoch 4 done train_loss=7.0322 dt=53.4s
2026-07-17 08:00:50,007 [INFO] trainer: epoch 5 step 50/135 loss=6.5384 lr=8.74e-05
2026-07-17 08:01:09,500 [INFO] trainer: epoch 5 step 100/135 loss=6.3403 lr=9.47e-05
2026-07-17 08:01:23,065 [INFO] trainer: epoch 5 done train_loss=6.3456 dt=53.6s
2026-07-17 08:01:43,266 [INFO] trainer: epoch 6 step 50/135 loss=5.8838 lr=1.07e-04
2026-07-17 08:02:02,719 [INFO] trainer: epoch 6 step 100/135 loss=5.6550 lr=1.15e-04
2026-07-17 08:02:16,282 [INFO] trainer: epoch 6 done train_loss=5.7138 dt=53.2s
2026-07-17 08:02:36,517 [INFO] trainer: epoch 7 step 50/135 loss=5.3470 lr=1.27e-04
2026-07-17 08:02:56,003 [INFO] trainer: epoch 7 step 100/135 loss=5.0893 lr=1.35e-04
2026-07-17 08:03:09,563 [INFO] trainer: epoch 7 done train_loss=5.1541 dt=53.3s
2026-07-17 08:03:29,989 [INFO] trainer: epoch 8 step 50/135 loss=4.7870 lr=1.47e-04
2026-07-17 08:03:49,442 [INFO] trainer: epoch 8 step 100/135 loss=4.6201 lr=1.55e-04
2026-07-17 08:04:03,031 [INFO] trainer: epoch 8 done train_loss=4.6288 dt=53.5s
2026-07-17 08:04:23,398 [INFO] trainer: epoch 9 step 50/135 loss=4.3122 lr=1.67e-04
2026-07-17 08:04:42,817 [INFO] trainer: epoch 9 step 100/135 loss=4.1641 lr=1.75e-04
2026-07-17 08:04:56,422 [INFO] trainer: epoch 9 done train_loss=4.1885 dt=53.4s
2026-07-17 08:05:16,715 [INFO] trainer: epoch 10 step 50/135 loss=3.9431 lr=1.87e-04
2026-07-17 08:05:36,161 [INFO] trainer: epoch 10 step 100/135 loss=3.7387 lr=1.95e-04
2026-07-17 08:05:49,743 [INFO] trainer: epoch 10 done train_loss=3.7813 dt=53.3s
2026-07-17 08:06:11,382 [INFO] trainer: epoch 11 step 50/135 loss=3.5423 lr=2.00e-04
2026-07-17 08:06:30,796 [INFO] trainer: epoch 11 step 100/135 loss=3.4464 lr=2.00e-04
2026-07-17 08:06:44,342 [INFO] trainer: epoch 11 done train_loss=3.4640 dt=53.3s
2026-07-17 08:07:04,528 [INFO] trainer: epoch 12 step 50/135 loss=3.2863 lr=2.00e-04
2026-07-17 08:07:24,013 [INFO] trainer: epoch 12 step 100/135 loss=3.2721 lr=2.00e-04
2026-07-17 08:07:37,582 [INFO] trainer: epoch 12 done train_loss=3.2496 dt=53.2s
2026-07-17 08:07:57,783 [INFO] trainer: epoch 13 step 50/135 loss=3.0479 lr=2.00e-04
2026-07-17 08:08:17,207 [INFO] trainer: epoch 13 step 100/135 loss=3.0366 lr=2.00e-04
2026-07-17 08:08:30,801 [INFO] trainer: epoch 13 done train_loss=3.0159 dt=53.2s
2026-07-17 08:08:51,029 [INFO] trainer: epoch 14 step 50/135 loss=2.8590 lr=2.00e-04
2026-07-17 08:09:10,470 [INFO] trainer: epoch 14 step 100/135 loss=2.8146 lr=2.00e-04
2026-07-17 08:09:24,056 [INFO] trainer: epoch 14 done train_loss=2.8443 dt=53.3s
2026-07-17 08:09:44,376 [INFO] trainer: epoch 15 step 50/135 loss=2.7289 lr=2.00e-04
2026-07-17 08:10:03,800 [INFO] trainer: epoch 15 step 100/135 loss=2.7295 lr=2.00e-04
2026-07-17 08:10:17,353 [INFO] trainer: epoch 15 done train_loss=2.7205 dt=53.3s
2026-07-17 08:10:37,656 [INFO] trainer: epoch 16 step 50/135 loss=2.6363 lr=2.00e-04
2026-07-17 08:10:57,148 [INFO] trainer: epoch 16 step 100/135 loss=2.6130 lr=2.00e-04
2026-07-17 08:11:10,738 [INFO] trainer: epoch 16 done train_loss=2.6223 dt=53.4s
2026-07-17 08:11:31,281 [INFO] trainer: epoch 17 step 50/135 loss=2.5487 lr=2.00e-04
2026-07-17 08:11:50,794 [INFO] trainer: epoch 17 step 100/135 loss=2.5021 lr=2.00e-04
2026-07-17 08:12:04,424 [INFO] trainer: epoch 17 done train_loss=2.5135 dt=53.7s
2026-07-17 08:12:24,788 [INFO] trainer: epoch 18 step 50/135 loss=2.4791 lr=2.00e-04
2026-07-17 08:12:44,218 [INFO] trainer: epoch 18 step 100/135 loss=2.4219 lr=2.00e-04
2026-07-17 08:12:57,797 [INFO] trainer: epoch 18 done train_loss=2.4342 dt=53.4s
2026-07-17 08:13:18,102 [INFO] trainer: epoch 19 step 50/135 loss=2.4219 lr=2.00e-04
2026-07-17 08:13:37,532 [INFO] trainer: epoch 19 step 100/135 loss=2.3726 lr=2.00e-04
2026-07-17 08:13:51,111 [INFO] trainer: epoch 19 done train_loss=2.3837 dt=53.3s
2026-07-17 08:14:11,745 [INFO] trainer: epoch 20 step 50/135 loss=2.3254 lr=2.00e-04
2026-07-17 08:14:31,226 [INFO] trainer: epoch 20 step 100/135 loss=2.2848 lr=2.00e-04
2026-07-17 08:14:44,803 [INFO] trainer: epoch 20 done train_loss=2.2934 dt=53.7s
2026-07-17 08:15:06,593 [INFO] trainer: epoch 21 step 50/135 loss=2.2614 lr=2.00e-04
2026-07-17 08:15:26,090 [INFO] trainer: epoch 21 step 100/135 loss=2.2255 lr=2.00e-04
2026-07-17 08:15:39,669 [INFO] trainer: epoch 21 done train_loss=2.2411 dt=53.6s
2026-07-17 08:15:59,965 [INFO] trainer: epoch 22 step 50/135 loss=2.1723 lr=2.00e-04
2026-07-17 08:16:19,469 [INFO] trainer: epoch 22 step 100/135 loss=2.2083 lr=2.00e-04
2026-07-17 08:16:33,071 [INFO] trainer: epoch 22 done train_loss=2.1859 dt=53.4s
2026-07-17 08:16:53,469 [INFO] trainer: epoch 23 step 50/135 loss=2.1757 lr=2.00e-04
2026-07-17 08:17:12,979 [INFO] trainer: epoch 23 step 100/135 loss=2.1060 lr=2.00e-04
2026-07-17 08:17:26,572 [INFO] trainer: epoch 23 done train_loss=2.1205 dt=53.5s
2026-07-17 08:17:46,995 [INFO] trainer: epoch 24 step 50/135 loss=2.1050 lr=2.00e-04
2026-07-17 08:18:06,460 [INFO] trainer: epoch 24 step 100/135 loss=2.1140 lr=2.00e-04
2026-07-17 08:18:20,078 [INFO] trainer: epoch 24 done train_loss=2.0903 dt=53.5s
2026-07-17 08:18:40,472 [INFO] trainer: epoch 25 step 50/135 loss=2.0669 lr=2.00e-04
2026-07-17 08:18:59,975 [INFO] trainer: epoch 25 step 100/135 loss=2.0390 lr=2.00e-04
2026-07-17 08:19:13,615 [INFO] trainer: epoch 25 done train_loss=2.0557 dt=53.5s
2026-07-17 08:22:50,289 [INFO] trainer: epoch 25 val_mean_dice=0.3268
2026-07-17 08:23:12,155 [INFO] trainer: epoch 26 step 50/135 loss=2.0187 lr=2.00e-04
2026-07-17 08:23:31,647 [INFO] trainer: epoch 26 step 100/135 loss=1.9761 lr=1.99e-04
2026-07-17 08:23:45,246 [INFO] trainer: epoch 26 done train_loss=1.9864 dt=53.7s
2026-07-17 08:24:05,825 [INFO] trainer: epoch 27 step 50/135 loss=1.9491 lr=1.99e-04
2026-07-17 08:24:25,329 [INFO] trainer: epoch 27 step 100/135 loss=1.9726 lr=1.99e-04
2026-07-17 08:24:38,911 [INFO] trainer: epoch 27 done train_loss=1.9548 dt=53.7s
2026-07-17 08:24:59,444 [INFO] trainer: epoch 28 step 50/135 loss=1.9405 lr=1.99e-04
2026-07-17 08:25:18,923 [INFO] trainer: epoch 28 step 100/135 loss=1.9313 lr=1.99e-04
2026-07-17 08:25:32,521 [INFO] trainer: epoch 28 done train_loss=1.9457 dt=53.6s
2026-07-17 08:25:52,657 [INFO] trainer: epoch 29 step 50/135 loss=1.8625 lr=1.99e-04
2026-07-17 08:26:12,114 [INFO] trainer: epoch 29 step 100/135 loss=1.9465 lr=1.99e-04
2026-07-17 08:26:25,733 [INFO] trainer: epoch 29 done train_loss=1.8958 dt=53.2s
2026-07-17 08:26:45,956 [INFO] trainer: epoch 30 step 50/135 loss=1.9034 lr=1.99e-04
2026-07-17 08:27:05,404 [INFO] trainer: epoch 30 step 100/135 loss=1.8323 lr=1.99e-04
2026-07-17 08:27:18,990 [INFO] trainer: epoch 30 done train_loss=1.8541 dt=53.3s
2026-07-17 08:27:40,656 [INFO] trainer: epoch 31 step 50/135 loss=1.8297 lr=1.99e-04
2026-07-17 08:28:00,096 [INFO] trainer: epoch 31 step 100/135 loss=1.8213 lr=1.99e-04
2026-07-17 08:28:13,663 [INFO] trainer: epoch 31 done train_loss=1.8268 dt=53.3s
2026-07-17 08:28:33,914 [INFO] trainer: epoch 32 step 50/135 loss=1.8405 lr=1.99e-04
2026-07-17 08:28:53,424 [INFO] trainer: epoch 32 step 100/135 loss=1.8267 lr=1.99e-04
2026-07-17 08:29:07,013 [INFO] trainer: epoch 32 done train_loss=1.8058 dt=53.3s
2026-07-17 08:29:27,424 [INFO] trainer: epoch 33 step 50/135 loss=1.7585 lr=1.99e-04
2026-07-17 08:29:46,898 [INFO] trainer: epoch 33 step 100/135 loss=1.7309 lr=1.99e-04
2026-07-17 08:30:00,524 [INFO] trainer: epoch 33 done train_loss=1.7627 dt=53.5s
2026-07-17 08:30:21,053 [INFO] trainer: epoch 34 step 50/135 loss=1.7053 lr=1.99e-04
2026-07-17 08:30:40,537 [INFO] trainer: epoch 34 step 100/135 loss=1.7628 lr=1.99e-04
2026-07-17 08:30:54,127 [INFO] trainer: epoch 34 done train_loss=1.7480 dt=53.6s
2026-07-17 08:31:14,614 [INFO] trainer: epoch 35 step 50/135 loss=1.7148 lr=1.99e-04
2026-07-17 08:31:34,123 [INFO] trainer: epoch 35 step 100/135 loss=1.7217 lr=1.99e-04
2026-07-17 08:31:47,715 [INFO] trainer: epoch 35 done train_loss=1.7244 dt=53.6s
2026-07-17 08:32:08,168 [INFO] trainer: epoch 36 step 50/135 loss=1.6996 lr=1.99e-04
2026-07-17 08:32:27,664 [INFO] trainer: epoch 36 step 100/135 loss=1.6924 lr=1.99e-04
2026-07-17 08:32:41,257 [INFO] trainer: epoch 36 done train_loss=1.7077 dt=53.5s
2026-07-17 08:33:01,750 [INFO] trainer: epoch 37 step 50/135 loss=1.6676 lr=1.99e-04
2026-07-17 08:33:21,239 [INFO] trainer: epoch 37 step 100/135 loss=1.7443 lr=1.99e-04
2026-07-17 08:33:34,890 [INFO] trainer: epoch 37 done train_loss=1.6890 dt=53.6s
2026-07-17 08:33:55,543 [INFO] trainer: epoch 38 step 50/135 loss=1.6924 lr=1.98e-04
2026-07-17 08:34:14,992 [INFO] trainer: epoch 38 step 100/135 loss=1.6650 lr=1.98e-04
2026-07-17 08:34:28,592 [INFO] trainer: epoch 38 done train_loss=1.6763 dt=53.7s
2026-07-17 08:34:49,050 [INFO] trainer: epoch 39 step 50/135 loss=1.6690 lr=1.98e-04
2026-07-17 08:35:08,498 [INFO] trainer: epoch 39 step 100/135 loss=1.6350 lr=1.98e-04
2026-07-17 08:35:22,081 [INFO] trainer: epoch 39 done train_loss=1.6332 dt=53.5s
2026-07-17 08:35:42,371 [INFO] trainer: epoch 40 step 50/135 loss=1.6733 lr=1.98e-04
2026-07-17 08:36:01,913 [INFO] trainer: epoch 40 step 100/135 loss=1.6285 lr=1.98e-04
2026-07-17 08:36:15,502 [INFO] trainer: epoch 40 done train_loss=1.6412 dt=53.4s
2026-07-17 08:36:37,199 [INFO] trainer: epoch 41 step 50/135 loss=1.6682 lr=1.98e-04
2026-07-17 08:36:56,648 [INFO] trainer: epoch 41 step 100/135 loss=1.6270 lr=1.98e-04
2026-07-17 08:37:10,232 [INFO] trainer: epoch 41 done train_loss=1.6338 dt=53.4s
2026-07-17 08:37:32,632 [INFO] trainer: epoch 42 step 50/135 loss=1.5781 lr=1.98e-04
2026-07-17 08:37:52,099 [INFO] trainer: epoch 42 step 100/135 loss=1.5840 lr=1.98e-04
2026-07-17 08:38:05,721 [INFO] trainer: epoch 42 done train_loss=1.5976 dt=55.5s
2026-07-17 08:38:26,184 [INFO] trainer: epoch 43 step 50/135 loss=1.5615 lr=1.98e-04
2026-07-17 08:38:45,656 [INFO] trainer: epoch 43 step 100/135 loss=1.5672 lr=1.98e-04
2026-07-17 08:38:59,249 [INFO] trainer: epoch 43 done train_loss=1.5677 dt=53.5s
2026-07-17 08:39:19,560 [INFO] trainer: epoch 44 step 50/135 loss=1.5868 lr=1.98e-04
2026-07-17 08:39:39,049 [INFO] trainer: epoch 44 step 100/135 loss=1.5452 lr=1.98e-04
2026-07-17 08:39:52,635 [INFO] trainer: epoch 44 done train_loss=1.5812 dt=53.4s
2026-07-17 08:40:12,921 [INFO] trainer: epoch 45 step 50/135 loss=1.5264 lr=1.98e-04
2026-07-17 08:40:32,426 [INFO] trainer: epoch 45 step 100/135 loss=1.5465 lr=1.98e-04
2026-07-17 08:40:46,044 [INFO] trainer: epoch 45 done train_loss=1.5325 dt=53.4s
2026-07-17 08:41:06,389 [INFO] trainer: epoch 46 step 50/135 loss=1.5219 lr=1.97e-04
2026-07-17 08:41:25,855 [INFO] trainer: epoch 46 step 100/135 loss=1.6112 lr=1.97e-04
2026-07-17 08:41:39,478 [INFO] trainer: epoch 46 done train_loss=1.5577 dt=53.4s
2026-07-17 08:41:59,926 [INFO] trainer: epoch 47 step 50/135 loss=1.5759 lr=1.97e-04
2026-07-17 08:42:19,456 [INFO] trainer: epoch 47 step 100/135 loss=1.5530 lr=1.97e-04
2026-07-17 08:42:33,046 [INFO] trainer: epoch 47 done train_loss=1.5411 dt=53.6s
2026-07-17 08:42:53,432 [INFO] trainer: epoch 48 step 50/135 loss=1.4891 lr=1.97e-04
2026-07-17 08:43:12,926 [INFO] trainer: epoch 48 step 100/135 loss=1.4999 lr=1.97e-04
2026-07-17 08:43:26,539 [INFO] trainer: epoch 48 done train_loss=1.5018 dt=53.5s
2026-07-17 08:43:46,848 [INFO] trainer: epoch 49 step 50/135 loss=1.4998 lr=1.97e-04
2026-07-17 08:44:06,335 [INFO] trainer: epoch 49 step 100/135 loss=1.5305 lr=1.97e-04
2026-07-17 08:44:27,319 [INFO] trainer: epoch 49 done train_loss=1.5127 dt=60.8s
2026-07-17 08:44:52,356 [INFO] trainer: epoch 50 step 50/135 loss=1.5188 lr=1.97e-04
2026-07-17 08:45:11,854 [INFO] trainer: epoch 50 step 100/135 loss=1.5040 lr=1.97e-04
2026-07-17 08:45:25,465 [INFO] trainer: epoch 50 done train_loss=1.5226 dt=58.1s
2026-07-17 08:48:58,725 [INFO] trainer: epoch 50 val_mean_dice=0.7020
2026-07-17 08:49:22,879 [INFO] trainer: epoch 51 step 50/135 loss=1.5599 lr=1.97e-04
2026-07-17 08:49:42,324 [INFO] trainer: epoch 51 step 100/135 loss=1.4558 lr=1.97e-04
2026-07-17 08:49:55,927 [INFO] trainer: epoch 51 done train_loss=1.5127 dt=54.2s
2026-07-17 08:50:16,529 [INFO] trainer: epoch 52 step 50/135 loss=1.5200 lr=1.97e-04
2026-07-17 08:50:36,012 [INFO] trainer: epoch 52 step 100/135 loss=1.5046 lr=1.96e-04
2026-07-17 08:50:49,659 [INFO] trainer: epoch 52 done train_loss=1.5148 dt=53.7s
2026-07-17 08:51:09,873 [INFO] trainer: epoch 53 step 50/135 loss=1.5041 lr=1.96e-04
2026-07-17 08:51:29,378 [INFO] trainer: epoch 53 step 100/135 loss=1.5123 lr=1.96e-04
2026-07-17 08:51:42,978 [INFO] trainer: epoch 53 done train_loss=1.5244 dt=53.3s
2026-07-17 08:52:03,290 [INFO] trainer: epoch 54 step 50/135 loss=1.4739 lr=1.96e-04
2026-07-17 08:52:22,796 [INFO] trainer: epoch 54 step 100/135 loss=1.5143 lr=1.96e-04
2026-07-17 08:52:36,436 [INFO] trainer: epoch 54 done train_loss=1.4923 dt=53.5s
2026-07-17 08:52:56,745 [INFO] trainer: epoch 55 step 50/135 loss=1.4952 lr=1.96e-04
2026-07-17 08:53:16,257 [INFO] trainer: epoch 55 step 100/135 loss=1.4531 lr=1.96e-04
2026-07-17 08:53:29,873 [INFO] trainer: epoch 55 done train_loss=1.4885 dt=53.4s
2026-07-17 08:53:50,348 [INFO] trainer: epoch 56 step 50/135 loss=1.4708 lr=1.96e-04
2026-07-17 08:54:09,847 [INFO] trainer: epoch 56 step 100/135 loss=1.4996 lr=1.96e-04
2026-07-17 08:54:23,447 [INFO] trainer: epoch 56 done train_loss=1.4860 dt=53.6s
2026-07-17 08:54:43,627 [INFO] trainer: epoch 57 step 50/135 loss=1.4390 lr=1.96e-04
2026-07-17 08:55:03,144 [INFO] trainer: epoch 57 step 100/135 loss=1.4811 lr=1.96e-04
2026-07-17 08:55:16,751 [INFO] trainer: epoch 57 done train_loss=1.4625 dt=53.3s
2026-07-17 08:55:37,114 [INFO] trainer: epoch 58 step 50/135 loss=1.4833 lr=1.95e-04
2026-07-17 08:55:56,567 [INFO] trainer: epoch 58 step 100/135 loss=1.4633 lr=1.95e-04
2026-07-17 08:56:10,171 [INFO] trainer: epoch 58 done train_loss=1.4640 dt=53.4s
2026-07-17 08:56:30,564 [INFO] trainer: epoch 59 step 50/135 loss=1.4275 lr=1.95e-04
2026-07-17 08:56:50,019 [INFO] trainer: epoch 59 step 100/135 loss=1.4976 lr=1.95e-04
2026-07-17 08:57:03,629 [INFO] trainer: epoch 59 done train_loss=1.4679 dt=53.5s
2026-07-17 08:57:23,942 [INFO] trainer: epoch 60 step 50/135 loss=1.4280 lr=1.95e-04
2026-07-17 08:57:43,440 [INFO] trainer: epoch 60 step 100/135 loss=1.4823 lr=1.95e-04
2026-07-17 08:57:57,086 [INFO] trainer: epoch 60 done train_loss=1.4568 dt=53.5s
2026-07-17 08:58:18,868 [INFO] trainer: epoch 61 step 50/135 loss=1.4701 lr=1.95e-04
2026-07-17 08:58:38,375 [INFO] trainer: epoch 61 step 100/135 loss=1.4339 lr=1.95e-04
2026-07-17 08:58:52,024 [INFO] trainer: epoch 61 done train_loss=1.4429 dt=53.5s
2026-07-17 08:59:12,324 [INFO] trainer: epoch 62 step 50/135 loss=1.4641 lr=1.95e-04
2026-07-17 08:59:31,830 [INFO] trainer: epoch 62 step 100/135 loss=1.4368 lr=1.95e-04
2026-07-17 08:59:45,451 [INFO] trainer: epoch 62 done train_loss=1.4448 dt=53.4s
2026-07-17 09:00:05,725 [INFO] trainer: epoch 63 step 50/135 loss=1.3997 lr=1.94e-04
2026-07-17 09:00:25,224 [INFO] trainer: epoch 63 step 100/135 loss=1.4075 lr=1.94e-04
2026-07-17 09:00:38,832 [INFO] trainer: epoch 63 done train_loss=1.4261 dt=53.4s
2026-07-17 09:00:59,119 [INFO] trainer: epoch 64 step 50/135 loss=1.4459 lr=1.94e-04
2026-07-17 09:01:20,567 [INFO] trainer: epoch 64 step 100/135 loss=1.3990 lr=1.94e-04
2026-07-17 09:01:34,260 [INFO] trainer: epoch 64 done train_loss=1.4271 dt=55.4s
2026-07-17 09:01:54,824 [INFO] trainer: epoch 65 step 50/135 loss=1.4063 lr=1.94e-04
2026-07-17 09:02:14,412 [INFO] trainer: epoch 65 step 100/135 loss=1.4727 lr=1.94e-04
2026-07-17 09:02:28,062 [INFO] trainer: epoch 65 done train_loss=1.4415 dt=53.8s
2026-07-17 09:02:48,553 [INFO] trainer: epoch 66 step 50/135 loss=1.4310 lr=1.94e-04
2026-07-17 09:03:08,116 [INFO] trainer: epoch 66 step 100/135 loss=1.4045 lr=1.94e-04
2026-07-17 09:03:21,746 [INFO] trainer: epoch 66 done train_loss=1.4256 dt=53.7s
2026-07-17 09:03:41,974 [INFO] trainer: epoch 67 step 50/135 loss=1.3879 lr=1.94e-04
2026-07-17 09:04:01,476 [INFO] trainer: epoch 67 step 100/135 loss=1.4124 lr=1.93e-04
2026-07-17 09:04:15,160 [INFO] trainer: epoch 67 done train_loss=1.3986 dt=53.4s
2026-07-17 09:04:35,546 [INFO] trainer: epoch 68 step 50/135 loss=1.4577 lr=1.93e-04
2026-07-17 09:04:55,080 [INFO] trainer: epoch 68 step 100/135 loss=1.4255 lr=1.93e-04
2026-07-17 09:05:08,737 [INFO] trainer: epoch 68 done train_loss=1.4495 dt=53.6s
2026-07-17 09:05:29,365 [INFO] trainer: epoch 69 step 50/135 loss=1.3999 lr=1.93e-04
2026-07-17 09:05:48,960 [INFO] trainer: epoch 69 step 100/135 loss=1.4416 lr=1.93e-04
2026-07-17 09:06:02,615 [INFO] trainer: epoch 69 done train_loss=1.4285 dt=53.9s
2026-07-17 09:06:23,189 [INFO] trainer: epoch 70 step 50/135 loss=1.3689 lr=1.93e-04
2026-07-17 09:06:42,742 [INFO] trainer: epoch 70 step 100/135 loss=1.3693 lr=1.93e-04
2026-07-17 09:06:56,436 [INFO] trainer: epoch 70 done train_loss=1.3953 dt=53.8s
2026-07-17 09:07:18,224 [INFO] trainer: epoch 71 step 50/135 loss=1.4155 lr=1.93e-04
2026-07-17 09:07:37,754 [INFO] trainer: epoch 71 step 100/135 loss=1.4196 lr=1.93e-04
2026-07-17 09:07:51,400 [INFO] trainer: epoch 71 done train_loss=1.4028 dt=53.7s
2026-07-17 09:08:11,886 [INFO] trainer: epoch 72 step 50/135 loss=1.4278 lr=1.92e-04
2026-07-17 09:08:31,440 [INFO] trainer: epoch 72 step 100/135 loss=1.3755 lr=1.92e-04
2026-07-17 09:08:45,091 [INFO] trainer: epoch 72 done train_loss=1.4007 dt=53.7s
2026-07-17 09:09:05,574 [INFO] trainer: epoch 73 step 50/135 loss=1.4874 lr=1.92e-04
2026-07-17 09:09:25,165 [INFO] trainer: epoch 73 step 100/135 loss=1.3654 lr=1.92e-04
2026-07-17 09:09:38,833 [INFO] trainer: epoch 73 done train_loss=1.4222 dt=53.7s
2026-07-17 09:09:59,404 [INFO] trainer: epoch 74 step 50/135 loss=1.3999 lr=1.92e-04
2026-07-17 09:10:19,013 [INFO] trainer: epoch 74 step 100/135 loss=1.4093 lr=1.92e-04
2026-07-17 09:10:32,712 [INFO] trainer: epoch 74 done train_loss=1.4024 dt=53.9s
2026-07-17 09:10:53,139 [INFO] trainer: epoch 75 step 50/135 loss=1.4225 lr=1.92e-04
2026-07-17 09:11:12,696 [INFO] trainer: epoch 75 step 100/135 loss=1.4150 lr=1.92e-04
2026-07-17 09:11:26,382 [INFO] trainer: epoch 75 done train_loss=1.4094 dt=53.7s
2026-07-17 09:15:08,296 [INFO] trainer: epoch 75 val_mean_dice=0.7341
2026-07-17 09:15:30,209 [INFO] trainer: epoch 76 step 50/135 loss=1.4064 lr=1.91e-04
2026-07-17 09:15:49,753 [INFO] trainer: epoch 76 step 100/135 loss=1.4189 lr=1.91e-04
2026-07-17 09:16:03,417 [INFO] trainer: epoch 76 done train_loss=1.4091 dt=53.8s
2026-07-17 09:16:24,200 [INFO] trainer: epoch 77 step 50/135 loss=1.3555 lr=1.91e-04
2026-07-17 09:16:43,803 [INFO] trainer: epoch 77 step 100/135 loss=1.3925 lr=1.91e-04
2026-07-17 09:16:57,490 [INFO] trainer: epoch 77 done train_loss=1.3747 dt=54.1s
2026-07-17 09:17:18,008 [INFO] trainer: epoch 78 step 50/135 loss=1.3492 lr=1.91e-04
2026-07-17 09:17:37,548 [INFO] trainer: epoch 78 step 100/135 loss=1.3680 lr=1.91e-04
2026-07-17 09:17:51,212 [INFO] trainer: epoch 78 done train_loss=1.3642 dt=53.7s
2026-07-17 09:18:11,684 [INFO] trainer: epoch 79 step 50/135 loss=1.3588 lr=1.91e-04
2026-07-17 09:18:31,257 [INFO] trainer: epoch 79 step 100/135 loss=1.3724 lr=1.90e-04
2026-07-17 09:18:44,920 [INFO] trainer: epoch 79 done train_loss=1.3780 dt=53.7s
2026-07-17 09:19:05,502 [INFO] trainer: epoch 80 step 50/135 loss=1.4187 lr=1.90e-04
2026-07-17 09:19:25,048 [INFO] trainer: epoch 80 step 100/135 loss=1.4122 lr=1.90e-04
2026-07-17 09:19:38,741 [INFO] trainer: epoch 80 done train_loss=1.3833 dt=53.8s
2026-07-17 09:20:00,625 [INFO] trainer: epoch 81 step 50/135 loss=1.3559 lr=1.90e-04
2026-07-17 09:20:20,135 [INFO] trainer: epoch 81 step 100/135 loss=1.3650 lr=1.90e-04
2026-07-17 09:20:33,812 [INFO] trainer: epoch 81 done train_loss=1.3698 dt=53.8s
2026-07-17 09:20:54,111 [INFO] trainer: epoch 82 step 50/135 loss=1.3764 lr=1.90e-04
2026-07-17 09:21:13,643 [INFO] trainer: epoch 82 step 100/135 loss=1.3719 lr=1.90e-04
2026-07-17 09:21:27,326 [INFO] trainer: epoch 82 done train_loss=1.3642 dt=53.5s
2026-07-17 09:21:47,757 [INFO] trainer: epoch 83 step 50/135 loss=1.4059 lr=1.89e-04
2026-07-17 09:22:07,325 [INFO] trainer: epoch 83 step 100/135 loss=1.3342 lr=1.89e-04
2026-07-17 09:22:20,985 [INFO] trainer: epoch 83 done train_loss=1.3639 dt=53.7s
2026-07-17 09:22:41,261 [INFO] trainer: epoch 84 step 50/135 loss=1.3373 lr=1.89e-04
2026-07-17 09:23:00,804 [INFO] trainer: epoch 84 step 100/135 loss=1.4382 lr=1.89e-04
2026-07-17 09:23:14,436 [INFO] trainer: epoch 84 done train_loss=1.3881 dt=53.5s
2026-07-17 09:23:34,730 [INFO] trainer: epoch 85 step 50/135 loss=1.3495 lr=1.89e-04
2026-07-17 09:23:54,282 [INFO] trainer: epoch 85 step 100/135 loss=1.4148 lr=1.89e-04
2026-07-17 09:24:07,943 [INFO] trainer: epoch 85 done train_loss=1.3727 dt=53.5s
2026-07-17 09:24:28,462 [INFO] trainer: epoch 86 step 50/135 loss=1.3413 lr=1.89e-04
2026-07-17 09:24:48,023 [INFO] trainer: epoch 86 step 100/135 loss=1.3835 lr=1.88e-04
2026-07-17 09:25:01,688 [INFO] trainer: epoch 86 done train_loss=1.3728 dt=53.7s
2026-07-17 09:25:21,890 [INFO] trainer: epoch 87 step 50/135 loss=1.3839 lr=1.88e-04
2026-07-17 09:25:41,468 [INFO] trainer: epoch 87 step 100/135 loss=1.3731 lr=1.88e-04
2026-07-17 09:25:55,132 [INFO] trainer: epoch 87 done train_loss=1.3736 dt=53.4s
2026-07-17 09:26:15,525 [INFO] trainer: epoch 88 step 50/135 loss=1.3741 lr=1.88e-04
2026-07-17 09:26:35,082 [INFO] trainer: epoch 88 step 100/135 loss=1.3700 lr=1.88e-04
2026-07-17 09:26:48,772 [INFO] trainer: epoch 88 done train_loss=1.3790 dt=53.6s
2026-07-17 09:27:09,339 [INFO] trainer: epoch 89 step 50/135 loss=1.4046 lr=1.88e-04
2026-07-17 09:27:28,928 [INFO] trainer: epoch 89 step 100/135 loss=1.2781 lr=1.88e-04
2026-07-17 09:27:42,641 [INFO] trainer: epoch 89 done train_loss=1.3449 dt=53.9s
2026-07-17 09:28:03,272 [INFO] trainer: epoch 90 step 50/135 loss=1.3604 lr=1.87e-04
2026-07-17 09:28:22,804 [INFO] trainer: epoch 90 step 100/135 loss=1.4069 lr=1.87e-04
2026-07-17 09:28:36,466 [INFO] trainer: epoch 90 done train_loss=1.3794 dt=53.8s
2026-07-17 09:28:58,273 [INFO] trainer: epoch 91 step 50/135 loss=1.3209 lr=1.87e-04
2026-07-17 09:29:17,826 [INFO] trainer: epoch 91 step 100/135 loss=1.3946 lr=1.87e-04
2026-07-17 09:29:31,498 [INFO] trainer: epoch 91 done train_loss=1.3527 dt=53.6s
2026-07-17 09:29:52,078 [INFO] trainer: epoch 92 step 50/135 loss=1.3174 lr=1.87e-04
2026-07-17 09:30:11,708 [INFO] trainer: epoch 92 step 100/135 loss=1.3640 lr=1.87e-04
2026-07-17 09:30:25,366 [INFO] trainer: epoch 92 done train_loss=1.3430 dt=53.9s
2026-07-17 09:30:45,703 [INFO] trainer: epoch 93 step 50/135 loss=1.3841 lr=1.86e-04
2026-07-17 09:31:05,244 [INFO] trainer: epoch 93 step 100/135 loss=1.3686 lr=1.86e-04
2026-07-17 09:31:18,886 [INFO] trainer: epoch 93 done train_loss=1.3651 dt=53.5s
2026-07-17 09:31:39,291 [INFO] trainer: epoch 94 step 50/135 loss=1.3324 lr=1.86e-04
2026-07-17 09:31:58,869 [INFO] trainer: epoch 94 step 100/135 loss=1.3412 lr=1.86e-04
2026-07-17 09:32:12,555 [INFO] trainer: epoch 94 done train_loss=1.3369 dt=53.7s
2026-07-17 09:32:32,999 [INFO] trainer: epoch 95 step 50/135 loss=1.3172 lr=1.86e-04
2026-07-17 09:32:52,561 [INFO] trainer: epoch 95 step 100/135 loss=1.3488 lr=1.86e-04
2026-07-17 09:33:06,234 [INFO] trainer: epoch 95 done train_loss=1.3335 dt=53.7s
2026-07-17 09:33:26,512 [INFO] trainer: epoch 96 step 50/135 loss=1.3030 lr=1.85e-04
2026-07-17 09:33:46,069 [INFO] trainer: epoch 96 step 100/135 loss=1.3480 lr=1.85e-04
2026-07-17 09:33:59,743 [INFO] trainer: epoch 96 done train_loss=1.3377 dt=53.5s
2026-07-17 09:34:20,167 [INFO] trainer: epoch 97 step 50/135 loss=1.3406 lr=1.85e-04
2026-07-17 09:34:39,812 [INFO] trainer: epoch 97 step 100/135 loss=1.3571 lr=1.85e-04
2026-07-17 09:34:53,495 [INFO] trainer: epoch 97 done train_loss=1.3482 dt=53.8s
2026-07-17 09:35:14,012 [INFO] trainer: epoch 98 step 50/135 loss=1.3113 lr=1.85e-04
2026-07-17 09:35:33,585 [INFO] trainer: epoch 98 step 100/135 loss=1.3716 lr=1.85e-04
2026-07-17 09:35:47,242 [INFO] trainer: epoch 98 done train_loss=1.3293 dt=53.7s
2026-07-17 09:36:07,661 [INFO] trainer: epoch 99 step 50/135 loss=1.3194 lr=1.84e-04
2026-07-17 09:36:27,251 [INFO] trainer: epoch 99 step 100/135 loss=1.3758 lr=1.84e-04
2026-07-17 09:36:40,912 [INFO] trainer: epoch 99 done train_loss=1.3604 dt=53.7s
2026-07-17 09:37:01,474 [INFO] trainer: epoch 100 step 50/135 loss=1.3222 lr=1.84e-04
2026-07-17 09:37:21,042 [INFO] trainer: epoch 100 step 100/135 loss=1.3243 lr=1.84e-04
2026-07-17 09:37:34,708 [INFO] trainer: epoch 100 done train_loss=1.3420 dt=53.8s
2026-07-17 09:41:08,736 [INFO] trainer: epoch 100 val_mean_dice=0.7465
2026-07-17 09:41:32,032 [INFO] trainer: epoch 101 step 50/135 loss=1.3790 lr=1.84e-04
2026-07-17 09:41:51,577 [INFO] trainer: epoch 101 step 100/135 loss=1.3876 lr=1.84e-04
2026-07-17 09:42:05,212 [INFO] trainer: epoch 101 done train_loss=1.3515 dt=53.7s
2026-07-17 09:42:25,980 [INFO] trainer: epoch 102 step 50/135 loss=1.2945 lr=1.83e-04
2026-07-17 09:42:45,558 [INFO] trainer: epoch 102 step 100/135 loss=1.3658 lr=1.83e-04
2026-07-17 09:42:59,260 [INFO] trainer: epoch 102 done train_loss=1.3401 dt=54.0s
2026-07-17 09:43:19,735 [INFO] trainer: epoch 103 step 50/135 loss=1.3056 lr=1.83e-04
2026-07-17 09:43:39,237 [INFO] trainer: epoch 103 step 100/135 loss=1.3966 lr=1.83e-04
2026-07-17 09:43:52,909 [INFO] trainer: epoch 103 done train_loss=1.3343 dt=53.6s
2026-07-17 09:44:13,276 [INFO] trainer: epoch 104 step 50/135 loss=1.2806 lr=1.83e-04
2026-07-17 09:44:32,826 [INFO] trainer: epoch 104 step 100/135 loss=1.2965 lr=1.83e-04
2026-07-17 09:44:46,496 [INFO] trainer: epoch 104 done train_loss=1.3206 dt=53.6s
2026-07-17 09:45:06,913 [INFO] trainer: epoch 105 step 50/135 loss=1.3366 lr=1.82e-04
2026-07-17 09:45:26,461 [INFO] trainer: epoch 105 step 100/135 loss=1.2677 lr=1.82e-04
2026-07-17 09:45:40,109 [INFO] trainer: epoch 105 done train_loss=1.3117 dt=53.6s
2026-07-17 09:46:00,526 [INFO] trainer: epoch 106 step 50/135 loss=1.3007 lr=1.82e-04
2026-07-17 09:46:20,118 [INFO] trainer: epoch 106 step 100/135 loss=1.3397 lr=1.82e-04
2026-07-17 09:46:33,810 [INFO] trainer: epoch 106 done train_loss=1.3139 dt=53.7s
2026-07-17 09:46:54,277 [INFO] trainer: epoch 107 step 50/135 loss=1.3472 lr=1.82e-04
2026-07-17 09:47:13,850 [INFO] trainer: epoch 107 step 100/135 loss=1.3231 lr=1.81e-04
2026-07-17 09:47:27,541 [INFO] trainer: epoch 107 done train_loss=1.3245 dt=53.7s
2026-07-17 09:47:47,964 [INFO] trainer: epoch 108 step 50/135 loss=1.3441 lr=1.81e-04
2026-07-17 09:48:07,562 [INFO] trainer: epoch 108 step 100/135 loss=1.3165 lr=1.81e-04
2026-07-17 09:48:21,242 [INFO] trainer: epoch 108 done train_loss=1.3307 dt=53.7s
2026-07-17 09:48:41,544 [INFO] trainer: epoch 109 step 50/135 loss=1.3025 lr=1.81e-04
2026-07-17 09:49:01,151 [INFO] trainer: epoch 109 step 100/135 loss=1.3633 lr=1.81e-04
2026-07-17 09:49:14,845 [INFO] trainer: epoch 109 done train_loss=1.3332 dt=53.6s
2026-07-17 09:49:35,280 [INFO] trainer: epoch 110 step 50/135 loss=1.3312 lr=1.80e-04
2026-07-17 09:49:54,822 [INFO] trainer: epoch 110 step 100/135 loss=1.3139 lr=1.80e-04
2026-07-17 09:50:08,473 [INFO] trainer: epoch 110 done train_loss=1.3222 dt=53.6s
2026-07-17 09:50:30,444 [INFO] trainer: epoch 111 step 50/135 loss=1.2387 lr=1.80e-04
2026-07-17 09:50:50,038 [INFO] trainer: epoch 111 step 100/135 loss=1.3361 lr=1.80e-04
2026-07-17 09:51:03,696 [INFO] trainer: epoch 111 done train_loss=1.2870 dt=53.7s
2026-07-17 09:51:24,145 [INFO] trainer: epoch 112 step 50/135 loss=1.3175 lr=1.80e-04
2026-07-17 09:51:43,706 [INFO] trainer: epoch 112 step 100/135 loss=1.3191 lr=1.80e-04
2026-07-17 09:51:57,403 [INFO] trainer: epoch 112 done train_loss=1.3184 dt=53.7s
2026-07-17 09:52:18,022 [INFO] trainer: epoch 113 step 50/135 loss=1.3162 lr=1.79e-04
2026-07-17 09:52:37,579 [INFO] trainer: epoch 113 step 100/135 loss=1.3192 lr=1.79e-04
2026-07-17 09:52:51,241 [INFO] trainer: epoch 113 done train_loss=1.3160 dt=53.8s
2026-07-17 09:53:11,693 [INFO] trainer: epoch 114 step 50/135 loss=1.2953 lr=1.79e-04
2026-07-17 09:53:31,249 [INFO] trainer: epoch 114 step 100/135 loss=1.3305 lr=1.79e-04
2026-07-17 09:53:44,935 [INFO] trainer: epoch 114 done train_loss=1.3242 dt=53.7s
2026-07-17 09:54:05,189 [INFO] trainer: epoch 115 step 50/135 loss=1.2815 lr=1.79e-04
2026-07-17 09:54:24,809 [INFO] trainer: epoch 115 step 100/135 loss=1.2746 lr=1.78e-04
2026-07-17 09:54:38,491 [INFO] trainer: epoch 115 done train_loss=1.2925 dt=53.6s
2026-07-17 09:54:58,979 [INFO] trainer: epoch 116 step 50/135 loss=1.3104 lr=1.78e-04
2026-07-17 09:55:18,594 [INFO] trainer: epoch 116 step 100/135 loss=1.3343 lr=1.78e-04
2026-07-17 09:55:32,314 [INFO] trainer: epoch 116 done train_loss=1.3211 dt=53.8s
2026-07-17 09:55:52,762 [INFO] trainer: epoch 117 step 50/135 loss=1.3370 lr=1.78e-04
2026-07-17 09:56:12,347 [INFO] trainer: epoch 117 step 100/135 loss=1.3014 lr=1.78e-04
2026-07-17 09:56:26,046 [INFO] trainer: epoch 117 done train_loss=1.3000 dt=53.7s
2026-07-17 09:56:46,533 [INFO] trainer: epoch 118 step 50/135 loss=1.3530 lr=1.77e-04
2026-07-17 09:57:06,111 [INFO] trainer: epoch 118 step 100/135 loss=1.2725 lr=1.77e-04
2026-07-17 09:57:19,797 [INFO] trainer: epoch 118 done train_loss=1.3244 dt=53.8s
2026-07-17 09:57:40,343 [INFO] trainer: epoch 119 step 50/135 loss=1.3107 lr=1.77e-04
2026-07-17 09:57:59,909 [INFO] trainer: epoch 119 step 100/135 loss=1.3016 lr=1.77e-04
2026-07-17 09:58:13,602 [INFO] trainer: epoch 119 done train_loss=1.3039 dt=53.8s
2026-07-17 09:58:34,113 [INFO] trainer: epoch 120 step 50/135 loss=1.2947 lr=1.77e-04
2026-07-17 09:58:53,714 [INFO] trainer: epoch 120 step 100/135 loss=1.2853 lr=1.76e-04
2026-07-17 09:59:07,375 [INFO] trainer: epoch 120 done train_loss=1.2984 dt=53.8s
2026-07-17 09:59:29,153 [INFO] trainer: epoch 121 step 50/135 loss=1.2723 lr=1.76e-04
2026-07-17 09:59:48,675 [INFO] trainer: epoch 121 step 100/135 loss=1.3440 lr=1.76e-04
2026-07-17 10:00:02,372 [INFO] trainer: epoch 121 done train_loss=1.2908 dt=53.6s
2026-07-17 10:00:23,012 [INFO] trainer: epoch 122 step 50/135 loss=1.2962 lr=1.76e-04
2026-07-17 10:00:42,597 [INFO] trainer: epoch 122 step 100/135 loss=1.2406 lr=1.76e-04
2026-07-17 10:00:56,268 [INFO] trainer: epoch 122 done train_loss=1.2869 dt=53.9s
2026-07-17 10:01:16,761 [INFO] trainer: epoch 123 step 50/135 loss=1.2852 lr=1.75e-04
2026-07-17 10:01:36,312 [INFO] trainer: epoch 123 step 100/135 loss=1.2712 lr=1.75e-04
2026-07-17 10:01:49,946 [INFO] trainer: epoch 123 done train_loss=1.2647 dt=53.7s
2026-07-17 10:02:10,305 [INFO] trainer: epoch 124 step 50/135 loss=1.2973 lr=1.75e-04
2026-07-17 10:02:29,913 [INFO] trainer: epoch 124 step 100/135 loss=1.2881 lr=1.75e-04
2026-07-17 10:02:43,575 [INFO] trainer: epoch 124 done train_loss=1.3152 dt=53.6s
2026-07-17 10:03:03,957 [INFO] trainer: epoch 125 step 50/135 loss=1.3688 lr=1.74e-04
2026-07-17 10:03:23,540 [INFO] trainer: epoch 125 step 100/135 loss=1.3010 lr=1.74e-04
2026-07-17 10:03:37,229 [INFO] trainer: epoch 125 done train_loss=1.3264 dt=53.7s
2026-07-17 10:07:13,159 [INFO] trainer: epoch 125 val_mean_dice=0.7546
2026-07-17 10:07:35,320 [INFO] trainer: epoch 126 step 50/135 loss=1.2961 lr=1.74e-04
2026-07-17 10:07:54,883 [INFO] trainer: epoch 126 step 100/135 loss=1.2962 lr=1.74e-04
2026-07-17 10:08:08,636 [INFO] trainer: epoch 126 done train_loss=1.3061 dt=53.8s
2026-07-17 10:08:29,021 [INFO] trainer: epoch 127 step 50/135 loss=1.3079 lr=1.74e-04
2026-07-17 10:08:48,586 [INFO] trainer: epoch 127 step 100/135 loss=1.3297 lr=1.73e-04
2026-07-17 10:09:02,254 [INFO] trainer: epoch 127 done train_loss=1.3122 dt=53.6s
2026-07-17 10:09:22,505 [INFO] trainer: epoch 128 step 50/135 loss=1.2849 lr=1.73e-04
2026-07-17 10:09:42,080 [INFO] trainer: epoch 128 step 100/135 loss=1.3186 lr=1.73e-04
2026-07-17 10:09:55,756 [INFO] trainer: epoch 128 done train_loss=1.3025 dt=53.5s
2026-07-17 10:10:16,127 [INFO] trainer: epoch 129 step 50/135 loss=1.3431 lr=1.73e-04
2026-07-17 10:10:35,684 [INFO] trainer: epoch 129 step 100/135 loss=1.2890 lr=1.73e-04
2026-07-17 10:10:49,388 [INFO] trainer: epoch 129 done train_loss=1.3030 dt=53.6s
2026-07-17 10:11:09,742 [INFO] trainer: epoch 130 step 50/135 loss=1.2776 lr=1.72e-04
2026-07-17 10:11:29,246 [INFO] trainer: epoch 130 step 100/135 loss=1.3052 lr=1.72e-04
2026-07-17 10:11:42,902 [INFO] trainer: epoch 130 done train_loss=1.2884 dt=53.5s
2026-07-17 10:12:04,581 [INFO] trainer: epoch 131 step 50/135 loss=1.2987 lr=1.72e-04
2026-07-17 10:12:24,179 [INFO] trainer: epoch 131 step 100/135 loss=1.3164 lr=1.72e-04
2026-07-17 10:12:37,801 [INFO] trainer: epoch 131 done train_loss=1.3121 dt=53.6s
2026-07-17 10:12:58,201 [INFO] trainer: epoch 132 step 50/135 loss=1.3353 lr=1.71e-04
2026-07-17 10:13:17,796 [INFO] trainer: epoch 132 step 100/135 loss=1.2722 lr=1.71e-04
2026-07-17 10:13:31,470 [INFO] trainer: epoch 132 done train_loss=1.2888 dt=53.7s
2026-07-17 10:13:51,917 [INFO] trainer: epoch 133 step 50/135 loss=1.2563 lr=1.71e-04
2026-07-17 10:14:11,469 [INFO] trainer: epoch 133 step 100/135 loss=1.2985 lr=1.71e-04
2026-07-17 10:14:25,128 [INFO] trainer: epoch 133 done train_loss=1.2862 dt=53.7s
2026-07-17 10:14:45,456 [INFO] trainer: epoch 134 step 50/135 loss=1.3135 lr=1.70e-04
2026-07-17 10:15:05,021 [INFO] trainer: epoch 134 step 100/135 loss=1.2739 lr=1.70e-04
2026-07-17 10:15:18,715 [INFO] trainer: epoch 134 done train_loss=1.2831 dt=53.6s
2026-07-17 10:15:39,150 [INFO] trainer: epoch 135 step 50/135 loss=1.2755 lr=1.70e-04
2026-07-17 10:15:58,744 [INFO] trainer: epoch 135 step 100/135 loss=1.2467 lr=1.70e-04
2026-07-17 10:16:12,427 [INFO] trainer: epoch 135 done train_loss=1.2589 dt=53.7s
2026-07-17 10:16:32,639 [INFO] trainer: epoch 136 step 50/135 loss=1.2664 lr=1.70e-04
2026-07-17 10:16:52,224 [INFO] trainer: epoch 136 step 100/135 loss=1.2955 lr=1.69e-04
2026-07-17 10:17:05,889 [INFO] trainer: epoch 136 done train_loss=1.2812 dt=53.5s
2026-07-17 10:17:26,157 [INFO] trainer: epoch 137 step 50/135 loss=1.2282 lr=1.69e-04
2026-07-17 10:17:45,716 [INFO] trainer: epoch 137 step 100/135 loss=1.2875 lr=1.69e-04
2026-07-17 10:17:59,415 [INFO] trainer: epoch 137 done train_loss=1.2661 dt=53.5s
2026-07-17 10:18:19,802 [INFO] trainer: epoch 138 step 50/135 loss=1.2903 lr=1.69e-04
2026-07-17 10:18:39,405 [INFO] trainer: epoch 138 step 100/135 loss=1.2585 lr=1.68e-04
2026-07-17 10:18:53,101 [INFO] trainer: epoch 138 done train_loss=1.2846 dt=53.7s
2026-07-17 10:19:13,381 [INFO] trainer: epoch 139 step 50/135 loss=1.2972 lr=1.68e-04
2026-07-17 10:19:32,975 [INFO] trainer: epoch 139 step 100/135 loss=1.2924 lr=1.68e-04
2026-07-17 10:19:46,680 [INFO] trainer: epoch 139 done train_loss=1.2789 dt=53.6s
2026-07-17 10:20:07,141 [INFO] trainer: epoch 140 step 50/135 loss=1.2711 lr=1.68e-04
2026-07-17 10:20:26,712 [INFO] trainer: epoch 140 step 100/135 loss=1.2379 lr=1.68e-04
2026-07-17 10:20:40,382 [INFO] trainer: epoch 140 done train_loss=1.2563 dt=53.7s
2026-07-17 10:21:01,958 [INFO] trainer: epoch 141 step 50/135 loss=1.2369 lr=1.67e-04
2026-07-17 10:21:21,461 [INFO] trainer: epoch 141 step 100/135 loss=1.2455 lr=1.67e-04
2026-07-17 10:21:35,089 [INFO] trainer: epoch 141 done train_loss=1.2524 dt=53.5s
2026-07-17 10:21:55,665 [INFO] trainer: epoch 142 step 50/135 loss=1.2327 lr=1.67e-04
2026-07-17 10:22:15,278 [INFO] trainer: epoch 142 step 100/135 loss=1.3169 lr=1.67e-04
2026-07-17 10:22:28,948 [INFO] trainer: epoch 142 done train_loss=1.2618 dt=53.9s
2026-07-17 10:22:49,291 [INFO] trainer: epoch 143 step 50/135 loss=1.3035 lr=1.66e-04
2026-07-17 10:23:08,876 [INFO] trainer: epoch 143 step 100/135 loss=1.2359 lr=1.66e-04
2026-07-17 10:23:22,539 [INFO] trainer: epoch 143 done train_loss=1.2702 dt=53.6s
2026-07-17 10:23:43,020 [INFO] trainer: epoch 144 step 50/135 loss=1.2551 lr=1.66e-04
2026-07-17 10:24:02,623 [INFO] trainer: epoch 144 step 100/135 loss=1.2429 lr=1.66e-04
2026-07-17 10:24:16,304 [INFO] trainer: epoch 144 done train_loss=1.2545 dt=53.8s
2026-07-17 10:24:36,669 [INFO] trainer: epoch 145 step 50/135 loss=1.3064 lr=1.65e-04
2026-07-17 10:24:56,239 [INFO] trainer: epoch 145 step 100/135 loss=1.2321 lr=1.65e-04
2026-07-17 10:25:09,935 [INFO] trainer: epoch 145 done train_loss=1.2703 dt=53.6s
2026-07-17 10:25:30,370 [INFO] trainer: epoch 146 step 50/135 loss=1.2268 lr=1.65e-04
2026-07-17 10:25:49,927 [INFO] trainer: epoch 146 step 100/135 loss=1.2483 lr=1.65e-04
2026-07-17 10:26:03,635 [INFO] trainer: epoch 146 done train_loss=1.2468 dt=53.7s
2026-07-17 10:26:23,998 [INFO] trainer: epoch 147 step 50/135 loss=1.3121 lr=1.64e-04
2026-07-17 10:26:43,582 [INFO] trainer: epoch 147 step 100/135 loss=1.2809 lr=1.64e-04
2026-07-17 10:26:57,280 [INFO] trainer: epoch 147 done train_loss=1.2755 dt=53.6s
2026-07-17 10:27:17,794 [INFO] trainer: epoch 148 step 50/135 loss=1.2934 lr=1.64e-04
2026-07-17 10:27:37,324 [INFO] trainer: epoch 148 step 100/135 loss=1.2796 lr=1.64e-04
2026-07-17 10:27:50,976 [INFO] trainer: epoch 148 done train_loss=1.2744 dt=53.7s
2026-07-17 10:28:11,184 [INFO] trainer: epoch 149 step 50/135 loss=1.2549 lr=1.63e-04
2026-07-17 10:28:30,697 [INFO] trainer: epoch 149 step 100/135 loss=1.2029 lr=1.63e-04
2026-07-17 10:28:44,330 [INFO] trainer: epoch 149 done train_loss=1.2339 dt=53.4s
2026-07-17 10:29:04,717 [INFO] trainer: epoch 150 step 50/135 loss=1.2264 lr=1.63e-04
2026-07-17 10:29:24,292 [INFO] trainer: epoch 150 step 100/135 loss=1.2433 lr=1.63e-04
2026-07-17 10:29:37,957 [INFO] trainer: epoch 150 done train_loss=1.2488 dt=53.6s
2026-07-17 10:33:14,499 [INFO] trainer: epoch 150 val_mean_dice=0.7678
2026-07-17 10:33:37,736 [INFO] trainer: epoch 151 step 50/135 loss=1.2631 lr=1.62e-04
2026-07-17 10:33:57,304 [INFO] trainer: epoch 151 step 100/135 loss=1.2485 lr=1.62e-04
2026-07-17 10:34:11,038 [INFO] trainer: epoch 151 done train_loss=1.2576 dt=53.9s
2026-07-17 10:34:31,401 [INFO] trainer: epoch 152 step 50/135 loss=1.2565 lr=1.62e-04
2026-07-17 10:34:50,966 [INFO] trainer: epoch 152 step 100/135 loss=1.2365 lr=1.62e-04
2026-07-17 10:35:04,643 [INFO] trainer: epoch 152 done train_loss=1.2360 dt=53.6s
2026-07-17 10:35:25,034 [INFO] trainer: epoch 153 step 50/135 loss=1.2544 lr=1.61e-04
2026-07-17 10:35:44,623 [INFO] trainer: epoch 153 step 100/135 loss=1.3188 lr=1.61e-04
2026-07-17 10:35:58,279 [INFO] trainer: epoch 153 done train_loss=1.2611 dt=53.6s
2026-07-17 10:36:18,680 [INFO] trainer: epoch 154 step 50/135 loss=1.3172 lr=1.61e-04
2026-07-17 10:36:38,230 [INFO] trainer: epoch 154 step 100/135 loss=1.2557 lr=1.61e-04
2026-07-17 10:36:51,889 [INFO] trainer: epoch 154 done train_loss=1.2767 dt=53.6s
2026-07-17 10:37:12,266 [INFO] trainer: epoch 155 step 50/135 loss=1.3159 lr=1.60e-04
2026-07-17 10:37:31,871 [INFO] trainer: epoch 155 step 100/135 loss=1.2892 lr=1.60e-04
2026-07-17 10:37:45,543 [INFO] trainer: epoch 155 done train_loss=1.2938 dt=53.7s
2026-07-17 10:38:05,962 [INFO] trainer: epoch 156 step 50/135 loss=1.2493 lr=1.60e-04
2026-07-17 10:38:25,498 [INFO] trainer: epoch 156 step 100/135 loss=1.2587 lr=1.60e-04
2026-07-17 10:38:39,135 [INFO] trainer: epoch 156 done train_loss=1.2551 dt=53.6s
2026-07-17 10:38:59,485 [INFO] trainer: epoch 157 step 50/135 loss=1.2621 lr=1.59e-04
2026-07-17 10:39:19,087 [INFO] trainer: epoch 157 step 100/135 loss=1.2801 lr=1.59e-04
2026-07-17 10:39:32,789 [INFO] trainer: epoch 157 done train_loss=1.2676 dt=53.7s
2026-07-17 10:39:53,406 [INFO] trainer: epoch 158 step 50/135 loss=1.2466 lr=1.59e-04
2026-07-17 10:40:12,966 [INFO] trainer: epoch 158 step 100/135 loss=1.2137 lr=1.59e-04
2026-07-17 10:40:26,662 [INFO] trainer: epoch 158 done train_loss=1.2383 dt=53.9s
2026-07-17 10:40:46,872 [INFO] trainer: epoch 159 step 50/135 loss=1.2880 lr=1.58e-04
2026-07-17 10:41:06,395 [INFO] trainer: epoch 159 step 100/135 loss=1.2233 lr=1.58e-04
2026-07-17 10:41:20,105 [INFO] trainer: epoch 159 done train_loss=1.2504 dt=53.4s
2026-07-17 10:41:40,524 [INFO] trainer: epoch 160 step 50/135 loss=1.3280 lr=1.58e-04
2026-07-17 10:42:00,069 [INFO] trainer: epoch 160 step 100/135 loss=1.1970 lr=1.58e-04
2026-07-17 10:42:13,754 [INFO] trainer: epoch 160 done train_loss=1.2502 dt=53.6s
2026-07-17 10:42:35,694 [INFO] trainer: epoch 161 step 50/135 loss=1.2207 lr=1.57e-04
2026-07-17 10:42:55,238 [INFO] trainer: epoch 161 step 100/135 loss=1.2164 lr=1.57e-04
2026-07-17 10:43:08,929 [INFO] trainer: epoch 161 done train_loss=1.2247 dt=53.7s
2026-07-17 10:43:29,450 [INFO] trainer: epoch 162 step 50/135 loss=1.2536 lr=1.57e-04
2026-07-17 10:43:49,008 [INFO] trainer: epoch 162 step 100/135 loss=1.2150 lr=1.57e-04
2026-07-17 10:44:02,694 [INFO] trainer: epoch 162 done train_loss=1.2410 dt=53.8s
2026-07-17 10:44:23,147 [INFO] trainer: epoch 163 step 50/135 loss=1.2547 lr=1.56e-04
2026-07-17 10:44:42,701 [INFO] trainer: epoch 163 step 100/135 loss=1.2159 lr=1.56e-04
2026-07-17 10:44:56,341 [INFO] trainer: epoch 163 done train_loss=1.2306 dt=53.6s
2026-07-17 10:45:16,752 [INFO] trainer: epoch 164 step 50/135 loss=1.2665 lr=1.56e-04
2026-07-17 10:45:36,350 [INFO] trainer: epoch 164 step 100/135 loss=1.1989 lr=1.55e-04
2026-07-17 10:45:50,035 [INFO] trainer: epoch 164 done train_loss=1.2501 dt=53.7s
2026-07-17 10:46:10,653 [INFO] trainer: epoch 165 step 50/135 loss=1.2083 lr=1.55e-04
2026-07-17 10:46:30,260 [INFO] trainer: epoch 165 step 100/135 loss=1.2646 lr=1.55e-04
2026-07-17 10:46:43,930 [INFO] trainer: epoch 165 done train_loss=1.2406 dt=53.9s
2026-07-17 10:47:04,267 [INFO] trainer: epoch 166 step 50/135 loss=1.2281 lr=1.55e-04
2026-07-17 10:47:23,871 [INFO] trainer: epoch 166 step 100/135 loss=1.2702 lr=1.54e-04
2026-07-17 10:47:37,599 [INFO] trainer: epoch 166 done train_loss=1.2516 dt=53.7s
2026-07-17 10:47:58,002 [INFO] trainer: epoch 167 step 50/135 loss=1.2212 lr=1.54e-04
2026-07-17 10:48:17,532 [INFO] trainer: epoch 167 step 100/135 loss=1.3059 lr=1.54e-04
2026-07-17 10:48:31,225 [INFO] trainer: epoch 167 done train_loss=1.2490 dt=53.6s
2026-07-17 10:48:51,703 [INFO] trainer: epoch 168 step 50/135 loss=1.2411 lr=1.54e-04
2026-07-17 10:49:11,279 [INFO] trainer: epoch 168 step 100/135 loss=1.2344 lr=1.53e-04
2026-07-17 10:49:24,959 [INFO] trainer: epoch 168 done train_loss=1.2303 dt=53.7s
2026-07-17 10:49:45,297 [INFO] trainer: epoch 169 step 50/135 loss=1.2192 lr=1.53e-04
2026-07-17 10:50:04,849 [INFO] trainer: epoch 169 step 100/135 loss=1.1864 lr=1.53e-04
2026-07-17 10:50:18,479 [INFO] trainer: epoch 169 done train_loss=1.2078 dt=53.5s
2026-07-17 10:50:38,839 [INFO] trainer: epoch 170 step 50/135 loss=1.2570 lr=1.52e-04
2026-07-17 10:50:58,368 [INFO] trainer: epoch 170 step 100/135 loss=1.2352 lr=1.52e-04
2026-07-17 10:51:12,037 [INFO] trainer: epoch 170 done train_loss=1.2514 dt=53.6s
2026-07-17 10:51:34,010 [INFO] trainer: epoch 171 step 50/135 loss=1.2174 lr=1.52e-04
2026-07-17 10:51:53,572 [INFO] trainer: epoch 171 step 100/135 loss=1.2215 lr=1.52e-04
2026-07-17 10:52:07,270 [INFO] trainer: epoch 171 done train_loss=1.2292 dt=53.8s
2026-07-17 10:52:27,548 [INFO] trainer: epoch 172 step 50/135 loss=1.2825 lr=1.51e-04
2026-07-17 10:52:47,133 [INFO] trainer: epoch 172 step 100/135 loss=1.2192 lr=1.51e-04
2026-07-17 10:53:00,800 [INFO] trainer: epoch 172 done train_loss=1.2553 dt=53.5s
2026-07-17 10:53:21,176 [INFO] trainer: epoch 173 step 50/135 loss=1.2431 lr=1.51e-04
2026-07-17 10:53:40,774 [INFO] trainer: epoch 173 step 100/135 loss=1.2338 lr=1.51e-04
2026-07-17 10:53:54,440 [INFO] trainer: epoch 173 done train_loss=1.2387 dt=53.6s
2026-07-17 10:54:14,846 [INFO] trainer: epoch 174 step 50/135 loss=1.2232 lr=1.50e-04
2026-07-17 10:54:34,357 [INFO] trainer: epoch 174 step 100/135 loss=1.2092 lr=1.50e-04
2026-07-17 10:54:48,007 [INFO] trainer: epoch 174 done train_loss=1.2374 dt=53.6s
2026-07-17 10:55:08,359 [INFO] trainer: epoch 175 step 50/135 loss=1.2130 lr=1.50e-04
2026-07-17 10:55:27,918 [INFO] trainer: epoch 175 step 100/135 loss=1.2512 lr=1.49e-04
2026-07-17 10:55:41,667 [INFO] trainer: epoch 175 done train_loss=1.2514 dt=53.7s
2026-07-17 10:59:17,143 [INFO] trainer: epoch 175 val_mean_dice=0.7680
2026-07-17 10:59:39,078 [INFO] trainer: epoch 176 step 50/135 loss=1.2387 lr=1.49e-04
2026-07-17 10:59:58,589 [INFO] trainer: epoch 176 step 100/135 loss=1.2670 lr=1.49e-04
2026-07-17 11:00:12,192 [INFO] trainer: epoch 176 done train_loss=1.2434 dt=53.6s
2026-07-17 11:00:32,367 [INFO] trainer: epoch 177 step 50/135 loss=1.2273 lr=1.49e-04
2026-07-17 11:00:51,931 [INFO] trainer: epoch 177 step 100/135 loss=1.2464 lr=1.48e-04
2026-07-17 11:01:05,562 [INFO] trainer: epoch 177 done train_loss=1.2356 dt=53.4s
2026-07-17 11:01:25,953 [INFO] trainer: epoch 178 step 50/135 loss=1.2168 lr=1.48e-04
2026-07-17 11:01:45,547 [INFO] trainer: epoch 178 step 100/135 loss=1.2431 lr=1.48e-04
2026-07-17 11:01:59,248 [INFO] trainer: epoch 178 done train_loss=1.2229 dt=53.7s
2026-07-17 11:02:19,614 [INFO] trainer: epoch 179 step 50/135 loss=1.2474 lr=1.47e-04
2026-07-17 11:02:39,179 [INFO] trainer: epoch 179 step 100/135 loss=1.2310 lr=1.47e-04
2026-07-17 11:02:52,952 [INFO] trainer: epoch 179 done train_loss=1.2342 dt=53.7s
2026-07-17 11:03:13,318 [INFO] trainer: epoch 180 step 50/135 loss=1.2519 lr=1.47e-04
2026-07-17 11:03:32,879 [INFO] trainer: epoch 180 step 100/135 loss=1.2231 lr=1.47e-04
2026-07-17 11:03:46,547 [INFO] trainer: epoch 180 done train_loss=1.2359 dt=53.6s
2026-07-17 11:04:08,383 [INFO] trainer: epoch 181 step 50/135 loss=1.2617 lr=1.46e-04
2026-07-17 11:04:27,920 [INFO] trainer: epoch 181 step 100/135 loss=1.2265 lr=1.46e-04
2026-07-17 11:04:41,581 [INFO] trainer: epoch 181 done train_loss=1.2421 dt=53.5s
2026-07-17 11:05:01,983 [INFO] trainer: epoch 182 step 50/135 loss=1.2436 lr=1.46e-04
2026-07-17 11:05:21,552 [INFO] trainer: epoch 182 step 100/135 loss=1.2083 lr=1.46e-04
2026-07-17 11:05:35,250 [INFO] trainer: epoch 182 done train_loss=1.2248 dt=53.7s
2026-07-17 11:05:55,778 [INFO] trainer: epoch 183 step 50/135 loss=1.2784 lr=1.45e-04
2026-07-17 11:06:15,338 [INFO] trainer: epoch 183 step 100/135 loss=1.2272 lr=1.45e-04
2026-07-17 11:06:29,007 [INFO] trainer: epoch 183 done train_loss=1.2482 dt=53.8s
2026-07-17 11:06:49,391 [INFO] trainer: epoch 184 step 50/135 loss=1.2166 lr=1.45e-04
2026-07-17 11:07:08,959 [INFO] trainer: epoch 184 step 100/135 loss=1.2293 lr=1.44e-04
2026-07-17 11:07:22,618 [INFO] trainer: epoch 184 done train_loss=1.2242 dt=53.6s
2026-07-17 11:07:42,866 [INFO] trainer: epoch 185 step 50/135 loss=1.1789 lr=1.44e-04
2026-07-17 11:08:02,460 [INFO] trainer: epoch 185 step 100/135 loss=1.2520 lr=1.44e-04
2026-07-17 11:08:16,127 [INFO] trainer: epoch 185 done train_loss=1.2191 dt=53.5s
2026-07-17 11:08:36,582 [INFO] trainer: epoch 186 step 50/135 loss=1.2287 lr=1.43e-04
2026-07-17 11:08:56,142 [INFO] trainer: epoch 186 step 100/135 loss=1.1937 lr=1.43e-04
2026-07-17 11:09:09,829 [INFO] trainer: epoch 186 done train_loss=1.2082 dt=53.7s
2026-07-17 11:09:30,267 [INFO] trainer: epoch 187 step 50/135 loss=1.1736 lr=1.43e-04
2026-07-17 11:09:49,868 [INFO] trainer: epoch 187 step 100/135 loss=1.2461 lr=1.43e-04
2026-07-17 11:10:03,523 [INFO] trainer: epoch 187 done train_loss=1.2267 dt=53.7s
2026-07-17 11:10:23,858 [INFO] trainer: epoch 188 step 50/135 loss=1.2479 lr=1.42e-04
2026-07-17 11:10:43,457 [INFO] trainer: epoch 188 step 100/135 loss=1.2090 lr=1.42e-04
2026-07-17 11:10:57,145 [INFO] trainer: epoch 188 done train_loss=1.2223 dt=53.6s
2026-07-17 11:11:17,666 [INFO] trainer: epoch 189 step 50/135 loss=1.1339 lr=1.42e-04
2026-07-17 11:11:37,427 [INFO] trainer: epoch 189 step 100/135 loss=1.2058 lr=1.42e-04
2026-07-17 11:11:51,171 [INFO] trainer: epoch 189 done train_loss=1.1765 dt=54.0s
2026-07-17 11:12:11,527 [INFO] trainer: epoch 190 step 50/135 loss=1.2347 lr=1.41e-04
2026-07-17 11:12:31,113 [INFO] trainer: epoch 190 step 100/135 loss=1.2702 lr=1.41e-04
2026-07-17 11:12:44,763 [INFO] trainer: epoch 190 done train_loss=1.2574 dt=53.6s
2026-07-17 11:13:06,493 [INFO] trainer: epoch 191 step 50/135 loss=1.2236 lr=1.41e-04
2026-07-17 11:13:26,042 [INFO] trainer: epoch 191 step 100/135 loss=1.2292 lr=1.40e-04
2026-07-17 11:13:39,706 [INFO] trainer: epoch 191 done train_loss=1.2238 dt=53.5s
2026-07-17 11:14:00,055 [INFO] trainer: epoch 192 step 50/135 loss=1.2025 lr=1.40e-04
2026-07-17 11:14:19,653 [INFO] trainer: epoch 192 step 100/135 loss=1.2271 lr=1.40e-04
2026-07-17 11:14:33,304 [INFO] trainer: epoch 192 done train_loss=1.2029 dt=53.6s
2026-07-17 11:14:53,567 [INFO] trainer: epoch 193 step 50/135 loss=1.2453 lr=1.39e-04
2026-07-17 11:15:13,144 [INFO] trainer: epoch 193 step 100/135 loss=1.2350 lr=1.39e-04
2026-07-17 11:15:26,812 [INFO] trainer: epoch 193 done train_loss=1.2171 dt=53.5s
2026-07-17 11:15:47,084 [INFO] trainer: epoch 194 step 50/135 loss=1.1920 lr=1.39e-04
2026-07-17 11:16:06,672 [INFO] trainer: epoch 194 step 100/135 loss=1.2299 lr=1.39e-04
2026-07-17 11:16:20,384 [INFO] trainer: epoch 194 done train_loss=1.2014 dt=53.6s
2026-07-17 11:16:40,731 [INFO] trainer: epoch 195 step 50/135 loss=1.1671 lr=1.38e-04
2026-07-17 11:17:00,307 [INFO] trainer: epoch 195 step 100/135 loss=1.2116 lr=1.38e-04
2026-07-17 11:17:13,978 [INFO] trainer: epoch 195 done train_loss=1.2077 dt=53.6s
2026-07-17 11:17:34,350 [INFO] trainer: epoch 196 step 50/135 loss=1.2221 lr=1.38e-04
2026-07-17 11:17:53,905 [INFO] trainer: epoch 196 step 100/135 loss=1.1890 lr=1.37e-04
2026-07-17 11:18:07,634 [INFO] trainer: epoch 196 done train_loss=1.2031 dt=53.7s
2026-07-17 11:18:27,908 [INFO] trainer: epoch 197 step 50/135 loss=1.2313 lr=1.37e-04
2026-07-17 11:18:47,510 [INFO] trainer: epoch 197 step 100/135 loss=1.2468 lr=1.37e-04
2026-07-17 11:19:01,227 [INFO] trainer: epoch 197 done train_loss=1.2423 dt=53.6s
2026-07-17 11:19:21,704 [INFO] trainer: epoch 198 step 50/135 loss=1.2029 lr=1.36e-04
2026-07-17 11:19:41,202 [INFO] trainer: epoch 198 step 100/135 loss=1.2259 lr=1.36e-04
2026-07-17 11:19:54,825 [INFO] trainer: epoch 198 done train_loss=1.2287 dt=53.6s
2026-07-17 11:20:15,083 [INFO] trainer: epoch 199 step 50/135 loss=1.2387 lr=1.36e-04
2026-07-17 11:20:34,613 [INFO] trainer: epoch 199 step 100/135 loss=1.2140 lr=1.36e-04
2026-07-17 11:20:48,289 [INFO] trainer: epoch 199 done train_loss=1.2098 dt=53.5s
2026-07-17 11:21:08,651 [INFO] trainer: epoch 200 step 50/135 loss=1.2343 lr=1.35e-04
2026-07-17 11:21:28,277 [INFO] trainer: epoch 200 step 100/135 loss=1.2052 lr=1.35e-04
2026-07-17 11:21:41,927 [INFO] trainer: epoch 200 done train_loss=1.2061 dt=53.6s
2026-07-17 11:25:22,334 [INFO] trainer: epoch 200 val_mean_dice=0.7725
2026-07-17 11:25:45,271 [INFO] trainer: epoch 201 step 50/135 loss=1.2288 lr=1.35e-04
2026-07-17 11:26:04,819 [INFO] trainer: epoch 201 step 100/135 loss=1.2254 lr=1.34e-04
2026-07-17 11:26:18,496 [INFO] trainer: epoch 201 done train_loss=1.2271 dt=53.7s
2026-07-17 11:26:38,833 [INFO] trainer: epoch 202 step 50/135 loss=1.1925 lr=1.34e-04
2026-07-17 11:26:58,349 [INFO] trainer: epoch 202 step 100/135 loss=1.2110 lr=1.34e-04
2026-07-17 11:27:11,992 [INFO] trainer: epoch 202 done train_loss=1.2132 dt=53.5s
2026-07-17 11:27:32,457 [INFO] trainer: epoch 203 step 50/135 loss=1.2197 lr=1.33e-04
2026-07-17 11:27:52,057 [INFO] trainer: epoch 203 step 100/135 loss=1.2263 lr=1.33e-04
2026-07-17 11:28:05,729 [INFO] trainer: epoch 203 done train_loss=1.2113 dt=53.7s
2026-07-17 11:28:26,137 [INFO] trainer: epoch 204 step 50/135 loss=1.2184 lr=1.33e-04
2026-07-17 11:28:45,721 [INFO] trainer: epoch 204 step 100/135 loss=1.2372 lr=1.33e-04
2026-07-17 11:28:59,406 [INFO] trainer: epoch 204 done train_loss=1.2364 dt=53.7s
2026-07-17 11:29:19,773 [INFO] trainer: epoch 205 step 50/135 loss=1.2105 lr=1.32e-04
2026-07-17 11:29:39,318 [INFO] trainer: epoch 205 step 100/135 loss=1.2146 lr=1.32e-04
2026-07-17 11:29:53,012 [INFO] trainer: epoch 205 done train_loss=1.2141 dt=53.6s
2026-07-17 11:30:13,307 [INFO] trainer: epoch 206 step 50/135 loss=1.1760 lr=1.32e-04
2026-07-17 11:30:32,910 [INFO] trainer: epoch 206 step 100/135 loss=1.2421 lr=1.31e-04
2026-07-17 11:30:46,593 [INFO] trainer: epoch 206 done train_loss=1.2147 dt=53.6s
2026-07-17 11:31:07,007 [INFO] trainer: epoch 207 step 50/135 loss=1.2206 lr=1.31e-04
2026-07-17 11:31:26,614 [INFO] trainer: epoch 207 step 100/135 loss=1.2050 lr=1.31e-04
2026-07-17 11:31:40,315 [INFO] trainer: epoch 207 done train_loss=1.1996 dt=53.7s
2026-07-17 11:32:00,788 [INFO] trainer: epoch 208 step 50/135 loss=1.1749 lr=1.30e-04
2026-07-17 11:32:20,364 [INFO] trainer: epoch 208 step 100/135 loss=1.1886 lr=1.30e-04
2026-07-17 11:32:34,067 [INFO] trainer: epoch 208 done train_loss=1.1919 dt=53.8s
2026-07-17 11:32:54,374 [INFO] trainer: epoch 209 step 50/135 loss=1.2033 lr=1.30e-04
2026-07-17 11:33:13,933 [INFO] trainer: epoch 209 step 100/135 loss=1.2230 lr=1.30e-04
2026-07-17 11:33:27,625 [INFO] trainer: epoch 209 done train_loss=1.2076 dt=53.6s
2026-07-17 11:33:47,805 [INFO] trainer: epoch 210 step 50/135 loss=1.1681 lr=1.29e-04
2026-07-17 11:34:07,416 [INFO] trainer: epoch 210 step 100/135 loss=1.2118 lr=1.29e-04
2026-07-17 11:34:21,105 [INFO] trainer: epoch 210 done train_loss=1.2059 dt=53.5s
2026-07-17 11:34:42,782 [INFO] trainer: epoch 211 step 50/135 loss=1.1815 lr=1.29e-04
2026-07-17 11:35:02,319 [INFO] trainer: epoch 211 step 100/135 loss=1.2154 lr=1.28e-04
2026-07-17 11:35:15,977 [INFO] trainer: epoch 211 done train_loss=1.1811 dt=53.6s
2026-07-17 11:35:36,400 [INFO] trainer: epoch 212 step 50/135 loss=1.1962 lr=1.28e-04
2026-07-17 11:35:55,998 [INFO] trainer: epoch 212 step 100/135 loss=1.1639 lr=1.28e-04
2026-07-17 11:36:09,654 [INFO] trainer: epoch 212 done train_loss=1.1827 dt=53.7s
2026-07-17 11:36:30,037 [INFO] trainer: epoch 213 step 50/135 loss=1.1895 lr=1.27e-04
2026-07-17 11:36:49,590 [INFO] trainer: epoch 213 step 100/135 loss=1.2285 lr=1.27e-04
2026-07-17 11:37:03,236 [INFO] trainer: epoch 213 done train_loss=1.1902 dt=53.6s
2026-07-17 11:37:23,550 [INFO] trainer: epoch 214 step 50/135 loss=1.1969 lr=1.27e-04
2026-07-17 11:37:43,146 [INFO] trainer: epoch 214 step 100/135 loss=1.2048 lr=1.27e-04
2026-07-17 11:37:56,806 [INFO] trainer: epoch 214 done train_loss=1.2002 dt=53.6s
2026-07-17 11:38:17,085 [INFO] trainer: epoch 215 step 50/135 loss=1.1427 lr=1.26e-04
2026-07-17 11:38:36,630 [INFO] trainer: epoch 215 step 100/135 loss=1.1860 lr=1.26e-04
2026-07-17 11:38:50,296 [INFO] trainer: epoch 215 done train_loss=1.1636 dt=53.5s
2026-07-17 11:39:10,529 [INFO] trainer: epoch 216 step 50/135 loss=1.1980 lr=1.26e-04
2026-07-17 11:39:30,026 [INFO] trainer: epoch 216 step 100/135 loss=1.1985 lr=1.25e-04
2026-07-17 11:39:43,680 [INFO] trainer: epoch 216 done train_loss=1.1936 dt=53.4s
2026-07-17 11:40:04,012 [INFO] trainer: epoch 217 step 50/135 loss=1.2045 lr=1.25e-04
2026-07-17 11:40:23,563 [INFO] trainer: epoch 217 step 100/135 loss=1.1633 lr=1.25e-04
2026-07-17 11:40:37,260 [INFO] trainer: epoch 217 done train_loss=1.1759 dt=53.6s
2026-07-17 11:40:57,652 [INFO] trainer: epoch 218 step 50/135 loss=1.1692 lr=1.24e-04
2026-07-17 11:41:17,205 [INFO] trainer: epoch 218 step 100/135 loss=1.1759 lr=1.24e-04
2026-07-17 11:41:30,858 [INFO] trainer: epoch 218 done train_loss=1.1778 dt=53.6s
2026-07-17 11:41:51,078 [INFO] trainer: epoch 219 step 50/135 loss=1.2518 lr=1.24e-04
2026-07-17 11:42:10,645 [INFO] trainer: epoch 219 step 100/135 loss=1.2023 lr=1.23e-04
2026-07-17 11:42:24,311 [INFO] trainer: epoch 219 done train_loss=1.2082 dt=53.5s
2026-07-17 11:42:44,586 [INFO] trainer: epoch 220 step 50/135 loss=1.1695 lr=1.23e-04
2026-07-17 11:43:04,108 [INFO] trainer: epoch 220 step 100/135 loss=1.2008 lr=1.23e-04
2026-07-17 11:43:17,753 [INFO] trainer: epoch 220 done train_loss=1.1879 dt=53.4s
2026-07-17 11:43:39,720 [INFO] trainer: epoch 221 step 50/135 loss=1.2079 lr=1.22e-04
2026-07-17 11:43:59,290 [INFO] trainer: epoch 221 step 100/135 loss=1.1765 lr=1.22e-04
2026-07-17 11:44:12,945 [INFO] trainer: epoch 221 done train_loss=1.1798 dt=53.7s
2026-07-17 11:44:33,151 [INFO] trainer: epoch 222 step 50/135 loss=1.1798 lr=1.22e-04
2026-07-17 11:44:52,741 [INFO] trainer: epoch 222 step 100/135 loss=1.1706 lr=1.22e-04
2026-07-17 11:45:06,388 [INFO] trainer: epoch 222 done train_loss=1.1877 dt=53.4s
2026-07-17 11:45:26,660 [INFO] trainer: epoch 223 step 50/135 loss=1.2066 lr=1.21e-04
2026-07-17 11:45:46,230 [INFO] trainer: epoch 223 step 100/135 loss=1.1801 lr=1.21e-04
2026-07-17 11:45:59,891 [INFO] trainer: epoch 223 done train_loss=1.1905 dt=53.5s
2026-07-17 11:46:19,973 [INFO] trainer: epoch 224 step 50/135 loss=1.1937 lr=1.21e-04
2026-07-17 11:46:39,510 [INFO] trainer: epoch 224 step 100/135 loss=1.1511 lr=1.20e-04
2026-07-17 11:46:53,188 [INFO] trainer: epoch 224 done train_loss=1.1716 dt=53.3s
2026-07-17 11:47:13,649 [INFO] trainer: epoch 225 step 50/135 loss=1.1438 lr=1.20e-04
2026-07-17 11:47:33,249 [INFO] trainer: epoch 225 step 100/135 loss=1.2240 lr=1.20e-04
2026-07-17 11:47:46,956 [INFO] trainer: epoch 225 done train_loss=1.1839 dt=53.8s
2026-07-17 11:51:24,624 [INFO] trainer: epoch 225 val_mean_dice=0.7775
2026-07-17 11:51:46,411 [INFO] trainer: epoch 226 step 50/135 loss=1.1575 lr=1.19e-04
2026-07-17 11:52:05,984 [INFO] trainer: epoch 226 step 100/135 loss=1.1663 lr=1.19e-04
2026-07-17 11:52:19,651 [INFO] trainer: epoch 226 done train_loss=1.1757 dt=53.5s
2026-07-17 11:52:40,111 [INFO] trainer: epoch 227 step 50/135 loss=1.1729 lr=1.19e-04
2026-07-17 11:52:59,711 [INFO] trainer: epoch 227 step 100/135 loss=1.1354 lr=1.18e-04
2026-07-17 11:53:13,387 [INFO] trainer: epoch 227 done train_loss=1.1347 dt=53.7s
2026-07-17 11:53:33,773 [INFO] trainer: epoch 228 step 50/135 loss=1.2331 lr=1.18e-04
2026-07-17 11:53:53,347 [INFO] trainer: epoch 228 step 100/135 loss=1.1863 lr=1.18e-04
2026-07-17 11:54:07,040 [INFO] trainer: epoch 228 done train_loss=1.2127 dt=53.7s
2026-07-17 11:54:27,161 [INFO] trainer: epoch 229 step 50/135 loss=1.1628 lr=1.17e-04
2026-07-17 11:54:46,727 [INFO] trainer: epoch 229 step 100/135 loss=1.1715 lr=1.17e-04
2026-07-17 11:55:00,414 [INFO] trainer: epoch 229 done train_loss=1.1661 dt=53.4s
2026-07-17 11:55:20,813 [INFO] trainer: epoch 230 step 50/135 loss=1.1363 lr=1.17e-04
2026-07-17 11:55:40,374 [INFO] trainer: epoch 230 step 100/135 loss=1.1291 lr=1.17e-04
2026-07-17 11:55:53,999 [INFO] trainer: epoch 230 done train_loss=1.1287 dt=53.6s
2026-07-17 11:56:15,789 [INFO] trainer: epoch 231 step 50/135 loss=1.1367 lr=1.16e-04
2026-07-17 11:56:35,351 [INFO] trainer: epoch 231 step 100/135 loss=1.1852 lr=1.16e-04
2026-07-17 11:56:49,277 [INFO] trainer: epoch 231 done train_loss=1.1599 dt=53.9s
2026-07-17 11:57:09,887 [INFO] trainer: epoch 232 step 50/135 loss=1.1244 lr=1.16e-04
2026-07-17 11:57:29,433 [INFO] trainer: epoch 232 step 100/135 loss=1.1359 lr=1.15e-04
2026-07-17 11:57:43,083 [INFO] trainer: epoch 232 done train_loss=1.1247 dt=53.8s
2026-07-17 11:58:03,611 [INFO] trainer: epoch 233 step 50/135 loss=1.1049 lr=1.15e-04
2026-07-17 11:58:23,124 [INFO] trainer: epoch 233 step 100/135 loss=1.1398 lr=1.15e-04
2026-07-17 11:58:36,741 [INFO] trainer: epoch 233 done train_loss=1.1425 dt=53.7s
2026-07-17 11:58:56,961 [INFO] trainer: epoch 234 step 50/135 loss=1.1368 lr=1.14e-04
2026-07-17 11:59:16,501 [INFO] trainer: epoch 234 step 100/135 loss=1.1256 lr=1.14e-04
2026-07-17 11:59:30,138 [INFO] trainer: epoch 234 done train_loss=1.1439 dt=53.4s
2026-07-17 11:59:50,514 [INFO] trainer: epoch 235 step 50/135 loss=1.1444 lr=1.14e-04
2026-07-17 12:00:10,084 [INFO] trainer: epoch 235 step 100/135 loss=1.1806 lr=1.13e-04
2026-07-17 12:00:23,741 [INFO] trainer: epoch 235 done train_loss=1.1521 dt=53.6s
2026-07-17 12:00:43,980 [INFO] trainer: epoch 236 step 50/135 loss=1.1396 lr=1.13e-04
2026-07-17 12:01:03,527 [INFO] trainer: epoch 236 step 100/135 loss=1.1657 lr=1.13e-04
2026-07-17 12:01:17,270 [INFO] trainer: epoch 236 done train_loss=1.1511 dt=53.5s
2026-07-17 12:01:37,635 [INFO] trainer: epoch 237 step 50/135 loss=1.1417 lr=1.12e-04
2026-07-17 12:01:57,156 [INFO] trainer: epoch 237 step 100/135 loss=1.1465 lr=1.12e-04
2026-07-17 12:02:10,836 [INFO] trainer: epoch 237 done train_loss=1.1271 dt=53.6s
2026-07-17 12:02:31,111 [INFO] trainer: epoch 238 step 50/135 loss=1.1365 lr=1.12e-04
2026-07-17 12:02:50,642 [INFO] trainer: epoch 238 step 100/135 loss=1.0861 lr=1.11e-04
2026-07-17 12:03:04,290 [INFO] trainer: epoch 238 done train_loss=1.1256 dt=53.5s
2026-07-17 12:03:24,565 [INFO] trainer: epoch 239 step 50/135 loss=1.1428 lr=1.11e-04
2026-07-17 12:03:44,189 [INFO] trainer: epoch 239 step 100/135 loss=1.2033 lr=1.11e-04
2026-07-17 12:03:57,950 [INFO] trainer: epoch 239 done train_loss=1.1800 dt=53.7s
2026-07-17 12:04:18,315 [INFO] trainer: epoch 240 step 50/135 loss=1.1167 lr=1.10e-04
2026-07-17 12:04:38,002 [INFO] trainer: epoch 240 step 100/135 loss=1.1178 lr=1.10e-04
2026-07-17 12:04:51,751 [INFO] trainer: epoch 240 done train_loss=1.1288 dt=53.8s
2026-07-17 12:05:13,691 [INFO] trainer: epoch 241 step 50/135 loss=1.1126 lr=1.10e-04
2026-07-17 12:05:33,316 [INFO] trainer: epoch 241 step 100/135 loss=1.1234 lr=1.10e-04
2026-07-17 12:05:47,043 [INFO] trainer: epoch 241 done train_loss=1.1240 dt=53.7s
2026-07-17 12:06:07,434 [INFO] trainer: epoch 242 step 50/135 loss=1.1594 lr=1.09e-04
2026-07-17 12:06:27,139 [INFO] trainer: epoch 242 step 100/135 loss=1.1554 lr=1.09e-04
2026-07-17 12:06:40,880 [INFO] trainer: epoch 242 done train_loss=1.1437 dt=53.8s
2026-07-17 12:07:01,443 [INFO] trainer: epoch 243 step 50/135 loss=1.1133 lr=1.09e-04
2026-07-17 12:07:21,147 [INFO] trainer: epoch 243 step 100/135 loss=1.1373 lr=1.08e-04
2026-07-17 12:07:34,914 [INFO] trainer: epoch 243 done train_loss=1.1324 dt=54.0s
2026-07-17 12:07:55,625 [INFO] trainer: epoch 244 step 50/135 loss=1.1140 lr=1.08e-04
2026-07-17 12:08:15,320 [INFO] trainer: epoch 244 step 100/135 loss=1.1280 lr=1.08e-04
2026-07-17 12:08:29,069 [INFO] trainer: epoch 244 done train_loss=1.1466 dt=54.2s
2026-07-17 12:08:49,595 [INFO] trainer: epoch 245 step 50/135 loss=1.1406 lr=1.07e-04
2026-07-17 12:09:09,277 [INFO] trainer: epoch 245 step 100/135 loss=1.1257 lr=1.07e-04
2026-07-17 12:09:23,043 [INFO] trainer: epoch 245 done train_loss=1.1337 dt=54.0s
2026-07-17 12:09:43,547 [INFO] trainer: epoch 246 step 50/135 loss=1.1649 lr=1.07e-04
2026-07-17 12:10:03,245 [INFO] trainer: epoch 246 step 100/135 loss=1.1504 lr=1.06e-04
2026-07-17 12:10:17,011 [INFO] trainer: epoch 246 done train_loss=1.1476 dt=54.0s
2026-07-17 12:10:37,493 [INFO] trainer: epoch 247 step 50/135 loss=1.1721 lr=1.06e-04
2026-07-17 12:10:57,158 [INFO] trainer: epoch 247 step 100/135 loss=1.1213 lr=1.06e-04
2026-07-17 12:11:10,906 [INFO] trainer: epoch 247 done train_loss=1.1446 dt=53.9s
2026-07-17 12:11:31,284 [INFO] trainer: epoch 248 step 50/135 loss=1.1289 lr=1.05e-04
2026-07-17 12:11:50,944 [INFO] trainer: epoch 248 step 100/135 loss=1.1760 lr=1.05e-04
2026-07-17 12:12:04,668 [INFO] trainer: epoch 248 done train_loss=1.1623 dt=53.8s
2026-07-17 12:12:25,169 [INFO] trainer: epoch 249 step 50/135 loss=1.1260 lr=1.05e-04
2026-07-17 12:12:44,855 [INFO] trainer: epoch 249 step 100/135 loss=1.1349 lr=1.04e-04
2026-07-17 12:12:58,590 [INFO] trainer: epoch 249 done train_loss=1.1306 dt=53.9s
2026-07-17 12:13:19,025 [INFO] trainer: epoch 250 step 50/135 loss=1.1706 lr=1.04e-04
2026-07-17 12:13:38,700 [INFO] trainer: epoch 250 step 100/135 loss=1.1274 lr=1.04e-04
2026-07-17 12:13:52,431 [INFO] trainer: epoch 250 done train_loss=1.1364 dt=53.8s
2026-07-17 12:17:28,161 [INFO] trainer: epoch 250 val_mean_dice=0.7754
2026-07-17 12:17:50,201 [INFO] trainer: epoch 251 step 50/135 loss=1.1393 lr=1.03e-04
2026-07-17 12:18:09,800 [INFO] trainer: epoch 251 step 100/135 loss=1.1228 lr=1.03e-04
2026-07-17 12:18:23,521 [INFO] trainer: epoch 251 done train_loss=1.1217 dt=53.8s
2026-07-17 12:18:44,121 [INFO] trainer: epoch 252 step 50/135 loss=1.1560 lr=1.03e-04
2026-07-17 12:19:03,736 [INFO] trainer: epoch 252 step 100/135 loss=1.1183 lr=1.03e-04
2026-07-17 12:19:17,458 [INFO] trainer: epoch 252 done train_loss=1.1427 dt=53.9s
2026-07-17 12:19:38,038 [INFO] trainer: epoch 253 step 50/135 loss=1.2070 lr=1.02e-04
2026-07-17 12:19:57,781 [INFO] trainer: epoch 253 step 100/135 loss=1.1153 lr=1.02e-04
2026-07-17 12:20:11,608 [INFO] trainer: epoch 253 done train_loss=1.1474 dt=54.2s
2026-07-17 12:20:32,234 [INFO] trainer: epoch 254 step 50/135 loss=1.1028 lr=1.02e-04
2026-07-17 12:20:51,923 [INFO] trainer: epoch 254 step 100/135 loss=1.1261 lr=1.01e-04
2026-07-17 12:21:05,670 [INFO] trainer: epoch 254 done train_loss=1.1254 dt=54.1s
2026-07-17 12:21:26,219 [INFO] trainer: epoch 255 step 50/135 loss=1.1398 lr=1.01e-04
2026-07-17 12:21:45,925 [INFO] trainer: epoch 255 step 100/135 loss=1.1088 lr=1.01e-04
2026-07-17 12:21:59,653 [INFO] trainer: epoch 255 done train_loss=1.1205 dt=54.0s
2026-07-17 12:22:20,193 [INFO] trainer: epoch 256 step 50/135 loss=1.1175 lr=1.00e-04
2026-07-17 12:22:39,887 [INFO] trainer: epoch 256 step 100/135 loss=1.1308 lr=1.00e-04
2026-07-17 12:22:53,619 [INFO] trainer: epoch 256 done train_loss=1.1237 dt=54.0s
2026-07-17 12:23:13,922 [INFO] trainer: epoch 257 step 50/135 loss=1.0975 lr=9.96e-05
2026-07-17 12:23:33,628 [INFO] trainer: epoch 257 step 100/135 loss=1.0905 lr=9.94e-05
2026-07-17 12:23:47,381 [INFO] trainer: epoch 257 done train_loss=1.1088 dt=53.8s
2026-07-17 12:24:07,768 [INFO] trainer: epoch 258 step 50/135 loss=1.1421 lr=9.90e-05
2026-07-17 12:24:27,421 [INFO] trainer: epoch 258 step 100/135 loss=1.1199 lr=9.88e-05
2026-07-17 12:24:41,158 [INFO] trainer: epoch 258 done train_loss=1.1534 dt=53.8s
2026-07-17 12:25:01,735 [INFO] trainer: epoch 259 step 50/135 loss=1.1490 lr=9.84e-05
2026-07-17 12:25:21,396 [INFO] trainer: epoch 259 step 100/135 loss=1.1251 lr=9.81e-05
2026-07-17 12:25:35,176 [INFO] trainer: epoch 259 done train_loss=1.1426 dt=54.0s
2026-07-17 12:25:55,621 [INFO] trainer: epoch 260 step 50/135 loss=1.1315 lr=9.77e-05
2026-07-17 12:26:15,277 [INFO] trainer: epoch 260 step 100/135 loss=1.1018 lr=9.75e-05
2026-07-17 12:26:29,027 [INFO] trainer: epoch 260 done train_loss=1.1186 dt=53.8s
2026-07-17 12:26:51,083 [INFO] trainer: epoch 261 step 50/135 loss=1.0957 lr=9.71e-05
2026-07-17 12:27:10,721 [INFO] trainer: epoch 261 step 100/135 loss=1.1197 lr=9.68e-05
2026-07-17 12:27:24,458 [INFO] trainer: epoch 261 done train_loss=1.1184 dt=54.0s
2026-07-17 12:27:44,969 [INFO] trainer: epoch 262 step 50/135 loss=1.1294 lr=9.64e-05
2026-07-17 12:28:04,637 [INFO] trainer: epoch 262 step 100/135 loss=1.1085 lr=9.62e-05
2026-07-17 12:28:18,373 [INFO] trainer: epoch 262 done train_loss=1.1157 dt=53.9s
2026-07-17 12:28:38,949 [INFO] trainer: epoch 263 step 50/135 loss=1.1622 lr=9.58e-05
2026-07-17 12:28:58,635 [INFO] trainer: epoch 263 step 100/135 loss=1.1381 lr=9.56e-05
2026-07-17 12:29:12,358 [INFO] trainer: epoch 263 done train_loss=1.1383 dt=54.0s
2026-07-17 12:29:32,939 [INFO] trainer: epoch 264 step 50/135 loss=1.0877 lr=9.52e-05
2026-07-17 12:29:52,624 [INFO] trainer: epoch 264 step 100/135 loss=1.1165 lr=9.49e-05
2026-07-17 12:30:06,760 [INFO] trainer: epoch 264 done train_loss=1.0965 dt=54.4s
2026-07-17 12:30:27,388 [INFO] trainer: epoch 265 step 50/135 loss=1.1064 lr=9.45e-05
2026-07-17 12:30:47,100 [INFO] trainer: epoch 265 step 100/135 loss=1.0445 lr=9.43e-05
2026-07-17 12:31:00,824 [INFO] trainer: epoch 265 done train_loss=1.0872 dt=54.1s
2026-07-17 12:31:21,417 [INFO] trainer: epoch 266 step 50/135 loss=1.1087 lr=9.39e-05
2026-07-17 12:31:41,099 [INFO] trainer: epoch 266 step 100/135 loss=1.1069 lr=9.37e-05
2026-07-17 12:31:54,837 [INFO] trainer: epoch 266 done train_loss=1.0959 dt=54.0s
2026-07-17 12:32:15,289 [INFO] trainer: epoch 267 step 50/135 loss=1.1130 lr=9.33e-05
2026-07-17 12:32:34,970 [INFO] trainer: epoch 267 step 100/135 loss=1.1275 lr=9.30e-05
2026-07-17 12:32:48,732 [INFO] trainer: epoch 267 done train_loss=1.1223 dt=53.9s
2026-07-17 12:33:09,224 [INFO] trainer: epoch 268 step 50/135 loss=1.0932 lr=9.26e-05
2026-07-17 12:33:28,903 [INFO] trainer: epoch 268 step 100/135 loss=1.1262 lr=9.24e-05
2026-07-17 12:33:42,651 [INFO] trainer: epoch 268 done train_loss=1.1134 dt=53.9s
2026-07-17 12:34:03,060 [INFO] trainer: epoch 269 step 50/135 loss=1.0942 lr=9.20e-05
2026-07-17 12:34:22,747 [INFO] trainer: epoch 269 step 100/135 loss=1.1222 lr=9.17e-05
2026-07-17 12:34:36,477 [INFO] trainer: epoch 269 done train_loss=1.1142 dt=53.8s
2026-07-17 12:34:56,957 [INFO] trainer: epoch 270 step 50/135 loss=1.1147 lr=9.13e-05
2026-07-17 12:35:16,684 [INFO] trainer: epoch 270 step 100/135 loss=1.1423 lr=9.11e-05
2026-07-17 12:35:30,427 [INFO] trainer: epoch 270 done train_loss=1.1209 dt=53.9s
2026-07-17 12:35:52,487 [INFO] trainer: epoch 271 step 50/135 loss=1.1143 lr=9.07e-05
2026-07-17 12:36:12,154 [INFO] trainer: epoch 271 step 100/135 loss=1.1248 lr=9.05e-05
2026-07-17 12:36:25,899 [INFO] trainer: epoch 271 done train_loss=1.1274 dt=54.0s
2026-07-17 12:36:46,457 [INFO] trainer: epoch 272 step 50/135 loss=1.1240 lr=9.01e-05
2026-07-17 12:37:06,120 [INFO] trainer: epoch 272 step 100/135 loss=1.1278 lr=8.98e-05
2026-07-17 12:37:19,867 [INFO] trainer: epoch 272 done train_loss=1.1277 dt=54.0s
2026-07-17 12:37:40,346 [INFO] trainer: epoch 273 step 50/135 loss=1.1396 lr=8.94e-05
2026-07-17 12:38:00,017 [INFO] trainer: epoch 273 step 100/135 loss=1.1303 lr=8.92e-05
2026-07-17 12:38:13,737 [INFO] trainer: epoch 273 done train_loss=1.1345 dt=53.9s
2026-07-17 12:38:34,227 [INFO] trainer: epoch 274 step 50/135 loss=1.1399 lr=8.88e-05
2026-07-17 12:38:53,897 [INFO] trainer: epoch 274 step 100/135 loss=1.0856 lr=8.86e-05
2026-07-17 12:39:07,631 [INFO] trainer: epoch 274 done train_loss=1.1056 dt=53.9s
2026-07-17 12:39:27,969 [INFO] trainer: epoch 275 step 50/135 loss=1.0921 lr=8.82e-05
2026-07-17 12:39:47,647 [INFO] trainer: epoch 275 step 100/135 loss=1.1541 lr=8.79e-05
2026-07-17 12:40:01,418 [INFO] trainer: epoch 275 done train_loss=1.1143 dt=53.8s
2026-07-17 12:43:38,781 [INFO] trainer: epoch 275 val_mean_dice=0.7766
2026-07-17 12:43:59,218 [INFO] trainer: epoch 276 step 50/135 loss=1.0975 lr=8.75e-05
2026-07-17 12:44:18,935 [INFO] trainer: epoch 276 step 100/135 loss=1.1223 lr=8.73e-05
2026-07-17 12:44:32,675 [INFO] trainer: epoch 276 done train_loss=1.1195 dt=53.9s
2026-07-17 12:44:53,215 [INFO] trainer: epoch 277 step 50/135 loss=1.1209 lr=8.69e-05
2026-07-17 12:45:12,926 [INFO] trainer: epoch 277 step 100/135 loss=1.0741 lr=8.67e-05
2026-07-17 12:45:26,658 [INFO] trainer: epoch 277 done train_loss=1.0965 dt=54.0s
2026-07-17 12:45:47,167 [INFO] trainer: epoch 278 step 50/135 loss=1.1113 lr=8.63e-05
2026-07-17 12:46:06,812 [INFO] trainer: epoch 278 step 100/135 loss=1.1327 lr=8.60e-05
2026-07-17 12:46:20,539 [INFO] trainer: epoch 278 done train_loss=1.1293 dt=53.9s
2026-07-17 12:46:41,128 [INFO] trainer: epoch 279 step 50/135 loss=1.1351 lr=8.56e-05
2026-07-17 12:47:00,763 [INFO] trainer: epoch 279 step 100/135 loss=1.0873 lr=8.54e-05
2026-07-17 12:47:14,469 [INFO] trainer: epoch 279 done train_loss=1.1100 dt=53.9s
2026-07-17 12:47:35,027 [INFO] trainer: epoch 280 step 50/135 loss=1.1161 lr=8.50e-05
2026-07-17 12:47:54,657 [INFO] trainer: epoch 280 step 100/135 loss=1.1489 lr=8.48e-05
2026-07-17 12:48:08,392 [INFO] trainer: epoch 280 done train_loss=1.1181 dt=53.9s
2026-07-17 12:48:29,982 [INFO] trainer: epoch 281 step 50/135 loss=1.0932 lr=8.44e-05
2026-07-17 12:48:49,629 [INFO] trainer: epoch 281 step 100/135 loss=1.1035 lr=8.42e-05
2026-07-17 12:49:03,381 [INFO] trainer: epoch 281 done train_loss=1.1040 dt=53.7s
2026-07-17 12:49:24,005 [INFO] trainer: epoch 282 step 50/135 loss=1.1467 lr=8.38e-05
2026-07-17 12:49:43,634 [INFO] trainer: epoch 282 step 100/135 loss=1.0856 lr=8.35e-05
2026-07-17 12:49:57,362 [INFO] trainer: epoch 282 done train_loss=1.1235 dt=54.0s
2026-07-17 12:50:17,761 [INFO] trainer: epoch 283 step 50/135 loss=1.1206 lr=8.31e-05
2026-07-17 12:50:37,367 [INFO] trainer: epoch 283 step 100/135 loss=1.0962 lr=8.29e-05
2026-07-17 12:50:51,074 [INFO] trainer: epoch 283 done train_loss=1.0935 dt=53.7s
2026-07-17 12:51:11,566 [INFO] trainer: epoch 284 step 50/135 loss=1.0926 lr=8.25e-05
2026-07-17 12:51:31,252 [INFO] trainer: epoch 284 step 100/135 loss=1.1007 lr=8.23e-05
2026-07-17 12:51:44,969 [INFO] trainer: epoch 284 done train_loss=1.1102 dt=53.9s
2026-07-17 12:52:05,538 [INFO] trainer: epoch 285 step 50/135 loss=1.1129 lr=8.19e-05
2026-07-17 12:52:25,164 [INFO] trainer: epoch 285 step 100/135 loss=1.0716 lr=8.16e-05
2026-07-17 12:52:38,880 [INFO] trainer: epoch 285 done train_loss=1.0922 dt=53.9s
2026-07-17 12:52:59,338 [INFO] trainer: epoch 286 step 50/135 loss=1.1345 lr=8.12e-05
2026-07-17 12:53:19,009 [INFO] trainer: epoch 286 step 100/135 loss=1.1127 lr=8.10e-05
2026-07-17 12:53:32,795 [INFO] trainer: epoch 286 done train_loss=1.1162 dt=53.9s
2026-07-17 12:53:53,329 [INFO] trainer: epoch 287 step 50/135 loss=1.1095 lr=8.06e-05
2026-07-17 12:54:12,999 [INFO] trainer: epoch 287 step 100/135 loss=1.1337 lr=8.04e-05
2026-07-17 12:54:26,769 [INFO] trainer: epoch 287 done train_loss=1.1155 dt=54.0s
2026-07-17 12:54:47,379 [INFO] trainer: epoch 288 step 50/135 loss=1.0801 lr=8.00e-05
2026-07-17 12:55:07,072 [INFO] trainer: epoch 288 step 100/135 loss=1.0890 lr=7.98e-05
2026-07-17 12:55:20,812 [INFO] trainer: epoch 288 done train_loss=1.0860 dt=54.0s
2026-07-17 12:55:41,368 [INFO] trainer: epoch 289 step 50/135 loss=1.0610 lr=7.94e-05
2026-07-17 12:56:01,050 [INFO] trainer: epoch 289 step 100/135 loss=1.1287 lr=7.91e-05
2026-07-17 12:56:14,814 [INFO] trainer: epoch 289 done train_loss=1.1035 dt=54.0s
2026-07-17 12:56:35,387 [INFO] trainer: epoch 290 step 50/135 loss=1.1568 lr=7.88e-05
2026-07-17 12:56:55,090 [INFO] trainer: epoch 290 step 100/135 loss=1.0548 lr=7.85e-05
2026-07-17 12:57:08,879 [INFO] trainer: epoch 290 done train_loss=1.1109 dt=54.1s
2026-07-17 12:57:30,980 [INFO] trainer: epoch 291 step 50/135 loss=1.1276 lr=7.81e-05
2026-07-17 12:57:50,702 [INFO] trainer: epoch 291 step 100/135 loss=1.1581 lr=7.79e-05
2026-07-17 12:58:04,477 [INFO] trainer: epoch 291 done train_loss=1.1316 dt=54.1s
2026-07-17 12:58:25,383 [INFO] trainer: epoch 292 step 50/135 loss=1.0900 lr=7.75e-05
2026-07-17 12:58:45,101 [INFO] trainer: epoch 292 step 100/135 loss=1.0910 lr=7.73e-05
2026-07-17 12:58:58,880 [INFO] trainer: epoch 292 done train_loss=1.0740 dt=54.4s
2026-07-17 12:59:19,655 [INFO] trainer: epoch 293 step 50/135 loss=1.1028 lr=7.69e-05
2026-07-17 12:59:39,340 [INFO] trainer: epoch 293 step 100/135 loss=1.0928 lr=7.67e-05
2026-07-17 12:59:53,088 [INFO] trainer: epoch 293 done train_loss=1.1057 dt=54.2s
2026-07-17 13:00:13,680 [INFO] trainer: epoch 294 step 50/135 loss=1.0820 lr=7.63e-05
2026-07-17 13:00:33,393 [INFO] trainer: epoch 294 step 100/135 loss=1.1005 lr=7.60e-05
2026-07-17 13:00:47,143 [INFO] trainer: epoch 294 done train_loss=1.0989 dt=54.1s
2026-07-17 13:01:07,691 [INFO] trainer: epoch 295 step 50/135 loss=1.0506 lr=7.57e-05
2026-07-17 13:01:27,528 [INFO] trainer: epoch 295 step 100/135 loss=1.0591 lr=7.54e-05
2026-07-17 13:01:41,258 [INFO] trainer: epoch 295 done train_loss=1.0647 dt=54.1s
2026-07-17 13:02:01,639 [INFO] trainer: epoch 296 step 50/135 loss=1.0981 lr=7.50e-05
2026-07-17 13:02:21,372 [INFO] trainer: epoch 296 step 100/135 loss=1.0576 lr=7.48e-05
2026-07-17 13:02:35,150 [INFO] trainer: epoch 296 done train_loss=1.0718 dt=53.9s
2026-07-17 13:02:55,724 [INFO] trainer: epoch 297 step 50/135 loss=1.1257 lr=7.44e-05
2026-07-17 13:03:15,430 [INFO] trainer: epoch 297 step 100/135 loss=1.1047 lr=7.42e-05
2026-07-17 13:03:29,191 [INFO] trainer: epoch 297 done train_loss=1.1100 dt=54.0s
2026-07-17 13:03:49,785 [INFO] trainer: epoch 298 step 50/135 loss=1.0643 lr=7.38e-05
2026-07-17 13:04:09,516 [INFO] trainer: epoch 298 step 100/135 loss=1.1270 lr=7.36e-05
2026-07-17 13:04:23,342 [INFO] trainer: epoch 298 done train_loss=1.0897 dt=54.1s
2026-07-17 13:04:44,028 [INFO] trainer: epoch 299 step 50/135 loss=1.0983 lr=7.32e-05
2026-07-17 13:05:03,724 [INFO] trainer: epoch 299 step 100/135 loss=1.1281 lr=7.30e-05
2026-07-17 13:05:17,519 [INFO] trainer: epoch 299 done train_loss=1.1250 dt=54.2s
2026-07-17 13:05:38,136 [INFO] trainer: epoch 300 step 50/135 loss=1.1166 lr=7.26e-05
2026-07-17 13:05:57,844 [INFO] trainer: epoch 300 step 100/135 loss=1.1431 lr=7.24e-05
2026-07-17 13:06:11,591 [INFO] trainer: epoch 300 done train_loss=1.1138 dt=54.1s
2026-07-17 13:09:46,305 [INFO] trainer: epoch 300 val_mean_dice=0.7852
2026-07-17 13:10:09,690 [INFO] trainer: epoch 301 step 50/135 loss=1.1141 lr=7.20e-05
2026-07-17 13:10:29,390 [INFO] trainer: epoch 301 step 100/135 loss=1.0538 lr=7.17e-05
2026-07-17 13:10:43,170 [INFO] trainer: epoch 301 done train_loss=1.0902 dt=54.0s
2026-07-17 13:11:03,721 [INFO] trainer: epoch 302 step 50/135 loss=1.1190 lr=7.14e-05
2026-07-17 13:11:23,430 [INFO] trainer: epoch 302 step 100/135 loss=1.0299 lr=7.11e-05
2026-07-17 13:11:37,266 [INFO] trainer: epoch 302 done train_loss=1.0765 dt=54.1s
2026-07-17 13:11:57,814 [INFO] trainer: epoch 303 step 50/135 loss=1.1309 lr=7.07e-05
2026-07-17 13:12:17,458 [INFO] trainer: epoch 303 step 100/135 loss=1.0864 lr=7.05e-05
2026-07-17 13:12:31,254 [INFO] trainer: epoch 303 done train_loss=1.0982 dt=54.0s
2026-07-17 13:12:51,768 [INFO] trainer: epoch 304 step 50/135 loss=1.0995 lr=7.01e-05
2026-07-17 13:13:11,430 [INFO] trainer: epoch 304 step 100/135 loss=1.0827 lr=6.99e-05
2026-07-17 13:13:25,170 [INFO] trainer: epoch 304 done train_loss=1.0881 dt=53.9s
2026-07-17 13:13:45,750 [INFO] trainer: epoch 305 step 50/135 loss=1.1195 lr=6.95e-05
2026-07-17 13:14:05,365 [INFO] trainer: epoch 305 step 100/135 loss=1.1236 lr=6.93e-05
2026-07-17 13:14:19,121 [INFO] trainer: epoch 305 done train_loss=1.1043 dt=54.0s
2026-07-17 13:14:39,651 [INFO] trainer: epoch 306 step 50/135 loss=1.1093 lr=6.89e-05
2026-07-17 13:14:59,257 [INFO] trainer: epoch 306 step 100/135 loss=1.1159 lr=6.87e-05
2026-07-17 13:15:12,962 [INFO] trainer: epoch 306 done train_loss=1.1106 dt=53.8s
2026-07-17 13:15:33,461 [INFO] trainer: epoch 307 step 50/135 loss=1.1314 lr=6.83e-05
2026-07-17 13:15:53,134 [INFO] trainer: epoch 307 step 100/135 loss=1.1049 lr=6.81e-05
2026-07-17 13:16:06,904 [INFO] trainer: epoch 307 done train_loss=1.1150 dt=53.9s
2026-07-17 13:16:27,437 [INFO] trainer: epoch 308 step 50/135 loss=1.0950 lr=6.77e-05
2026-07-17 13:16:47,168 [INFO] trainer: epoch 308 step 100/135 loss=1.0688 lr=6.75e-05
2026-07-17 13:17:00,938 [INFO] trainer: epoch 308 done train_loss=1.0918 dt=54.0s
2026-07-17 13:17:21,540 [INFO] trainer: epoch 309 step 50/135 loss=1.0625 lr=6.71e-05
2026-07-17 13:17:41,262 [INFO] trainer: epoch 309 step 100/135 loss=1.0959 lr=6.69e-05
2026-07-17 13:17:55,030 [INFO] trainer: epoch 309 done train_loss=1.0835 dt=54.1s
2026-07-17 13:18:15,497 [INFO] trainer: epoch 310 step 50/135 loss=1.1080 lr=6.65e-05
2026-07-17 13:18:35,205 [INFO] trainer: epoch 310 step 100/135 loss=1.0737 lr=6.63e-05
2026-07-17 13:18:48,976 [INFO] trainer: epoch 310 done train_loss=1.0809 dt=53.9s
2026-07-17 13:19:11,237 [INFO] trainer: epoch 311 step 50/135 loss=1.0298 lr=6.59e-05
2026-07-17 13:19:30,938 [INFO] trainer: epoch 311 step 100/135 loss=1.0977 lr=6.57e-05
2026-07-17 13:19:44,711 [INFO] trainer: epoch 311 done train_loss=1.0886 dt=54.2s
2026-07-17 13:20:05,403 [INFO] trainer: epoch 312 step 50/135 loss=1.1106 lr=6.53e-05
2026-07-17 13:20:25,101 [INFO] trainer: epoch 312 step 100/135 loss=1.0993 lr=6.51e-05
2026-07-17 13:20:38,888 [INFO] trainer: epoch 312 done train_loss=1.0918 dt=54.2s
2026-07-17 13:20:59,381 [INFO] trainer: epoch 313 step 50/135 loss=1.0724 lr=6.47e-05
2026-07-17 13:21:18,974 [INFO] trainer: epoch 313 step 100/135 loss=1.0489 lr=6.45e-05
2026-07-17 13:21:32,719 [INFO] trainer: epoch 313 done train_loss=1.0681 dt=53.8s
2026-07-17 13:21:53,323 [INFO] trainer: epoch 314 step 50/135 loss=1.0688 lr=6.41e-05
2026-07-17 13:22:12,988 [INFO] trainer: epoch 314 step 100/135 loss=1.0706 lr=6.39e-05
2026-07-17 13:22:26,748 [INFO] trainer: epoch 314 done train_loss=1.0799 dt=54.0s
2026-07-17 13:22:47,393 [INFO] trainer: epoch 315 step 50/135 loss=1.0872 lr=6.35e-05
2026-07-17 13:23:07,077 [INFO] trainer: epoch 315 step 100/135 loss=1.1050 lr=6.33e-05
2026-07-17 13:23:20,838 [INFO] trainer: epoch 315 done train_loss=1.0800 dt=54.1s
2026-07-17 13:23:41,501 [INFO] trainer: epoch 316 step 50/135 loss=1.0976 lr=6.29e-05
2026-07-17 13:24:01,209 [INFO] trainer: epoch 316 step 100/135 loss=1.1092 lr=6.27e-05
2026-07-17 13:24:14,986 [INFO] trainer: epoch 316 done train_loss=1.0990 dt=54.1s
2026-07-17 13:24:35,776 [INFO] trainer: epoch 317 step 50/135 loss=1.1191 lr=6.24e-05
2026-07-17 13:24:55,548 [INFO] trainer: epoch 317 step 100/135 loss=1.0628 lr=6.21e-05
2026-07-17 13:25:09,313 [INFO] trainer: epoch 317 done train_loss=1.0787 dt=54.3s
2026-07-17 13:25:29,810 [INFO] trainer: epoch 318 step 50/135 loss=1.0807 lr=6.18e-05
2026-07-17 13:25:49,542 [INFO] trainer: epoch 318 step 100/135 loss=1.0489 lr=6.15e-05
2026-07-17 13:26:03,307 [INFO] trainer: epoch 318 done train_loss=1.0811 dt=54.0s
2026-07-17 13:26:23,910 [INFO] trainer: epoch 319 step 50/135 loss=1.0831 lr=6.12e-05
2026-07-17 13:26:43,653 [INFO] trainer: epoch 319 step 100/135 loss=1.0896 lr=6.10e-05
2026-07-17 13:26:57,436 [INFO] trainer: epoch 319 done train_loss=1.0717 dt=54.1s
2026-07-17 13:27:18,320 [INFO] trainer: epoch 320 step 50/135 loss=1.0941 lr=6.06e-05
2026-07-17 13:27:38,045 [INFO] trainer: epoch 320 step 100/135 loss=1.0706 lr=6.04e-05
2026-07-17 13:27:51,820 [INFO] trainer: epoch 320 done train_loss=1.0864 dt=54.4s
2026-07-17 13:28:14,101 [INFO] trainer: epoch 321 step 50/135 loss=1.0884 lr=6.00e-05
2026-07-17 13:28:33,785 [INFO] trainer: epoch 321 step 100/135 loss=1.1170 lr=5.98e-05
2026-07-17 13:28:47,557 [INFO] trainer: epoch 321 done train_loss=1.0947 dt=54.3s
2026-07-17 13:29:08,060 [INFO] trainer: epoch 322 step 50/135 loss=1.0959 lr=5.94e-05
2026-07-17 13:29:27,731 [INFO] trainer: epoch 322 step 100/135 loss=1.1091 lr=5.92e-05
2026-07-17 13:29:41,464 [INFO] trainer: epoch 322 done train_loss=1.0949 dt=53.9s
2026-07-17 13:30:02,061 [INFO] trainer: epoch 323 step 50/135 loss=1.0635 lr=5.88e-05
2026-07-17 13:30:21,698 [INFO] trainer: epoch 323 step 100/135 loss=1.0452 lr=5.86e-05
2026-07-17 13:30:35,434 [INFO] trainer: epoch 323 done train_loss=1.0630 dt=54.0s
2026-07-17 13:30:55,786 [INFO] trainer: epoch 324 step 50/135 loss=1.0609 lr=5.83e-05
2026-07-17 13:31:15,491 [INFO] trainer: epoch 324 step 100/135 loss=1.0854 lr=5.81e-05
2026-07-17 13:31:29,243 [INFO] trainer: epoch 324 done train_loss=1.0696 dt=53.8s
2026-07-17 13:31:49,760 [INFO] trainer: epoch 325 step 50/135 loss=1.1063 lr=5.77e-05
2026-07-17 13:32:09,463 [INFO] trainer: epoch 325 step 100/135 loss=1.1011 lr=5.75e-05
2026-07-17 13:32:23,218 [INFO] trainer: epoch 325 done train_loss=1.0866 dt=54.0s
2026-07-17 13:35:57,572 [INFO] trainer: epoch 325 val_mean_dice=0.7845
2026-07-17 13:36:18,005 [INFO] trainer: epoch 326 step 50/135 loss=1.0647 lr=5.71e-05
2026-07-17 13:36:37,674 [INFO] trainer: epoch 326 step 100/135 loss=1.0426 lr=5.69e-05
2026-07-17 13:36:51,410 [INFO] trainer: epoch 326 done train_loss=1.0603 dt=53.8s
2026-07-17 13:37:11,952 [INFO] trainer: epoch 327 step 50/135 loss=1.0795 lr=5.65e-05
2026-07-17 13:37:31,603 [INFO] trainer: epoch 327 step 100/135 loss=1.0675 lr=5.63e-05
2026-07-17 13:37:45,364 [INFO] trainer: epoch 327 done train_loss=1.0846 dt=54.0s
2026-07-17 13:38:05,895 [INFO] trainer: epoch 328 step 50/135 loss=1.1221 lr=5.60e-05
2026-07-17 13:38:25,584 [INFO] trainer: epoch 328 step 100/135 loss=1.0731 lr=5.58e-05
2026-07-17 13:38:39,326 [INFO] trainer: epoch 328 done train_loss=1.0898 dt=54.0s
2026-07-17 13:38:59,883 [INFO] trainer: epoch 329 step 50/135 loss=1.0472 lr=5.54e-05
2026-07-17 13:39:19,595 [INFO] trainer: epoch 329 step 100/135 loss=1.1103 lr=5.52e-05
2026-07-17 13:39:33,362 [INFO] trainer: epoch 329 done train_loss=1.0924 dt=54.0s
2026-07-17 13:39:53,896 [INFO] trainer: epoch 330 step 50/135 loss=1.0889 lr=5.48e-05
2026-07-17 13:40:14,195 [INFO] trainer: epoch 330 step 100/135 loss=1.1370 lr=5.46e-05
2026-07-17 13:40:27,918 [INFO] trainer: epoch 330 done train_loss=1.1068 dt=54.6s
2026-07-17 13:40:50,193 [INFO] trainer: epoch 331 step 50/135 loss=1.0416 lr=5.43e-05
2026-07-17 13:41:19,530 [INFO] trainer: epoch 331 step 100/135 loss=1.0797 lr=5.41e-05
2026-07-17 13:41:33,296 [INFO] trainer: epoch 331 done train_loss=1.0714 dt=63.8s
2026-07-17 13:41:54,002 [INFO] trainer: epoch 332 step 50/135 loss=1.0504 lr=5.37e-05
2026-07-17 13:42:13,695 [INFO] trainer: epoch 332 step 100/135 loss=1.1188 lr=5.35e-05
2026-07-17 13:42:27,450 [INFO] trainer: epoch 332 done train_loss=1.0751 dt=54.2s
2026-07-17 13:42:48,252 [INFO] trainer: epoch 333 step 50/135 loss=1.1262 lr=5.31e-05
2026-07-17 13:43:07,947 [INFO] trainer: epoch 333 step 100/135 loss=1.0888 lr=5.29e-05
2026-07-17 13:43:21,693 [INFO] trainer: epoch 333 done train_loss=1.0964 dt=54.2s
2026-07-17 13:43:42,157 [INFO] trainer: epoch 334 step 50/135 loss=1.0746 lr=5.26e-05
2026-07-17 13:44:01,854 [INFO] trainer: epoch 334 step 100/135 loss=1.0631 lr=5.24e-05
2026-07-17 13:44:15,612 [INFO] trainer: epoch 334 done train_loss=1.0569 dt=53.9s
2026-07-17 13:44:36,167 [INFO] trainer: epoch 335 step 50/135 loss=1.0729 lr=5.20e-05
2026-07-17 13:44:55,868 [INFO] trainer: epoch 335 step 100/135 loss=1.0620 lr=5.18e-05
2026-07-17 13:45:09,642 [INFO] trainer: epoch 335 done train_loss=1.0728 dt=54.0s
2026-07-17 13:45:30,156 [INFO] trainer: epoch 336 step 50/135 loss=1.0658 lr=5.15e-05
2026-07-17 13:45:49,865 [INFO] trainer: epoch 336 step 100/135 loss=1.0685 lr=5.13e-05
2026-07-17 13:46:03,650 [INFO] trainer: epoch 336 done train_loss=1.0734 dt=54.0s
2026-07-17 13:46:24,326 [INFO] trainer: epoch 337 step 50/135 loss=1.0202 lr=5.09e-05
2026-07-17 13:46:43,998 [INFO] trainer: epoch 337 step 100/135 loss=1.0625 lr=5.07e-05
2026-07-17 13:46:57,743 [INFO] trainer: epoch 337 done train_loss=1.0512 dt=54.1s
2026-07-17 13:47:18,343 [INFO] trainer: epoch 338 step 50/135 loss=1.0195 lr=5.04e-05
2026-07-17 13:47:38,040 [INFO] trainer: epoch 338 step 100/135 loss=1.1057 lr=5.02e-05
2026-07-17 13:47:51,796 [INFO] trainer: epoch 338 done train_loss=1.0662 dt=54.1s
2026-07-17 13:48:12,456 [INFO] trainer: epoch 339 step 50/135 loss=1.0700 lr=4.98e-05
2026-07-17 13:48:32,162 [INFO] trainer: epoch 339 step 100/135 loss=1.0930 lr=4.96e-05
2026-07-17 13:48:45,929 [INFO] trainer: epoch 339 done train_loss=1.0784 dt=54.1s
2026-07-17 13:49:06,640 [INFO] trainer: epoch 340 step 50/135 loss=1.0695 lr=4.93e-05
2026-07-17 13:49:26,367 [INFO] trainer: epoch 340 step 100/135 loss=1.0749 lr=4.91e-05
2026-07-17 13:49:40,135 [INFO] trainer: epoch 340 done train_loss=1.0833 dt=54.2s
2026-07-17 13:50:02,312 [INFO] trainer: epoch 341 step 50/135 loss=1.0748 lr=4.87e-05
2026-07-17 13:50:21,997 [INFO] trainer: epoch 341 step 100/135 loss=1.0738 lr=4.85e-05
2026-07-17 13:50:35,749 [INFO] trainer: epoch 341 done train_loss=1.0813 dt=54.1s
2026-07-17 13:50:56,527 [INFO] trainer: epoch 342 step 50/135 loss=1.0331 lr=4.82e-05
2026-07-17 13:51:16,227 [INFO] trainer: epoch 342 step 100/135 loss=1.0802 lr=4.80e-05
2026-07-17 13:51:29,959 [INFO] trainer: epoch 342 done train_loss=1.0677 dt=54.2s
2026-07-17 13:51:50,310 [INFO] trainer: epoch 343 step 50/135 loss=1.1250 lr=4.76e-05
2026-07-17 13:52:09,936 [INFO] trainer: epoch 343 step 100/135 loss=1.0920 lr=4.74e-05
2026-07-17 13:52:23,677 [INFO] trainer: epoch 343 done train_loss=1.0858 dt=53.7s
2026-07-17 13:52:44,307 [INFO] trainer: epoch 344 step 50/135 loss=1.0576 lr=4.71e-05
2026-07-17 13:53:04,004 [INFO] trainer: epoch 344 step 100/135 loss=1.1012 lr=4.69e-05
2026-07-17 13:53:17,791 [INFO] trainer: epoch 344 done train_loss=1.0890 dt=54.1s
2026-07-17 13:53:38,439 [INFO] trainer: epoch 345 step 50/135 loss=1.1029 lr=4.66e-05
2026-07-17 13:53:58,134 [INFO] trainer: epoch 345 step 100/135 loss=1.0739 lr=4.64e-05
2026-07-17 13:54:11,910 [INFO] trainer: epoch 345 done train_loss=1.0964 dt=54.1s
2026-07-17 13:54:32,473 [INFO] trainer: epoch 346 step 50/135 loss=1.0872 lr=4.60e-05
2026-07-17 13:54:52,094 [INFO] trainer: epoch 346 step 100/135 loss=1.0897 lr=4.58e-05
2026-07-17 13:55:05,835 [INFO] trainer: epoch 346 done train_loss=1.0839 dt=53.9s
2026-07-17 13:55:26,373 [INFO] trainer: epoch 347 step 50/135 loss=1.0497 lr=4.55e-05
2026-07-17 13:55:46,082 [INFO] trainer: epoch 347 step 100/135 loss=1.0502 lr=4.53e-05
2026-07-17 13:55:59,845 [INFO] trainer: epoch 347 done train_loss=1.0572 dt=54.0s
2026-07-17 13:56:20,332 [INFO] trainer: epoch 348 step 50/135 loss=1.0433 lr=4.50e-05
2026-07-17 13:56:40,001 [INFO] trainer: epoch 348 step 100/135 loss=1.0816 lr=4.48e-05
2026-07-17 13:56:53,744 [INFO] trainer: epoch 348 done train_loss=1.0631 dt=53.9s
2026-07-17 13:57:14,218 [INFO] trainer: epoch 349 step 50/135 loss=1.1058 lr=4.44e-05
2026-07-17 13:57:33,914 [INFO] trainer: epoch 349 step 100/135 loss=1.0281 lr=4.42e-05
2026-07-17 13:57:47,675 [INFO] trainer: epoch 349 done train_loss=1.0710 dt=53.9s
2026-07-17 13:58:08,033 [INFO] trainer: epoch 350 step 50/135 loss=1.0665 lr=4.39e-05
2026-07-17 13:58:27,752 [INFO] trainer: epoch 350 step 100/135 loss=1.0818 lr=4.37e-05
2026-07-17 13:58:41,531 [INFO] trainer: epoch 350 done train_loss=1.0771 dt=53.9s
2026-07-17 14:03:07,253 [INFO] trainer: epoch 350 val_mean_dice=0.7874
2026-07-17 14:03:55,617 [INFO] trainer: epoch 351 step 50/135 loss=1.0837 lr=4.34e-05
2026-07-17 14:04:15,320 [INFO] trainer: epoch 351 step 100/135 loss=1.0724 lr=4.32e-05
2026-07-17 14:04:29,139 [INFO] trainer: epoch 351 done train_loss=1.0833 dt=79.2s
2026-07-17 14:04:49,797 [INFO] trainer: epoch 352 step 50/135 loss=1.0469 lr=4.29e-05
2026-07-17 14:05:09,497 [INFO] trainer: epoch 352 step 100/135 loss=1.0870 lr=4.27e-05
2026-07-17 14:05:23,270 [INFO] trainer: epoch 352 done train_loss=1.0638 dt=54.1s
2026-07-17 14:05:43,805 [INFO] trainer: epoch 353 step 50/135 loss=1.0520 lr=4.23e-05
2026-07-17 14:06:03,505 [INFO] trainer: epoch 353 step 100/135 loss=1.0665 lr=4.22e-05
2026-07-17 14:06:17,269 [INFO] trainer: epoch 353 done train_loss=1.0735 dt=54.0s
2026-07-17 14:06:37,935 [INFO] trainer: epoch 354 step 50/135 loss=1.0861 lr=4.18e-05
2026-07-17 14:06:57,604 [INFO] trainer: epoch 354 step 100/135 loss=1.0861 lr=4.16e-05
2026-07-17 14:07:11,339 [INFO] trainer: epoch 354 done train_loss=1.0725 dt=54.1s
2026-07-17 14:07:31,763 [INFO] trainer: epoch 355 step 50/135 loss=1.0227 lr=4.13e-05
2026-07-17 14:07:51,481 [INFO] trainer: epoch 355 step 100/135 loss=1.0742 lr=4.11e-05
2026-07-17 14:08:05,251 [INFO] trainer: epoch 355 done train_loss=1.0576 dt=53.9s
2026-07-17 14:08:25,833 [INFO] trainer: epoch 356 step 50/135 loss=1.0773 lr=4.08e-05
2026-07-17 14:08:45,541 [INFO] trainer: epoch 356 step 100/135 loss=1.0864 lr=4.06e-05
2026-07-17 14:08:59,301 [INFO] trainer: epoch 356 done train_loss=1.0658 dt=54.0s
2026-07-17 14:09:19,777 [INFO] trainer: epoch 357 step 50/135 loss=1.0911 lr=4.03e-05
2026-07-17 14:09:39,490 [INFO] trainer: epoch 357 step 100/135 loss=1.0574 lr=4.01e-05
2026-07-17 14:09:53,258 [INFO] trainer: epoch 357 done train_loss=1.0666 dt=54.0s
2026-07-17 14:10:13,791 [INFO] trainer: epoch 358 step 50/135 loss=1.0651 lr=3.98e-05
2026-07-17 14:10:33,488 [INFO] trainer: epoch 358 step 100/135 loss=1.0829 lr=3.96e-05
2026-07-17 14:10:47,245 [INFO] trainer: epoch 358 done train_loss=1.0782 dt=54.0s
2026-07-17 14:11:07,843 [INFO] trainer: epoch 359 step 50/135 loss=1.0826 lr=3.93e-05
2026-07-17 14:11:27,542 [INFO] trainer: epoch 359 step 100/135 loss=1.0255 lr=3.91e-05
2026-07-17 14:11:41,334 [INFO] trainer: epoch 359 done train_loss=1.0556 dt=54.1s
2026-07-17 14:12:02,074 [INFO] trainer: epoch 360 step 50/135 loss=1.0947 lr=3.88e-05
2026-07-17 14:12:21,785 [INFO] trainer: epoch 360 step 100/135 loss=1.1237 lr=3.86e-05
2026-07-17 14:12:35,574 [INFO] trainer: epoch 360 done train_loss=1.1047 dt=54.2s
2026-07-17 14:12:57,443 [INFO] trainer: epoch 361 step 50/135 loss=1.0676 lr=3.83e-05
2026-07-17 14:13:17,153 [INFO] trainer: epoch 361 step 100/135 loss=1.1064 lr=3.81e-05
2026-07-17 14:13:30,925 [INFO] trainer: epoch 361 done train_loss=1.0819 dt=54.1s
2026-07-17 14:13:51,361 [INFO] trainer: epoch 362 step 50/135 loss=1.0846 lr=3.78e-05
2026-07-17 14:14:11,017 [INFO] trainer: epoch 362 step 100/135 loss=1.0684 lr=3.76e-05
2026-07-17 14:14:24,737 [INFO] trainer: epoch 362 done train_loss=1.0717 dt=53.8s
2026-07-17 14:14:45,041 [INFO] trainer: epoch 363 step 50/135 loss=1.0857 lr=3.73e-05
2026-07-17 14:15:04,527 [INFO] trainer: epoch 363 step 100/135 loss=1.0495 lr=3.71e-05
2026-07-17 14:15:18,156 [INFO] trainer: epoch 363 done train_loss=1.0599 dt=53.4s
2026-07-17 14:15:38,706 [INFO] trainer: epoch 364 step 50/135 loss=1.0681 lr=3.68e-05
2026-07-17 14:15:58,253 [INFO] trainer: epoch 364 step 100/135 loss=1.0514 lr=3.66e-05
2026-07-17 14:16:11,908 [INFO] trainer: epoch 364 done train_loss=1.0594 dt=53.8s
2026-07-17 14:16:32,384 [INFO] trainer: epoch 365 step 50/135 loss=1.0745 lr=3.63e-05
2026-07-17 14:16:51,844 [INFO] trainer: epoch 365 step 100/135 loss=1.0777 lr=3.61e-05
2026-07-17 14:17:05,462 [INFO] trainer: epoch 365 done train_loss=1.0756 dt=53.6s
2026-07-17 14:17:25,897 [INFO] trainer: epoch 366 step 50/135 loss=1.0912 lr=3.58e-05
2026-07-17 14:17:45,488 [INFO] trainer: epoch 366 step 100/135 loss=1.0794 lr=3.56e-05
2026-07-17 14:17:59,151 [INFO] trainer: epoch 366 done train_loss=1.0768 dt=53.7s
2026-07-17 14:18:19,677 [INFO] trainer: epoch 367 step 50/135 loss=1.0354 lr=3.53e-05
2026-07-17 14:18:39,279 [INFO] trainer: epoch 367 step 100/135 loss=1.0936 lr=3.52e-05
2026-07-17 14:18:52,969 [INFO] trainer: epoch 367 done train_loss=1.0687 dt=53.8s
2026-07-17 14:19:13,571 [INFO] trainer: epoch 368 step 50/135 loss=1.0504 lr=3.49e-05
2026-07-17 14:19:33,166 [INFO] trainer: epoch 368 step 100/135 loss=1.0631 lr=3.47e-05
2026-07-17 14:19:46,879 [INFO] trainer: epoch 368 done train_loss=1.0561 dt=53.9s
2026-07-17 14:20:07,276 [INFO] trainer: epoch 369 step 50/135 loss=1.1126 lr=3.44e-05
2026-07-17 14:20:26,793 [INFO] trainer: epoch 369 step 100/135 loss=1.0548 lr=3.42e-05
2026-07-17 14:20:40,431 [INFO] trainer: epoch 369 done train_loss=1.0638 dt=53.6s
2026-07-17 14:21:01,052 [INFO] trainer: epoch 370 step 50/135 loss=1.0939 lr=3.39e-05
2026-07-17 14:21:20,657 [INFO] trainer: epoch 370 step 100/135 loss=1.0200 lr=3.37e-05
2026-07-17 14:21:34,335 [INFO] trainer: epoch 370 done train_loss=1.0525 dt=53.9s
2026-07-17 14:21:56,349 [INFO] trainer: epoch 371 step 50/135 loss=1.0594 lr=3.34e-05
2026-07-17 14:22:15,902 [INFO] trainer: epoch 371 step 100/135 loss=1.0786 lr=3.33e-05
2026-07-17 14:22:29,556 [INFO] trainer: epoch 371 done train_loss=1.0571 dt=53.7s
2026-07-17 14:22:50,354 [INFO] trainer: epoch 372 step 50/135 loss=1.0835 lr=3.30e-05
2026-07-17 14:23:09,911 [INFO] trainer: epoch 372 step 100/135 loss=1.0770 lr=3.28e-05
2026-07-17 14:23:23,577 [INFO] trainer: epoch 372 done train_loss=1.0789 dt=54.0s
2026-07-17 14:23:44,072 [INFO] trainer: epoch 373 step 50/135 loss=1.0525 lr=3.25e-05
2026-07-17 14:24:03,637 [INFO] trainer: epoch 373 step 100/135 loss=1.0692 lr=3.23e-05
2026-07-17 14:24:17,302 [INFO] trainer: epoch 373 done train_loss=1.0637 dt=53.7s
2026-07-17 14:24:37,939 [INFO] trainer: epoch 374 step 50/135 loss=1.0550 lr=3.20e-05
2026-07-17 14:24:57,510 [INFO] trainer: epoch 374 step 100/135 loss=1.0652 lr=3.19e-05
2026-07-17 14:25:11,168 [INFO] trainer: epoch 374 done train_loss=1.0520 dt=53.9s
2026-07-17 14:25:31,412 [INFO] trainer: epoch 375 step 50/135 loss=1.0405 lr=3.16e-05
2026-07-17 14:25:50,971 [INFO] trainer: epoch 375 step 100/135 loss=1.0278 lr=3.14e-05
2026-07-17 14:26:04,622 [INFO] trainer: epoch 375 done train_loss=1.0491 dt=53.5s
2026-07-17 14:29:38,512 [INFO] trainer: epoch 375 val_mean_dice=0.7905
2026-07-17 14:30:00,525 [INFO] trainer: epoch 376 step 50/135 loss=1.0345 lr=3.11e-05
2026-07-17 14:30:20,081 [INFO] trainer: epoch 376 step 100/135 loss=1.1000 lr=3.09e-05
2026-07-17 14:30:33,732 [INFO] trainer: epoch 376 done train_loss=1.0738 dt=53.7s
2026-07-17 14:30:54,224 [INFO] trainer: epoch 377 step 50/135 loss=1.0713 lr=3.07e-05
2026-07-17 14:31:13,797 [INFO] trainer: epoch 377 step 100/135 loss=1.0837 lr=3.05e-05
2026-07-17 14:31:27,467 [INFO] trainer: epoch 377 done train_loss=1.0791 dt=53.7s
2026-07-17 14:31:47,991 [INFO] trainer: epoch 378 step 50/135 loss=1.0833 lr=3.02e-05
2026-07-17 14:32:07,627 [INFO] trainer: epoch 378 step 100/135 loss=1.0821 lr=3.00e-05
2026-07-17 14:32:21,291 [INFO] trainer: epoch 378 done train_loss=1.0697 dt=53.8s
2026-07-17 14:32:41,996 [INFO] trainer: epoch 379 step 50/135 loss=1.0520 lr=2.98e-05
2026-07-17 14:33:02,071 [INFO] trainer: epoch 379 step 100/135 loss=1.0502 lr=2.96e-05
2026-07-17 14:33:15,745 [INFO] trainer: epoch 379 done train_loss=1.0526 dt=54.5s
2026-07-17 14:33:36,216 [INFO] trainer: epoch 380 step 50/135 loss=1.0634 lr=2.93e-05
2026-07-17 14:33:55,783 [INFO] trainer: epoch 380 step 100/135 loss=1.0687 lr=2.91e-05
2026-07-17 14:34:09,476 [INFO] trainer: epoch 380 done train_loss=1.0618 dt=53.7s
2026-07-17 14:34:31,275 [INFO] trainer: epoch 381 step 50/135 loss=1.0639 lr=2.89e-05
2026-07-17 14:34:50,812 [INFO] trainer: epoch 381 step 100/135 loss=1.0627 lr=2.87e-05
2026-07-17 14:35:04,502 [INFO] trainer: epoch 381 done train_loss=1.0676 dt=53.6s
2026-07-17 14:35:24,956 [INFO] trainer: epoch 382 step 50/135 loss=1.0689 lr=2.84e-05
2026-07-17 14:35:44,486 [INFO] trainer: epoch 382 step 100/135 loss=1.0785 lr=2.83e-05
2026-07-17 14:35:58,107 [INFO] trainer: epoch 382 done train_loss=1.0753 dt=53.6s
2026-07-17 14:36:18,518 [INFO] trainer: epoch 383 step 50/135 loss=1.0655 lr=2.80e-05
2026-07-17 14:36:39,405 [INFO] trainer: epoch 383 step 100/135 loss=1.0584 lr=2.78e-05
2026-07-17 14:36:53,071 [INFO] trainer: epoch 383 done train_loss=1.0562 dt=55.0s
2026-07-17 14:37:13,866 [INFO] trainer: epoch 384 step 50/135 loss=1.0566 lr=2.75e-05
2026-07-17 14:37:33,420 [INFO] trainer: epoch 384 step 100/135 loss=1.0622 lr=2.74e-05
2026-07-17 14:37:47,101 [INFO] trainer: epoch 384 done train_loss=1.0645 dt=54.0s
2026-07-17 14:38:07,593 [INFO] trainer: epoch 385 step 50/135 loss=1.0647 lr=2.71e-05
2026-07-17 14:38:27,154 [INFO] trainer: epoch 385 step 100/135 loss=1.0658 lr=2.70e-05
2026-07-17 14:38:40,825 [INFO] trainer: epoch 385 done train_loss=1.0708 dt=53.7s
2026-07-17 14:39:01,200 [INFO] trainer: epoch 386 step 50/135 loss=1.0774 lr=2.67e-05
2026-07-17 14:39:20,796 [INFO] trainer: epoch 386 step 100/135 loss=1.0526 lr=2.65e-05
2026-07-17 14:39:34,447 [INFO] trainer: epoch 386 done train_loss=1.0585 dt=53.6s
2026-07-17 14:39:54,852 [INFO] trainer: epoch 387 step 50/135 loss=1.0757 lr=2.63e-05
2026-07-17 14:40:14,438 [INFO] trainer: epoch 387 step 100/135 loss=1.0072 lr=2.61e-05
2026-07-17 14:40:28,094 [INFO] trainer: epoch 387 done train_loss=1.0562 dt=53.6s
2026-07-17 14:40:48,508 [INFO] trainer: epoch 388 step 50/135 loss=1.0583 lr=2.58e-05
2026-07-17 14:41:08,089 [INFO] trainer: epoch 388 step 100/135 loss=1.0754 lr=2.57e-05
2026-07-17 14:41:21,775 [INFO] trainer: epoch 388 done train_loss=1.0620 dt=53.7s
2026-07-17 14:41:42,213 [INFO] trainer: epoch 389 step 50/135 loss=1.0794 lr=2.54e-05
2026-07-17 14:42:01,772 [INFO] trainer: epoch 389 step 100/135 loss=1.0313 lr=2.53e-05
2026-07-17 14:42:15,455 [INFO] trainer: epoch 389 done train_loss=1.0521 dt=53.7s
2026-07-17 14:42:35,755 [INFO] trainer: epoch 390 step 50/135 loss=1.0653 lr=2.50e-05
2026-07-17 14:42:55,270 [INFO] trainer: epoch 390 step 100/135 loss=1.0767 lr=2.48e-05
2026-07-17 14:43:08,907 [INFO] trainer: epoch 390 done train_loss=1.0598 dt=53.5s
2026-07-17 14:43:30,678 [INFO] trainer: epoch 391 step 50/135 loss=1.0677 lr=2.46e-05
2026-07-17 14:43:50,219 [INFO] trainer: epoch 391 step 100/135 loss=1.0675 lr=2.44e-05
2026-07-17 14:44:03,867 [INFO] trainer: epoch 391 done train_loss=1.0524 dt=53.5s
2026-07-17 14:44:24,393 [INFO] trainer: epoch 392 step 50/135 loss=1.0373 lr=2.42e-05
2026-07-17 14:44:43,959 [INFO] trainer: epoch 392 step 100/135 loss=1.0484 lr=2.40e-05
2026-07-17 14:44:57,623 [INFO] trainer: epoch 392 done train_loss=1.0520 dt=53.8s
2026-07-17 14:45:18,222 [INFO] trainer: epoch 393 step 50/135 loss=1.1043 lr=2.38e-05
2026-07-17 14:45:37,738 [INFO] trainer: epoch 393 step 100/135 loss=1.0677 lr=2.36e-05
2026-07-17 14:45:51,352 [INFO] trainer: epoch 393 done train_loss=1.0782 dt=53.7s
2026-07-17 14:46:11,632 [INFO] trainer: epoch 394 step 50/135 loss=1.0551 lr=2.34e-05
2026-07-17 14:46:31,171 [INFO] trainer: epoch 394 step 100/135 loss=1.0272 lr=2.32e-05
2026-07-17 14:46:44,844 [INFO] trainer: epoch 394 done train_loss=1.0514 dt=53.5s
2026-07-17 14:47:05,129 [INFO] trainer: epoch 395 step 50/135 loss=1.0544 lr=2.30e-05
2026-07-17 14:47:24,704 [INFO] trainer: epoch 395 step 100/135 loss=1.0423 lr=2.28e-05
2026-07-17 14:47:38,354 [INFO] trainer: epoch 395 done train_loss=1.0527 dt=53.5s
2026-07-17 14:47:59,016 [INFO] trainer: epoch 396 step 50/135 loss=1.0818 lr=2.26e-05
2026-07-17 14:48:18,586 [INFO] trainer: epoch 396 step 100/135 loss=1.0682 lr=2.24e-05
2026-07-17 14:48:32,256 [INFO] trainer: epoch 396 done train_loss=1.0713 dt=53.9s
2026-07-17 14:48:52,683 [INFO] trainer: epoch 397 step 50/135 loss=1.0666 lr=2.22e-05
2026-07-17 14:49:12,252 [INFO] trainer: epoch 397 step 100/135 loss=1.0357 lr=2.20e-05
2026-07-17 14:49:25,927 [INFO] trainer: epoch 397 done train_loss=1.0618 dt=53.7s
2026-07-17 14:49:46,318 [INFO] trainer: epoch 398 step 50/135 loss=1.0891 lr=2.18e-05
2026-07-17 14:50:05,856 [INFO] trainer: epoch 398 step 100/135 loss=1.0710 lr=2.16e-05
2026-07-17 14:50:19,513 [INFO] trainer: epoch 398 done train_loss=1.0689 dt=53.6s
2026-07-17 14:50:39,692 [INFO] trainer: epoch 399 step 50/135 loss=1.0480 lr=2.14e-05
2026-07-17 14:50:59,255 [INFO] trainer: epoch 399 step 100/135 loss=1.0515 lr=2.12e-05
2026-07-17 14:51:12,914 [INFO] trainer: epoch 399 done train_loss=1.0640 dt=53.4s
2026-07-17 14:51:33,238 [INFO] trainer: epoch 400 step 50/135 loss=1.0800 lr=2.10e-05
2026-07-17 14:51:52,804 [INFO] trainer: epoch 400 step 100/135 loss=1.0697 lr=2.09e-05
2026-07-17 14:52:06,468 [INFO] trainer: epoch 400 done train_loss=1.0648 dt=53.6s
2026-07-17 14:55:40,453 [INFO] trainer: epoch 400 val_mean_dice=0.7903
2026-07-17 14:56:02,066 [INFO] trainer: epoch 401 step 50/135 loss=1.0073 lr=2.06e-05
2026-07-17 14:56:21,638 [INFO] trainer: epoch 401 step 100/135 loss=1.0142 lr=2.05e-05
2026-07-17 14:56:35,310 [INFO] trainer: epoch 401 done train_loss=1.0147 dt=53.5s
2026-07-17 14:56:55,952 [INFO] trainer: epoch 402 step 50/135 loss=1.0618 lr=2.02e-05
2026-07-17 14:57:15,503 [INFO] trainer: epoch 402 step 100/135 loss=1.0712 lr=2.01e-05
2026-07-17 14:57:29,174 [INFO] trainer: epoch 402 done train_loss=1.0631 dt=53.9s
2026-07-17 14:57:49,616 [INFO] trainer: epoch 403 step 50/135 loss=1.0196 lr=1.99e-05
2026-07-17 14:58:09,193 [INFO] trainer: epoch 403 step 100/135 loss=1.0376 lr=1.97e-05
2026-07-17 14:58:22,867 [INFO] trainer: epoch 403 done train_loss=1.0435 dt=53.7s
2026-07-17 14:58:43,225 [INFO] trainer: epoch 404 step 50/135 loss=1.0830 lr=1.95e-05
2026-07-17 14:59:02,799 [INFO] trainer: epoch 404 step 100/135 loss=1.0660 lr=1.94e-05
2026-07-17 14:59:16,488 [INFO] trainer: epoch 404 done train_loss=1.0721 dt=53.6s
2026-07-17 14:59:36,907 [INFO] trainer: epoch 405 step 50/135 loss=1.0386 lr=1.91e-05
2026-07-17 14:59:56,531 [INFO] trainer: epoch 405 step 100/135 loss=1.0187 lr=1.90e-05
2026-07-17 15:00:10,216 [INFO] trainer: epoch 405 done train_loss=1.0373 dt=53.7s
2026-07-17 15:00:30,596 [INFO] trainer: epoch 406 step 50/135 loss=1.0338 lr=1.88e-05
2026-07-17 15:00:50,299 [INFO] trainer: epoch 406 step 100/135 loss=1.0578 lr=1.86e-05
2026-07-17 15:01:03,967 [INFO] trainer: epoch 406 done train_loss=1.0557 dt=53.8s
2026-07-17 15:01:24,495 [INFO] trainer: epoch 407 step 50/135 loss=1.0149 lr=1.84e-05
2026-07-17 15:01:44,095 [INFO] trainer: epoch 407 step 100/135 loss=1.0400 lr=1.83e-05
2026-07-17 15:01:57,774 [INFO] trainer: epoch 407 done train_loss=1.0382 dt=53.8s
2026-07-17 15:02:18,216 [INFO] trainer: epoch 408 step 50/135 loss=1.0775 lr=1.80e-05
2026-07-17 15:02:37,784 [INFO] trainer: epoch 408 step 100/135 loss=1.0408 lr=1.79e-05
2026-07-17 15:02:51,437 [INFO] trainer: epoch 408 done train_loss=1.0607 dt=53.7s
2026-07-17 15:03:11,711 [INFO] trainer: epoch 409 step 50/135 loss=1.0562 lr=1.77e-05
2026-07-17 15:03:31,279 [INFO] trainer: epoch 409 step 100/135 loss=1.0619 lr=1.76e-05
2026-07-17 15:03:45,147 [INFO] trainer: epoch 409 done train_loss=1.0586 dt=53.7s
2026-07-17 15:04:05,498 [INFO] trainer: epoch 410 step 50/135 loss=1.0337 lr=1.73e-05
2026-07-17 15:04:25,062 [INFO] trainer: epoch 410 step 100/135 loss=1.0322 lr=1.72e-05
2026-07-17 15:04:38,733 [INFO] trainer: epoch 410 done train_loss=1.0378 dt=53.6s
2026-07-17 15:05:00,618 [INFO] trainer: epoch 411 step 50/135 loss=1.0850 lr=1.70e-05
2026-07-17 15:05:20,076 [INFO] trainer: epoch 411 step 100/135 loss=1.0435 lr=1.69e-05
2026-07-17 15:05:33,659 [INFO] trainer: epoch 411 done train_loss=1.0535 dt=53.4s
2026-07-17 15:05:53,901 [INFO] trainer: epoch 412 step 50/135 loss=1.0654 lr=1.66e-05
2026-07-17 15:06:13,446 [INFO] trainer: epoch 412 step 100/135 loss=1.0446 lr=1.65e-05
2026-07-17 15:06:27,090 [INFO] trainer: epoch 412 done train_loss=1.0487 dt=53.4s
2026-07-17 15:06:47,291 [INFO] trainer: epoch 413 step 50/135 loss=1.0119 lr=1.63e-05
2026-07-17 15:07:06,829 [INFO] trainer: epoch 413 step 100/135 loss=1.0241 lr=1.62e-05
2026-07-17 15:07:20,474 [INFO] trainer: epoch 413 done train_loss=1.0250 dt=53.4s
2026-07-17 15:07:40,840 [INFO] trainer: epoch 414 step 50/135 loss=1.0403 lr=1.60e-05
2026-07-17 15:08:00,403 [INFO] trainer: epoch 414 step 100/135 loss=1.0501 lr=1.58e-05
2026-07-17 15:08:14,045 [INFO] trainer: epoch 414 done train_loss=1.0382 dt=53.6s
2026-07-17 15:08:34,282 [INFO] trainer: epoch 415 step 50/135 loss=1.0764 lr=1.56e-05
2026-07-17 15:09:05,656 [INFO] trainer: epoch 415 step 100/135 loss=1.0388 lr=1.55e-05
2026-07-17 15:09:19,300 [INFO] trainer: epoch 415 done train_loss=1.0475 dt=65.3s
2026-07-17 15:09:39,514 [INFO] trainer: epoch 416 step 50/135 loss=1.0368 lr=1.53e-05
2026-07-17 15:09:59,072 [INFO] trainer: epoch 416 step 100/135 loss=1.0373 lr=1.52e-05
2026-07-17 15:10:12,691 [INFO] trainer: epoch 416 done train_loss=1.0281 dt=53.4s
2026-07-17 15:10:33,132 [INFO] trainer: epoch 417 step 50/135 loss=1.0923 lr=1.50e-05
2026-07-17 15:10:52,695 [INFO] trainer: epoch 417 step 100/135 loss=1.0650 lr=1.48e-05
2026-07-17 15:11:06,337 [INFO] trainer: epoch 417 done train_loss=1.0584 dt=53.6s
2026-07-17 15:11:26,740 [INFO] trainer: epoch 418 step 50/135 loss=1.0749 lr=1.46e-05
2026-07-17 15:11:46,260 [INFO] trainer: epoch 418 step 100/135 loss=1.0725 lr=1.45e-05
2026-07-17 15:11:59,937 [INFO] trainer: epoch 418 done train_loss=1.0616 dt=53.6s
2026-07-17 15:12:20,365 [INFO] trainer: epoch 419 step 50/135 loss=1.0584 lr=1.43e-05
2026-07-17 15:12:39,924 [INFO] trainer: epoch 419 step 100/135 loss=1.0645 lr=1.42e-05
2026-07-17 15:12:53,603 [INFO] trainer: epoch 419 done train_loss=1.0556 dt=53.7s
2026-07-17 15:13:13,935 [INFO] trainer: epoch 420 step 50/135 loss=1.0656 lr=1.40e-05
2026-07-17 15:13:33,470 [INFO] trainer: epoch 420 step 100/135 loss=1.0400 lr=1.39e-05
2026-07-17 15:13:47,112 [INFO] trainer: epoch 420 done train_loss=1.0613 dt=53.5s
2026-07-17 15:14:08,812 [INFO] trainer: epoch 421 step 50/135 loss=1.0204 lr=1.37e-05
2026-07-17 15:14:28,344 [INFO] trainer: epoch 421 step 100/135 loss=1.0550 lr=1.36e-05
2026-07-17 15:14:41,941 [INFO] trainer: epoch 421 done train_loss=1.0497 dt=53.4s
2026-07-17 15:15:02,336 [INFO] trainer: epoch 422 step 50/135 loss=1.0695 lr=1.34e-05
2026-07-17 15:15:21,830 [INFO] trainer: epoch 422 step 100/135 loss=1.0402 lr=1.33e-05
2026-07-17 15:15:35,495 [INFO] trainer: epoch 422 done train_loss=1.0506 dt=53.6s
2026-07-17 15:15:55,971 [INFO] trainer: epoch 423 step 50/135 loss=1.0374 lr=1.31e-05
2026-07-17 15:16:15,499 [INFO] trainer: epoch 423 step 100/135 loss=1.0441 lr=1.30e-05
2026-07-17 15:16:29,151 [INFO] trainer: epoch 423 done train_loss=1.0358 dt=53.7s
2026-07-17 15:16:49,271 [INFO] trainer: epoch 424 step 50/135 loss=1.0405 lr=1.28e-05
2026-07-17 15:17:08,838 [INFO] trainer: epoch 424 step 100/135 loss=1.0106 lr=1.27e-05
2026-07-17 15:17:22,495 [INFO] trainer: epoch 424 done train_loss=1.0317 dt=53.3s
2026-07-17 15:17:42,805 [INFO] trainer: epoch 425 step 50/135 loss=1.0203 lr=1.25e-05
2026-07-17 15:18:02,381 [INFO] trainer: epoch 425 step 100/135 loss=1.0550 lr=1.24e-05
2026-07-17 15:18:16,017 [INFO] trainer: epoch 425 done train_loss=1.0434 dt=53.5s
2026-07-17 15:21:50,247 [INFO] trainer: epoch 425 val_mean_dice=0.7897
2026-07-17 15:22:10,838 [INFO] trainer: epoch 426 step 50/135 loss=1.0849 lr=1.22e-05
2026-07-17 15:22:30,383 [INFO] trainer: epoch 426 step 100/135 loss=1.0253 lr=1.21e-05
2026-07-17 15:22:44,035 [INFO] trainer: epoch 426 done train_loss=1.0708 dt=53.8s
2026-07-17 15:23:04,435 [INFO] trainer: epoch 427 step 50/135 loss=1.0514 lr=1.19e-05
2026-07-17 15:23:24,032 [INFO] trainer: epoch 427 step 100/135 loss=1.0483 lr=1.18e-05
2026-07-17 15:23:37,682 [INFO] trainer: epoch 427 done train_loss=1.0509 dt=53.6s
2026-07-17 15:23:57,912 [INFO] trainer: epoch 428 step 50/135 loss=1.0488 lr=1.16e-05
2026-07-17 15:24:17,473 [INFO] trainer: epoch 428 step 100/135 loss=1.0308 lr=1.15e-05
2026-07-17 15:24:31,080 [INFO] trainer: epoch 428 done train_loss=1.0345 dt=53.4s
2026-07-17 15:24:51,318 [INFO] trainer: epoch 429 step 50/135 loss=1.0525 lr=1.13e-05
2026-07-17 15:25:10,843 [INFO] trainer: epoch 429 step 100/135 loss=1.0383 lr=1.12e-05
2026-07-17 15:25:24,486 [INFO] trainer: epoch 429 done train_loss=1.0496 dt=53.4s
2026-07-17 15:25:44,800 [INFO] trainer: epoch 430 step 50/135 loss=1.0471 lr=1.10e-05
2026-07-17 15:26:04,304 [INFO] trainer: epoch 430 step 100/135 loss=1.0998 lr=1.09e-05
2026-07-17 15:26:18,676 [INFO] trainer: epoch 430 done train_loss=1.0667 dt=54.2s
2026-07-17 15:26:40,334 [INFO] trainer: epoch 431 step 50/135 loss=1.0638 lr=1.08e-05
2026-07-17 15:26:59,831 [INFO] trainer: epoch 431 step 100/135 loss=1.0335 lr=1.07e-05
2026-07-17 15:27:13,482 [INFO] trainer: epoch 431 done train_loss=1.0508 dt=53.5s
2026-07-17 15:27:33,657 [INFO] trainer: epoch 432 step 50/135 loss=1.0309 lr=1.05e-05
2026-07-17 15:27:53,186 [INFO] trainer: epoch 432 step 100/135 loss=1.0397 lr=1.04e-05
2026-07-17 15:28:06,830 [INFO] trainer: epoch 432 done train_loss=1.0377 dt=53.3s
2026-07-17 15:28:27,160 [INFO] trainer: epoch 433 step 50/135 loss=1.0226 lr=1.02e-05
2026-07-17 15:28:46,685 [INFO] trainer: epoch 433 step 100/135 loss=1.0733 lr=1.01e-05
2026-07-17 15:29:00,314 [INFO] trainer: epoch 433 done train_loss=1.0393 dt=53.5s
2026-07-17 15:29:20,792 [INFO] trainer: epoch 434 step 50/135 loss=1.0171 lr=9.94e-06
2026-07-17 15:29:40,330 [INFO] trainer: epoch 434 step 100/135 loss=1.0765 lr=9.85e-06
2026-07-17 15:29:53,979 [INFO] trainer: epoch 434 done train_loss=1.0412 dt=53.7s
2026-07-17 15:30:14,167 [INFO] trainer: epoch 435 step 50/135 loss=1.0391 lr=9.68e-06
2026-07-17 15:30:33,714 [INFO] trainer: epoch 435 step 100/135 loss=1.0397 lr=9.58e-06
2026-07-17 15:30:47,364 [INFO] trainer: epoch 435 done train_loss=1.0465 dt=53.4s
2026-07-17 15:31:07,615 [INFO] trainer: epoch 436 step 50/135 loss=1.0156 lr=9.42e-06
2026-07-17 15:31:27,158 [INFO] trainer: epoch 436 step 100/135 loss=1.0632 lr=9.33e-06
2026-07-17 15:31:40,791 [INFO] trainer: epoch 436 done train_loss=1.0447 dt=53.4s
2026-07-17 15:32:01,048 [INFO] trainer: epoch 437 step 50/135 loss=1.0326 lr=9.17e-06
2026-07-17 15:32:20,566 [INFO] trainer: epoch 437 step 100/135 loss=1.0180 lr=9.07e-06
2026-07-17 15:32:34,182 [INFO] trainer: epoch 437 done train_loss=1.0292 dt=53.4s
2026-07-17 15:32:54,497 [INFO] trainer: epoch 438 step 50/135 loss=1.0491 lr=8.92e-06
2026-07-17 15:33:13,992 [INFO] trainer: epoch 438 step 100/135 loss=1.0484 lr=8.82e-06
2026-07-17 15:33:27,649 [INFO] trainer: epoch 438 done train_loss=1.0469 dt=53.5s
2026-07-17 15:33:47,872 [INFO] trainer: epoch 439 step 50/135 loss=1.0145 lr=8.67e-06
2026-07-17 15:34:07,359 [INFO] trainer: epoch 439 step 100/135 loss=1.0536 lr=8.58e-06
2026-07-17 15:34:20,991 [INFO] trainer: epoch 439 done train_loss=1.0419 dt=53.3s
2026-07-17 15:34:41,190 [INFO] trainer: epoch 440 step 50/135 loss=1.0435 lr=8.42e-06
2026-07-17 15:35:00,736 [INFO] trainer: epoch 440 step 100/135 loss=1.0155 lr=8.34e-06
2026-07-17 15:35:14,396 [INFO] trainer: epoch 440 done train_loss=1.0377 dt=53.4s
2026-07-17 15:35:36,143 [INFO] trainer: epoch 441 step 50/135 loss=1.0459 lr=8.18e-06
2026-07-17 15:35:55,681 [INFO] trainer: epoch 441 step 100/135 loss=1.0359 lr=8.10e-06
2026-07-17 15:36:09,333 [INFO] trainer: epoch 441 done train_loss=1.0451 dt=53.6s
2026-07-17 15:36:29,732 [INFO] trainer: epoch 442 step 50/135 loss=1.0581 lr=7.95e-06
2026-07-17 15:36:49,264 [INFO] trainer: epoch 442 step 100/135 loss=0.9913 lr=7.86e-06
2026-07-17 15:37:02,891 [INFO] trainer: epoch 442 done train_loss=1.0435 dt=53.6s
2026-07-17 15:37:23,262 [INFO] trainer: epoch 443 step 50/135 loss=1.0064 lr=7.72e-06
2026-07-17 15:37:42,832 [INFO] trainer: epoch 443 step 100/135 loss=1.0497 lr=7.63e-06
2026-07-17 15:37:56,590 [INFO] trainer: epoch 443 done train_loss=1.0251 dt=53.7s
2026-07-17 15:38:17,013 [INFO] trainer: epoch 444 step 50/135 loss=1.0250 lr=7.49e-06
2026-07-17 15:38:36,661 [INFO] trainer: epoch 444 step 100/135 loss=1.0395 lr=7.40e-06
2026-07-17 15:38:50,350 [INFO] trainer: epoch 444 done train_loss=1.0286 dt=53.8s
2026-07-17 15:39:10,894 [INFO] trainer: epoch 445 step 50/135 loss=1.0109 lr=7.26e-06
2026-07-17 15:39:30,516 [INFO] trainer: epoch 445 step 100/135 loss=1.0658 lr=7.18e-06
2026-07-17 15:39:44,214 [INFO] trainer: epoch 445 done train_loss=1.0497 dt=53.9s
2026-07-17 15:40:04,689 [INFO] trainer: epoch 446 step 50/135 loss=1.0632 lr=7.04e-06
2026-07-17 15:40:24,283 [INFO] trainer: epoch 446 step 100/135 loss=1.0335 lr=6.96e-06
2026-07-17 15:40:37,990 [INFO] trainer: epoch 446 done train_loss=1.0384 dt=53.8s
2026-07-17 15:40:58,373 [INFO] trainer: epoch 447 step 50/135 loss=1.0440 lr=6.82e-06
2026-07-17 15:41:17,960 [INFO] trainer: epoch 447 step 100/135 loss=1.0443 lr=6.75e-06
2026-07-17 15:41:31,671 [INFO] trainer: epoch 447 done train_loss=1.0521 dt=53.7s
2026-07-17 15:41:52,049 [INFO] trainer: epoch 448 step 50/135 loss=1.0142 lr=6.61e-06
2026-07-17 15:42:11,593 [INFO] trainer: epoch 448 step 100/135 loss=1.0518 lr=6.53e-06
2026-07-17 15:42:25,296 [INFO] trainer: epoch 448 done train_loss=1.0249 dt=53.6s
2026-07-17 15:42:45,707 [INFO] trainer: epoch 449 step 50/135 loss=1.0353 lr=6.40e-06
2026-07-17 15:43:05,332 [INFO] trainer: epoch 449 step 100/135 loss=1.0798 lr=6.33e-06
2026-07-17 15:43:19,016 [INFO] trainer: epoch 449 done train_loss=1.0567 dt=53.7s
2026-07-17 15:43:39,344 [INFO] trainer: epoch 450 step 50/135 loss=1.0148 lr=6.20e-06
2026-07-17 15:43:58,854 [INFO] trainer: epoch 450 step 100/135 loss=1.0476 lr=6.12e-06
2026-07-17 15:44:12,508 [INFO] trainer: epoch 450 done train_loss=1.0288 dt=53.5s
2026-07-17 15:47:47,346 [INFO] trainer: epoch 450 val_mean_dice=0.7904
2026-07-17 15:48:09,261 [INFO] trainer: epoch 451 step 50/135 loss=1.0541 lr=6.00e-06
2026-07-17 15:48:28,851 [INFO] trainer: epoch 451 step 100/135 loss=1.0537 lr=5.92e-06
2026-07-17 15:48:42,571 [INFO] trainer: epoch 451 done train_loss=1.0464 dt=53.7s
2026-07-17 15:49:03,104 [INFO] trainer: epoch 452 step 50/135 loss=1.0555 lr=5.80e-06
2026-07-17 15:49:22,708 [INFO] trainer: epoch 452 step 100/135 loss=1.0477 lr=5.73e-06
2026-07-17 15:49:36,420 [INFO] trainer: epoch 452 done train_loss=1.0475 dt=53.8s
2026-07-17 15:49:57,147 [INFO] trainer: epoch 453 step 50/135 loss=1.0400 lr=5.60e-06
2026-07-17 15:50:16,747 [INFO] trainer: epoch 453 step 100/135 loss=0.9951 lr=5.53e-06
2026-07-17 15:50:30,519 [INFO] trainer: epoch 453 done train_loss=1.0308 dt=54.1s
2026-07-17 15:50:50,906 [INFO] trainer: epoch 454 step 50/135 loss=1.0290 lr=5.41e-06
2026-07-17 15:51:10,511 [INFO] trainer: epoch 454 step 100/135 loss=1.0703 lr=5.35e-06
2026-07-17 15:51:24,190 [INFO] trainer: epoch 454 done train_loss=1.0481 dt=53.7s
2026-07-17 15:51:44,689 [INFO] trainer: epoch 455 step 50/135 loss=1.0472 lr=5.23e-06
2026-07-17 15:52:04,253 [INFO] trainer: epoch 455 step 100/135 loss=1.0289 lr=5.16e-06
2026-07-17 15:52:17,928 [INFO] trainer: epoch 455 done train_loss=1.0528 dt=53.7s
2026-07-17 15:52:38,245 [INFO] trainer: epoch 456 step 50/135 loss=1.0896 lr=5.05e-06
