2026-07-16 21:24:38,656 [INFO] train: ========================================================================
2026-07-16 21:24:38,657 [INFO] train: model=ctfm config=configs/lowshot/ls_ctfm_frz_pt_f025.yaml
2026-07-16 21:24:38,657 [INFO] train: output=/scratch/lskrlj/runs/ls_ctfm_frz_pt_f025 device=cuda (NVIDIA A100-SXM4-40GB)
2026-07-16 21:24:38,657 [INFO] train: epochs=500 batch_size=2 grad_accum=2 eff_batch=4 lr=0.0002 amp=True
2026-07-16 21:24:38,657 [INFO] train: ========================================================================
2026-07-16 21:24:38,659 [INFO] train: splits: train=1082 val=57 classes=117
2026-07-16 21:24:38,659 [INFO] train: low-shot: train_fraction=0.2500 seed=1234 -> 270/1082 train cases
2026-07-16 21:25:22,115 [INFO] train: disk cache: /scratch/lskrlj/cache/TotalSeg/833d9d046402 (fingerprint=833d9d046402)
2026-07-16 21:28:22,282 [INFO] train: model ctfm, trainable params: 9025240 / 86786232 total (freeze_backbone=True)
2026-07-16 21:29:02,382 [WARNING] trainer: --resume set but no checkpoint found in /scratch/lskrlj/runs/ls_ctfm_frz_pt_f025; starting fresh
2026-07-16 21:29:02,383 [INFO] trainer: start: epochs 1-500/500 device=cuda amp=bf16 train_batches=135 val_batches=57
2026-07-16 21:29:44,077 [INFO] trainer: epoch 1 step 50/135 loss=10.9170 lr=7.35e-06
2026-07-16 21:30:07,119 [INFO] trainer: epoch 1 step 100/135 loss=10.6653 lr=1.47e-05
2026-07-16 21:30:14,073 [INFO] trainer: epoch 1 done train_loss=10.6408 dt=71.7s
2026-07-16 21:30:24,922 [INFO] trainer: epoch 2 step 50/135 loss=9.6435 lr=2.74e-05
2026-07-16 21:30:34,839 [INFO] trainer: epoch 2 step 100/135 loss=8.9741 lr=3.47e-05
2026-07-16 21:30:41,771 [INFO] trainer: epoch 2 done train_loss=9.0956 dt=27.7s
2026-07-16 21:30:52,608 [INFO] trainer: epoch 3 step 50/135 loss=8.1261 lr=4.74e-05
2026-07-16 21:31:02,513 [INFO] trainer: epoch 3 step 100/135 loss=7.6639 lr=5.47e-05
2026-07-16 21:31:09,450 [INFO] trainer: epoch 3 done train_loss=7.7775 dt=27.7s
2026-07-16 21:31:20,292 [INFO] trainer: epoch 4 step 50/135 loss=7.0912 lr=6.74e-05
2026-07-16 21:31:30,259 [INFO] trainer: epoch 4 step 100/135 loss=6.7349 lr=7.47e-05
2026-07-16 21:31:37,214 [INFO] trainer: epoch 4 done train_loss=6.8182 dt=27.8s
2026-07-16 21:31:47,967 [INFO] trainer: epoch 5 step 50/135 loss=6.2855 lr=8.74e-05
2026-07-16 21:31:57,896 [INFO] trainer: epoch 5 step 100/135 loss=6.0055 lr=9.47e-05
2026-07-16 21:32:04,805 [INFO] trainer: epoch 5 done train_loss=6.0685 dt=27.6s
2026-07-16 21:32:15,786 [INFO] trainer: epoch 6 step 50/135 loss=5.6279 lr=1.07e-04
2026-07-16 21:32:25,721 [INFO] trainer: epoch 6 step 100/135 loss=5.4314 lr=1.15e-04
2026-07-16 21:32:32,649 [INFO] trainer: epoch 6 done train_loss=5.4751 dt=27.8s
2026-07-16 21:32:43,452 [INFO] trainer: epoch 7 step 50/135 loss=5.1270 lr=1.27e-04
2026-07-16 21:32:53,411 [INFO] trainer: epoch 7 step 100/135 loss=4.9478 lr=1.35e-04
2026-07-16 21:33:00,361 [INFO] trainer: epoch 7 done train_loss=4.9721 dt=27.7s
2026-07-16 21:33:11,384 [INFO] trainer: epoch 8 step 50/135 loss=4.6010 lr=1.47e-04
2026-07-16 21:33:21,313 [INFO] trainer: epoch 8 step 100/135 loss=4.5127 lr=1.55e-04
2026-07-16 21:33:28,261 [INFO] trainer: epoch 8 done train_loss=4.5198 dt=27.9s
2026-07-16 21:33:39,341 [INFO] trainer: epoch 9 step 50/135 loss=4.2646 lr=1.67e-04
2026-07-16 21:33:49,315 [INFO] trainer: epoch 9 step 100/135 loss=4.1663 lr=1.75e-04
2026-07-16 21:33:56,252 [INFO] trainer: epoch 9 done train_loss=4.1703 dt=28.0s
2026-07-16 21:34:07,207 [INFO] trainer: epoch 10 step 50/135 loss=3.9122 lr=1.87e-04
2026-07-16 21:34:17,160 [INFO] trainer: epoch 10 step 100/135 loss=3.8165 lr=1.95e-04
2026-07-16 21:34:24,095 [INFO] trainer: epoch 10 done train_loss=3.8241 dt=27.8s
2026-07-16 21:34:35,580 [INFO] trainer: epoch 11 step 50/135 loss=3.6744 lr=2.00e-04
2026-07-16 21:34:45,534 [INFO] trainer: epoch 11 step 100/135 loss=3.5566 lr=2.00e-04
2026-07-16 21:34:52,506 [INFO] trainer: epoch 11 done train_loss=3.5601 dt=27.8s
2026-07-16 21:35:03,393 [INFO] trainer: epoch 12 step 50/135 loss=3.3756 lr=2.00e-04
2026-07-16 21:35:13,293 [INFO] trainer: epoch 12 step 100/135 loss=3.2641 lr=2.00e-04
2026-07-16 21:35:20,228 [INFO] trainer: epoch 12 done train_loss=3.2831 dt=27.7s
2026-07-16 21:35:31,121 [INFO] trainer: epoch 13 step 50/135 loss=3.1679 lr=2.00e-04
2026-07-16 21:35:41,029 [INFO] trainer: epoch 13 step 100/135 loss=3.1023 lr=2.00e-04
2026-07-16 21:35:47,961 [INFO] trainer: epoch 13 done train_loss=3.1121 dt=27.7s
2026-07-16 21:35:58,986 [INFO] trainer: epoch 14 step 50/135 loss=3.0047 lr=2.00e-04
2026-07-16 21:36:08,897 [INFO] trainer: epoch 14 step 100/135 loss=2.9642 lr=2.00e-04
2026-07-16 21:36:15,817 [INFO] trainer: epoch 14 done train_loss=2.9911 dt=27.9s
2026-07-16 21:36:26,599 [INFO] trainer: epoch 15 step 50/135 loss=2.8523 lr=2.00e-04
2026-07-16 21:36:36,528 [INFO] trainer: epoch 15 step 100/135 loss=2.8937 lr=2.00e-04
2026-07-16 21:36:43,448 [INFO] trainer: epoch 15 done train_loss=2.8696 dt=27.6s
2026-07-16 21:36:54,252 [INFO] trainer: epoch 16 step 50/135 loss=2.7514 lr=2.00e-04
2026-07-16 21:37:04,194 [INFO] trainer: epoch 16 step 100/135 loss=2.7653 lr=2.00e-04
2026-07-16 21:37:11,102 [INFO] trainer: epoch 16 done train_loss=2.7579 dt=27.7s
2026-07-16 21:37:21,921 [INFO] trainer: epoch 17 step 50/135 loss=2.7800 lr=2.00e-04
2026-07-16 21:37:31,877 [INFO] trainer: epoch 17 step 100/135 loss=2.7179 lr=2.00e-04
2026-07-16 21:37:38,810 [INFO] trainer: epoch 17 done train_loss=2.7311 dt=27.7s
2026-07-16 21:37:49,581 [INFO] trainer: epoch 18 step 50/135 loss=2.6487 lr=2.00e-04
2026-07-16 21:37:59,516 [INFO] trainer: epoch 18 step 100/135 loss=2.6248 lr=2.00e-04
2026-07-16 21:38:06,482 [INFO] trainer: epoch 18 done train_loss=2.6354 dt=27.7s
2026-07-16 21:38:17,396 [INFO] trainer: epoch 19 step 50/135 loss=2.6027 lr=2.00e-04
2026-07-16 21:38:27,322 [INFO] trainer: epoch 19 step 100/135 loss=2.5742 lr=2.00e-04
2026-07-16 21:38:34,271 [INFO] trainer: epoch 19 done train_loss=2.5669 dt=27.8s
2026-07-16 21:38:45,226 [INFO] trainer: epoch 20 step 50/135 loss=2.5274 lr=2.00e-04
2026-07-16 21:38:55,095 [INFO] trainer: epoch 20 step 100/135 loss=2.4671 lr=2.00e-04
2026-07-16 21:39:02,013 [INFO] trainer: epoch 20 done train_loss=2.4995 dt=27.7s
2026-07-16 21:39:13,519 [INFO] trainer: epoch 21 step 50/135 loss=2.3994 lr=2.00e-04
2026-07-16 21:39:23,483 [INFO] trainer: epoch 21 step 100/135 loss=2.4224 lr=2.00e-04
2026-07-16 21:39:30,437 [INFO] trainer: epoch 21 done train_loss=2.4112 dt=27.8s
2026-07-16 21:39:41,407 [INFO] trainer: epoch 22 step 50/135 loss=2.3966 lr=2.00e-04
2026-07-16 21:39:51,373 [INFO] trainer: epoch 22 step 100/135 loss=2.3379 lr=2.00e-04
2026-07-16 21:39:58,316 [INFO] trainer: epoch 22 done train_loss=2.3679 dt=27.9s
2026-07-16 21:40:09,279 [INFO] trainer: epoch 23 step 50/135 loss=2.3553 lr=2.00e-04
2026-07-16 21:40:19,240 [INFO] trainer: epoch 23 step 100/135 loss=2.3020 lr=2.00e-04
2026-07-16 21:40:26,157 [INFO] trainer: epoch 23 done train_loss=2.3135 dt=27.8s
2026-07-16 21:40:36,977 [INFO] trainer: epoch 24 step 50/135 loss=2.2466 lr=2.00e-04
2026-07-16 21:40:46,930 [INFO] trainer: epoch 24 step 100/135 loss=2.2844 lr=2.00e-04
2026-07-16 21:40:53,882 [INFO] trainer: epoch 24 done train_loss=2.2689 dt=27.7s
2026-07-16 21:41:04,707 [INFO] trainer: epoch 25 step 50/135 loss=2.2431 lr=2.00e-04
2026-07-16 21:41:14,659 [INFO] trainer: epoch 25 step 100/135 loss=2.2091 lr=2.00e-04
2026-07-16 21:41:21,589 [INFO] trainer: epoch 25 done train_loss=2.2320 dt=27.7s
2026-07-16 21:42:27,219 [INFO] trainer: epoch 25 val_mean_dice=0.2021
2026-07-16 21:42:38,665 [INFO] trainer: epoch 26 step 50/135 loss=2.1706 lr=2.00e-04
2026-07-16 21:42:48,586 [INFO] trainer: epoch 26 step 100/135 loss=2.1696 lr=1.99e-04
2026-07-16 21:42:55,534 [INFO] trainer: epoch 26 done train_loss=2.1676 dt=27.8s
2026-07-16 21:43:06,625 [INFO] trainer: epoch 27 step 50/135 loss=2.1467 lr=1.99e-04
2026-07-16 21:43:16,523 [INFO] trainer: epoch 27 step 100/135 loss=2.1301 lr=1.99e-04
2026-07-16 21:43:23,473 [INFO] trainer: epoch 27 done train_loss=2.1235 dt=27.9s
2026-07-16 21:43:34,320 [INFO] trainer: epoch 28 step 50/135 loss=2.1320 lr=1.99e-04
2026-07-16 21:43:44,305 [INFO] trainer: epoch 28 step 100/135 loss=2.0657 lr=1.99e-04
2026-07-16 21:43:51,271 [INFO] trainer: epoch 28 done train_loss=2.1050 dt=27.8s
2026-07-16 21:44:02,220 [INFO] trainer: epoch 29 step 50/135 loss=2.0736 lr=1.99e-04
2026-07-16 21:44:12,168 [INFO] trainer: epoch 29 step 100/135 loss=2.0551 lr=1.99e-04
2026-07-16 21:44:19,114 [INFO] trainer: epoch 29 done train_loss=2.0619 dt=27.8s
2026-07-16 21:44:30,080 [INFO] trainer: epoch 30 step 50/135 loss=1.9948 lr=1.99e-04
2026-07-16 21:44:40,037 [INFO] trainer: epoch 30 step 100/135 loss=2.0209 lr=1.99e-04
2026-07-16 21:44:46,999 [INFO] trainer: epoch 30 done train_loss=2.0186 dt=27.9s
2026-07-16 21:44:58,493 [INFO] trainer: epoch 31 step 50/135 loss=1.9860 lr=1.99e-04
2026-07-16 21:45:08,466 [INFO] trainer: epoch 31 step 100/135 loss=1.9758 lr=1.99e-04
2026-07-16 21:45:15,406 [INFO] trainer: epoch 31 done train_loss=1.9710 dt=27.8s
2026-07-16 21:45:26,336 [INFO] trainer: epoch 32 step 50/135 loss=1.9705 lr=1.99e-04
2026-07-16 21:45:36,272 [INFO] trainer: epoch 32 step 100/135 loss=1.9707 lr=1.99e-04
2026-07-16 21:45:43,212 [INFO] trainer: epoch 32 done train_loss=1.9569 dt=27.8s
2026-07-16 21:45:54,219 [INFO] trainer: epoch 33 step 50/135 loss=1.9300 lr=1.99e-04
2026-07-16 21:46:04,208 [INFO] trainer: epoch 33 step 100/135 loss=1.9236 lr=1.99e-04
2026-07-16 21:46:11,154 [INFO] trainer: epoch 33 done train_loss=1.9271 dt=27.9s
2026-07-16 21:46:21,949 [INFO] trainer: epoch 34 step 50/135 loss=1.8501 lr=1.99e-04
2026-07-16 21:46:31,889 [INFO] trainer: epoch 34 step 100/135 loss=1.9149 lr=1.99e-04
2026-07-16 21:46:38,852 [INFO] trainer: epoch 34 done train_loss=1.8813 dt=27.7s
2026-07-16 21:46:49,716 [INFO] trainer: epoch 35 step 50/135 loss=1.8690 lr=1.99e-04
2026-07-16 21:46:59,672 [INFO] trainer: epoch 35 step 100/135 loss=1.8346 lr=1.99e-04
2026-07-16 21:47:06,608 [INFO] trainer: epoch 35 done train_loss=1.8538 dt=27.8s
2026-07-16 21:47:17,667 [INFO] trainer: epoch 36 step 50/135 loss=1.8366 lr=1.99e-04
2026-07-16 21:47:27,634 [INFO] trainer: epoch 36 step 100/135 loss=1.8067 lr=1.99e-04
2026-07-16 21:47:34,627 [INFO] trainer: epoch 36 done train_loss=1.8227 dt=28.0s
2026-07-16 21:47:45,687 [INFO] trainer: epoch 37 step 50/135 loss=1.7960 lr=1.99e-04
2026-07-16 21:47:55,652 [INFO] trainer: epoch 37 step 100/135 loss=1.7793 lr=1.99e-04
2026-07-16 21:48:02,617 [INFO] trainer: epoch 37 done train_loss=1.7833 dt=28.0s
2026-07-16 21:48:13,653 [INFO] trainer: epoch 38 step 50/135 loss=1.7696 lr=1.98e-04
2026-07-16 21:48:23,634 [INFO] trainer: epoch 38 step 100/135 loss=1.7345 lr=1.98e-04
2026-07-16 21:48:30,578 [INFO] trainer: epoch 38 done train_loss=1.7579 dt=28.0s
2026-07-16 21:48:41,419 [INFO] trainer: epoch 39 step 50/135 loss=1.7801 lr=1.98e-04
2026-07-16 21:48:51,381 [INFO] trainer: epoch 39 step 100/135 loss=1.7529 lr=1.98e-04
2026-07-16 21:48:58,339 [INFO] trainer: epoch 39 done train_loss=1.7701 dt=27.8s
2026-07-16 21:49:09,086 [INFO] trainer: epoch 40 step 50/135 loss=1.6787 lr=1.98e-04
2026-07-16 21:49:19,051 [INFO] trainer: epoch 40 step 100/135 loss=1.7164 lr=1.98e-04
2026-07-16 21:49:26,005 [INFO] trainer: epoch 40 done train_loss=1.6942 dt=27.7s
2026-07-16 21:49:37,554 [INFO] trainer: epoch 41 step 50/135 loss=1.7316 lr=1.98e-04
2026-07-16 21:49:47,473 [INFO] trainer: epoch 41 step 100/135 loss=1.7003 lr=1.98e-04
2026-07-16 21:49:54,395 [INFO] trainer: epoch 41 done train_loss=1.6923 dt=27.8s
2026-07-16 21:50:05,439 [INFO] trainer: epoch 42 step 50/135 loss=1.6938 lr=1.98e-04
2026-07-16 21:50:15,390 [INFO] trainer: epoch 42 step 100/135 loss=1.6746 lr=1.98e-04
2026-07-16 21:50:22,328 [INFO] trainer: epoch 42 done train_loss=1.6931 dt=27.9s
2026-07-16 21:50:33,338 [INFO] trainer: epoch 43 step 50/135 loss=1.6437 lr=1.98e-04
2026-07-16 21:50:43,290 [INFO] trainer: epoch 43 step 100/135 loss=1.6805 lr=1.98e-04
2026-07-16 21:50:50,231 [INFO] trainer: epoch 43 done train_loss=1.6725 dt=27.9s
2026-07-16 21:51:01,026 [INFO] trainer: epoch 44 step 50/135 loss=1.6889 lr=1.98e-04
2026-07-16 21:51:10,988 [INFO] trainer: epoch 44 step 100/135 loss=1.6298 lr=1.98e-04
2026-07-16 21:51:17,915 [INFO] trainer: epoch 44 done train_loss=1.6586 dt=27.7s
2026-07-16 21:51:28,823 [INFO] trainer: epoch 45 step 50/135 loss=1.6760 lr=1.98e-04
2026-07-16 21:51:38,785 [INFO] trainer: epoch 45 step 100/135 loss=1.6612 lr=1.98e-04
2026-07-16 21:51:45,728 [INFO] trainer: epoch 45 done train_loss=1.6692 dt=27.8s
2026-07-16 21:51:56,583 [INFO] trainer: epoch 46 step 50/135 loss=1.6823 lr=1.97e-04
2026-07-16 21:52:06,510 [INFO] trainer: epoch 46 step 100/135 loss=1.5972 lr=1.97e-04
2026-07-16 21:52:13,453 [INFO] trainer: epoch 46 done train_loss=1.6357 dt=27.7s
2026-07-16 21:52:24,470 [INFO] trainer: epoch 47 step 50/135 loss=1.6642 lr=1.97e-04
2026-07-16 21:52:34,413 [INFO] trainer: epoch 47 step 100/135 loss=1.6058 lr=1.97e-04
2026-07-16 21:52:41,365 [INFO] trainer: epoch 47 done train_loss=1.6372 dt=27.9s
2026-07-16 21:52:52,440 [INFO] trainer: epoch 48 step 50/135 loss=1.6126 lr=1.97e-04
2026-07-16 21:53:02,414 [INFO] trainer: epoch 48 step 100/135 loss=1.6109 lr=1.97e-04
2026-07-16 21:53:09,360 [INFO] trainer: epoch 48 done train_loss=1.5991 dt=28.0s
2026-07-16 21:53:20,298 [INFO] trainer: epoch 49 step 50/135 loss=1.5672 lr=1.97e-04
2026-07-16 21:53:30,245 [INFO] trainer: epoch 49 step 100/135 loss=1.5932 lr=1.97e-04
2026-07-16 21:53:37,191 [INFO] trainer: epoch 49 done train_loss=1.5848 dt=27.8s
2026-07-16 21:53:48,131 [INFO] trainer: epoch 50 step 50/135 loss=1.5367 lr=1.97e-04
2026-07-16 21:53:58,072 [INFO] trainer: epoch 50 step 100/135 loss=1.5765 lr=1.97e-04
2026-07-16 21:54:05,005 [INFO] trainer: epoch 50 done train_loss=1.5557 dt=27.8s
2026-07-16 21:54:51,802 [INFO] trainer: epoch 50 val_mean_dice=0.6666
2026-07-16 21:55:04,028 [INFO] trainer: epoch 51 step 50/135 loss=1.5768 lr=1.97e-04
2026-07-16 21:55:13,989 [INFO] trainer: epoch 51 step 100/135 loss=1.5556 lr=1.97e-04
2026-07-16 21:55:20,946 [INFO] trainer: epoch 51 done train_loss=1.5538 dt=27.8s
2026-07-16 21:55:31,823 [INFO] trainer: epoch 52 step 50/135 loss=1.6054 lr=1.97e-04
2026-07-16 21:55:41,731 [INFO] trainer: epoch 52 step 100/135 loss=1.5615 lr=1.96e-04
2026-07-16 21:55:48,675 [INFO] trainer: epoch 52 done train_loss=1.5698 dt=27.7s
2026-07-16 21:55:59,442 [INFO] trainer: epoch 53 step 50/135 loss=1.5722 lr=1.96e-04
2026-07-16 21:56:09,387 [INFO] trainer: epoch 53 step 100/135 loss=1.5943 lr=1.96e-04
2026-07-16 21:56:16,337 [INFO] trainer: epoch 53 done train_loss=1.5727 dt=27.7s
2026-07-16 21:56:27,215 [INFO] trainer: epoch 54 step 50/135 loss=1.5651 lr=1.96e-04
2026-07-16 21:56:37,189 [INFO] trainer: epoch 54 step 100/135 loss=1.5152 lr=1.96e-04
2026-07-16 21:56:44,142 [INFO] trainer: epoch 54 done train_loss=1.5462 dt=27.8s
2026-07-16 21:56:55,185 [INFO] trainer: epoch 55 step 50/135 loss=1.5266 lr=1.96e-04
2026-07-16 21:57:05,144 [INFO] trainer: epoch 55 step 100/135 loss=1.5453 lr=1.96e-04
2026-07-16 21:57:12,113 [INFO] trainer: epoch 55 done train_loss=1.5225 dt=28.0s
2026-07-16 21:57:22,939 [INFO] trainer: epoch 56 step 50/135 loss=1.5205 lr=1.96e-04
2026-07-16 21:57:32,910 [INFO] trainer: epoch 56 step 100/135 loss=1.5089 lr=1.96e-04
2026-07-16 21:57:39,868 [INFO] trainer: epoch 56 done train_loss=1.5114 dt=27.8s
2026-07-16 21:57:50,803 [INFO] trainer: epoch 57 step 50/135 loss=1.5164 lr=1.96e-04
2026-07-16 21:58:00,801 [INFO] trainer: epoch 57 step 100/135 loss=1.5228 lr=1.96e-04
2026-07-16 21:58:07,759 [INFO] trainer: epoch 57 done train_loss=1.5125 dt=27.9s
2026-07-16 21:58:18,542 [INFO] trainer: epoch 58 step 50/135 loss=1.5405 lr=1.95e-04
2026-07-16 21:58:28,426 [INFO] trainer: epoch 58 step 100/135 loss=1.5287 lr=1.95e-04
2026-07-16 21:58:35,338 [INFO] trainer: epoch 58 done train_loss=1.5233 dt=27.6s
2026-07-16 21:58:46,219 [INFO] trainer: epoch 59 step 50/135 loss=1.4668 lr=1.95e-04
2026-07-16 21:58:56,173 [INFO] trainer: epoch 59 step 100/135 loss=1.5372 lr=1.95e-04
2026-07-16 21:59:03,119 [INFO] trainer: epoch 59 done train_loss=1.4927 dt=27.8s
2026-07-16 21:59:14,177 [INFO] trainer: epoch 60 step 50/135 loss=1.4928 lr=1.95e-04
2026-07-16 21:59:24,105 [INFO] trainer: epoch 60 step 100/135 loss=1.4610 lr=1.95e-04
2026-07-16 21:59:31,053 [INFO] trainer: epoch 60 done train_loss=1.4697 dt=27.9s
2026-07-16 21:59:42,538 [INFO] trainer: epoch 61 step 50/135 loss=1.5163 lr=1.95e-04
2026-07-16 21:59:52,470 [INFO] trainer: epoch 61 step 100/135 loss=1.4723 lr=1.95e-04
2026-07-16 21:59:59,435 [INFO] trainer: epoch 61 done train_loss=1.4954 dt=27.8s
2026-07-16 22:00:10,352 [INFO] trainer: epoch 62 step 50/135 loss=1.5048 lr=1.95e-04
2026-07-16 22:00:20,296 [INFO] trainer: epoch 62 step 100/135 loss=1.4447 lr=1.95e-04
2026-07-16 22:00:27,239 [INFO] trainer: epoch 62 done train_loss=1.4832 dt=27.8s
2026-07-16 22:00:38,273 [INFO] trainer: epoch 63 step 50/135 loss=1.4733 lr=1.94e-04
2026-07-16 22:00:48,224 [INFO] trainer: epoch 63 step 100/135 loss=1.4862 lr=1.94e-04
2026-07-16 22:00:55,133 [INFO] trainer: epoch 63 done train_loss=1.4826 dt=27.9s
2026-07-16 22:01:05,880 [INFO] trainer: epoch 64 step 50/135 loss=1.4909 lr=1.94e-04
2026-07-16 22:01:15,822 [INFO] trainer: epoch 64 step 100/135 loss=1.4871 lr=1.94e-04
2026-07-16 22:01:22,762 [INFO] trainer: epoch 64 done train_loss=1.4870 dt=27.6s
2026-07-16 22:01:33,718 [INFO] trainer: epoch 65 step 50/135 loss=1.4819 lr=1.94e-04
2026-07-16 22:01:43,671 [INFO] trainer: epoch 65 step 100/135 loss=1.4443 lr=1.94e-04
2026-07-16 22:01:50,642 [INFO] trainer: epoch 65 done train_loss=1.4799 dt=27.9s
2026-07-16 22:02:01,630 [INFO] trainer: epoch 66 step 50/135 loss=1.4774 lr=1.94e-04
2026-07-16 22:02:11,574 [INFO] trainer: epoch 66 step 100/135 loss=1.4581 lr=1.94e-04
2026-07-16 22:02:18,529 [INFO] trainer: epoch 66 done train_loss=1.4640 dt=27.9s
2026-07-16 22:02:29,428 [INFO] trainer: epoch 67 step 50/135 loss=1.4677 lr=1.94e-04
2026-07-16 22:02:39,348 [INFO] trainer: epoch 67 step 100/135 loss=1.4886 lr=1.93e-04
2026-07-16 22:02:46,293 [INFO] trainer: epoch 67 done train_loss=1.4832 dt=27.8s
2026-07-16 22:02:57,245 [INFO] trainer: epoch 68 step 50/135 loss=1.4879 lr=1.93e-04
2026-07-16 22:03:07,181 [INFO] trainer: epoch 68 step 100/135 loss=1.4332 lr=1.93e-04
2026-07-16 22:03:14,095 [INFO] trainer: epoch 68 done train_loss=1.4663 dt=27.8s
2026-07-16 22:03:24,939 [INFO] trainer: epoch 69 step 50/135 loss=1.4984 lr=1.93e-04
2026-07-16 22:03:34,896 [INFO] trainer: epoch 69 step 100/135 loss=1.4214 lr=1.93e-04
2026-07-16 22:03:41,857 [INFO] trainer: epoch 69 done train_loss=1.4458 dt=27.8s
2026-07-16 22:03:52,753 [INFO] trainer: epoch 70 step 50/135 loss=1.4817 lr=1.93e-04
2026-07-16 22:04:02,718 [INFO] trainer: epoch 70 step 100/135 loss=1.4551 lr=1.93e-04
2026-07-16 22:04:09,669 [INFO] trainer: epoch 70 done train_loss=1.4687 dt=27.8s
2026-07-16 22:04:21,226 [INFO] trainer: epoch 71 step 50/135 loss=1.4408 lr=1.93e-04
2026-07-16 22:04:31,197 [INFO] trainer: epoch 71 step 100/135 loss=1.4344 lr=1.93e-04
2026-07-16 22:04:38,124 [INFO] trainer: epoch 71 done train_loss=1.4508 dt=27.8s
2026-07-16 22:04:49,095 [INFO] trainer: epoch 72 step 50/135 loss=1.4967 lr=1.92e-04
2026-07-16 22:04:59,063 [INFO] trainer: epoch 72 step 100/135 loss=1.4765 lr=1.92e-04
2026-07-16 22:05:06,017 [INFO] trainer: epoch 72 done train_loss=1.4722 dt=27.9s
2026-07-16 22:05:17,138 [INFO] trainer: epoch 73 step 50/135 loss=1.3971 lr=1.92e-04
2026-07-16 22:05:27,125 [INFO] trainer: epoch 73 step 100/135 loss=1.4304 lr=1.92e-04
2026-07-16 22:05:34,065 [INFO] trainer: epoch 73 done train_loss=1.4156 dt=28.0s
2026-07-16 22:05:45,037 [INFO] trainer: epoch 74 step 50/135 loss=1.3720 lr=1.92e-04
2026-07-16 22:05:55,002 [INFO] trainer: epoch 74 step 100/135 loss=1.4313 lr=1.92e-04
2026-07-16 22:06:01,969 [INFO] trainer: epoch 74 done train_loss=1.4127 dt=27.9s
2026-07-16 22:06:12,647 [INFO] trainer: epoch 75 step 50/135 loss=1.4312 lr=1.92e-04
2026-07-16 22:06:22,572 [INFO] trainer: epoch 75 step 100/135 loss=1.4614 lr=1.92e-04
2026-07-16 22:06:29,510 [INFO] trainer: epoch 75 done train_loss=1.4424 dt=27.5s
2026-07-16 22:07:16,128 [INFO] trainer: epoch 75 val_mean_dice=0.7128
2026-07-16 22:07:28,112 [INFO] trainer: epoch 76 step 50/135 loss=1.4409 lr=1.91e-04
2026-07-16 22:07:38,066 [INFO] trainer: epoch 76 step 100/135 loss=1.4689 lr=1.91e-04
2026-07-16 22:07:44,981 [INFO] trainer: epoch 76 done train_loss=1.4446 dt=28.0s
2026-07-16 22:07:55,718 [INFO] trainer: epoch 77 step 50/135 loss=1.4734 lr=1.91e-04
2026-07-16 22:08:05,668 [INFO] trainer: epoch 77 step 100/135 loss=1.4208 lr=1.91e-04
2026-07-16 22:08:12,594 [INFO] trainer: epoch 77 done train_loss=1.4429 dt=27.6s
2026-07-16 22:08:23,608 [INFO] trainer: epoch 78 step 50/135 loss=1.3938 lr=1.91e-04
2026-07-16 22:08:33,571 [INFO] trainer: epoch 78 step 100/135 loss=1.4372 lr=1.91e-04
2026-07-16 22:08:40,511 [INFO] trainer: epoch 78 done train_loss=1.4169 dt=27.9s
2026-07-16 22:08:51,369 [INFO] trainer: epoch 79 step 50/135 loss=1.4728 lr=1.91e-04
2026-07-16 22:09:01,302 [INFO] trainer: epoch 79 step 100/135 loss=1.4797 lr=1.90e-04
2026-07-16 22:09:08,262 [INFO] trainer: epoch 79 done train_loss=1.4521 dt=27.8s
2026-07-16 22:09:19,071 [INFO] trainer: epoch 80 step 50/135 loss=1.4311 lr=1.90e-04
2026-07-16 22:09:29,025 [INFO] trainer: epoch 80 step 100/135 loss=1.4034 lr=1.90e-04
2026-07-16 22:09:35,971 [INFO] trainer: epoch 80 done train_loss=1.4197 dt=27.7s
2026-07-16 22:09:47,631 [INFO] trainer: epoch 81 step 50/135 loss=1.3952 lr=1.90e-04
2026-07-16 22:09:57,546 [INFO] trainer: epoch 81 step 100/135 loss=1.3926 lr=1.90e-04
2026-07-16 22:10:04,473 [INFO] trainer: epoch 81 done train_loss=1.3990 dt=27.8s
2026-07-16 22:10:15,412 [INFO] trainer: epoch 82 step 50/135 loss=1.4395 lr=1.90e-04
2026-07-16 22:10:25,348 [INFO] trainer: epoch 82 step 100/135 loss=1.4395 lr=1.90e-04
2026-07-16 22:10:32,304 [INFO] trainer: epoch 82 done train_loss=1.4429 dt=27.8s
2026-07-16 22:10:43,174 [INFO] trainer: epoch 83 step 50/135 loss=1.3868 lr=1.89e-04
2026-07-16 22:10:53,116 [INFO] trainer: epoch 83 step 100/135 loss=1.4120 lr=1.89e-04
2026-07-16 22:11:00,045 [INFO] trainer: epoch 83 done train_loss=1.3981 dt=27.7s
2026-07-16 22:11:10,979 [INFO] trainer: epoch 84 step 50/135 loss=1.4029 lr=1.89e-04
2026-07-16 22:11:20,916 [INFO] trainer: epoch 84 step 100/135 loss=1.4298 lr=1.89e-04
2026-07-16 22:11:27,872 [INFO] trainer: epoch 84 done train_loss=1.4217 dt=27.8s
2026-07-16 22:11:38,579 [INFO] trainer: epoch 85 step 50/135 loss=1.3971 lr=1.89e-04
2026-07-16 22:11:48,464 [INFO] trainer: epoch 85 step 100/135 loss=1.4268 lr=1.89e-04
2026-07-16 22:11:55,386 [INFO] trainer: epoch 85 done train_loss=1.4312 dt=27.5s
2026-07-16 22:12:06,303 [INFO] trainer: epoch 86 step 50/135 loss=1.4186 lr=1.89e-04
2026-07-16 22:12:16,245 [INFO] trainer: epoch 86 step 100/135 loss=1.3970 lr=1.88e-04
2026-07-16 22:12:23,188 [INFO] trainer: epoch 86 done train_loss=1.4014 dt=27.8s
2026-07-16 22:12:33,999 [INFO] trainer: epoch 87 step 50/135 loss=1.4053 lr=1.88e-04
2026-07-16 22:12:43,925 [INFO] trainer: epoch 87 step 100/135 loss=1.3921 lr=1.88e-04
2026-07-16 22:12:50,856 [INFO] trainer: epoch 87 done train_loss=1.3973 dt=27.7s
2026-07-16 22:13:01,968 [INFO] trainer: epoch 88 step 50/135 loss=1.4594 lr=1.88e-04
2026-07-16 22:13:11,897 [INFO] trainer: epoch 88 step 100/135 loss=1.3680 lr=1.88e-04
2026-07-16 22:13:18,844 [INFO] trainer: epoch 88 done train_loss=1.4189 dt=28.0s
2026-07-16 22:13:29,696 [INFO] trainer: epoch 89 step 50/135 loss=1.3626 lr=1.88e-04
2026-07-16 22:13:39,653 [INFO] trainer: epoch 89 step 100/135 loss=1.4193 lr=1.88e-04
2026-07-16 22:13:46,600 [INFO] trainer: epoch 89 done train_loss=1.4000 dt=27.8s
2026-07-16 22:13:57,551 [INFO] trainer: epoch 90 step 50/135 loss=1.4077 lr=1.87e-04
2026-07-16 22:14:07,505 [INFO] trainer: epoch 90 step 100/135 loss=1.4451 lr=1.87e-04
2026-07-16 22:14:14,460 [INFO] trainer: epoch 90 done train_loss=1.4115 dt=27.9s
2026-07-16 22:14:26,052 [INFO] trainer: epoch 91 step 50/135 loss=1.3857 lr=1.87e-04
2026-07-16 22:14:35,967 [INFO] trainer: epoch 91 step 100/135 loss=1.3667 lr=1.87e-04
2026-07-16 22:14:42,896 [INFO] trainer: epoch 91 done train_loss=1.3870 dt=27.8s
2026-07-16 22:14:53,867 [INFO] trainer: epoch 92 step 50/135 loss=1.4152 lr=1.87e-04
2026-07-16 22:15:03,763 [INFO] trainer: epoch 92 step 100/135 loss=1.3770 lr=1.87e-04
2026-07-16 22:15:10,672 [INFO] trainer: epoch 92 done train_loss=1.4053 dt=27.8s
2026-07-16 22:15:21,470 [INFO] trainer: epoch 93 step 50/135 loss=1.4136 lr=1.86e-04
2026-07-16 22:15:31,390 [INFO] trainer: epoch 93 step 100/135 loss=1.4257 lr=1.86e-04
2026-07-16 22:15:38,313 [INFO] trainer: epoch 93 done train_loss=1.4128 dt=27.6s
2026-07-16 22:15:49,078 [INFO] trainer: epoch 94 step 50/135 loss=1.3298 lr=1.86e-04
2026-07-16 22:15:59,033 [INFO] trainer: epoch 94 step 100/135 loss=1.4245 lr=1.86e-04
2026-07-16 22:16:05,987 [INFO] trainer: epoch 94 done train_loss=1.3865 dt=27.7s
2026-07-16 22:16:16,928 [INFO] trainer: epoch 95 step 50/135 loss=1.3788 lr=1.86e-04
2026-07-16 22:16:26,877 [INFO] trainer: epoch 95 step 100/135 loss=1.4145 lr=1.86e-04
2026-07-16 22:16:33,806 [INFO] trainer: epoch 95 done train_loss=1.4051 dt=27.8s
2026-07-16 22:16:44,821 [INFO] trainer: epoch 96 step 50/135 loss=1.3564 lr=1.85e-04
2026-07-16 22:16:54,785 [INFO] trainer: epoch 96 step 100/135 loss=1.3973 lr=1.85e-04
2026-07-16 22:17:01,715 [INFO] trainer: epoch 96 done train_loss=1.3850 dt=27.9s
2026-07-16 22:17:12,567 [INFO] trainer: epoch 97 step 50/135 loss=1.4268 lr=1.85e-04
2026-07-16 22:17:22,502 [INFO] trainer: epoch 97 step 100/135 loss=1.3836 lr=1.85e-04
2026-07-16 22:17:29,441 [INFO] trainer: epoch 97 done train_loss=1.4018 dt=27.7s
2026-07-16 22:17:40,555 [INFO] trainer: epoch 98 step 50/135 loss=1.4032 lr=1.85e-04
2026-07-16 22:17:50,487 [INFO] trainer: epoch 98 step 100/135 loss=1.3661 lr=1.85e-04
2026-07-16 22:17:57,430 [INFO] trainer: epoch 98 done train_loss=1.3790 dt=28.0s
2026-07-16 22:18:08,159 [INFO] trainer: epoch 99 step 50/135 loss=1.3870 lr=1.84e-04
2026-07-16 22:18:18,070 [INFO] trainer: epoch 99 step 100/135 loss=1.3307 lr=1.84e-04
2026-07-16 22:18:25,007 [INFO] trainer: epoch 99 done train_loss=1.3553 dt=27.6s
2026-07-16 22:18:35,957 [INFO] trainer: epoch 100 step 50/135 loss=1.4071 lr=1.84e-04
2026-07-16 22:18:45,859 [INFO] trainer: epoch 100 step 100/135 loss=1.3515 lr=1.84e-04
2026-07-16 22:18:52,783 [INFO] trainer: epoch 100 done train_loss=1.3780 dt=27.8s
2026-07-16 22:19:38,931 [INFO] trainer: epoch 100 val_mean_dice=0.7285
2026-07-16 22:19:51,322 [INFO] trainer: epoch 101 step 50/135 loss=1.3737 lr=1.84e-04
2026-07-16 22:20:01,225 [INFO] trainer: epoch 101 step 100/135 loss=1.3388 lr=1.84e-04
2026-07-16 22:20:08,145 [INFO] trainer: epoch 101 done train_loss=1.3600 dt=28.0s
2026-07-16 22:20:19,153 [INFO] trainer: epoch 102 step 50/135 loss=1.3742 lr=1.83e-04
2026-07-16 22:20:29,105 [INFO] trainer: epoch 102 step 100/135 loss=1.3982 lr=1.83e-04
2026-07-16 22:20:36,062 [INFO] trainer: epoch 102 done train_loss=1.3962 dt=27.9s
2026-07-16 22:20:46,957 [INFO] trainer: epoch 103 step 50/135 loss=1.3323 lr=1.83e-04
2026-07-16 22:20:56,881 [INFO] trainer: epoch 103 step 100/135 loss=1.4430 lr=1.83e-04
2026-07-16 22:21:03,822 [INFO] trainer: epoch 103 done train_loss=1.3680 dt=27.8s
2026-07-16 22:21:14,778 [INFO] trainer: epoch 104 step 50/135 loss=1.3554 lr=1.83e-04
2026-07-16 22:21:24,743 [INFO] trainer: epoch 104 step 100/135 loss=1.3726 lr=1.83e-04
2026-07-16 22:21:31,695 [INFO] trainer: epoch 104 done train_loss=1.3799 dt=27.9s
2026-07-16 22:21:42,569 [INFO] trainer: epoch 105 step 50/135 loss=1.3852 lr=1.82e-04
2026-07-16 22:21:52,512 [INFO] trainer: epoch 105 step 100/135 loss=1.3645 lr=1.82e-04
2026-07-16 22:21:59,460 [INFO] trainer: epoch 105 done train_loss=1.3772 dt=27.8s
2026-07-16 22:22:10,408 [INFO] trainer: epoch 106 step 50/135 loss=1.3517 lr=1.82e-04
2026-07-16 22:22:20,360 [INFO] trainer: epoch 106 step 100/135 loss=1.3328 lr=1.82e-04
2026-07-16 22:22:27,307 [INFO] trainer: epoch 106 done train_loss=1.3564 dt=27.8s
2026-07-16 22:22:38,304 [INFO] trainer: epoch 107 step 50/135 loss=1.3640 lr=1.82e-04
2026-07-16 22:22:48,286 [INFO] trainer: epoch 107 step 100/135 loss=1.3525 lr=1.81e-04
2026-07-16 22:22:55,261 [INFO] trainer: epoch 107 done train_loss=1.3800 dt=28.0s
2026-07-16 22:23:06,159 [INFO] trainer: epoch 108 step 50/135 loss=1.3923 lr=1.81e-04
2026-07-16 22:23:16,105 [INFO] trainer: epoch 108 step 100/135 loss=1.3610 lr=1.81e-04
2026-07-16 22:23:23,042 [INFO] trainer: epoch 108 done train_loss=1.3808 dt=27.8s
2026-07-16 22:23:33,940 [INFO] trainer: epoch 109 step 50/135 loss=1.3820 lr=1.81e-04
2026-07-16 22:23:43,857 [INFO] trainer: epoch 109 step 100/135 loss=1.3603 lr=1.81e-04
2026-07-16 22:23:50,778 [INFO] trainer: epoch 109 done train_loss=1.3639 dt=27.7s
2026-07-16 22:24:01,808 [INFO] trainer: epoch 110 step 50/135 loss=1.3611 lr=1.80e-04
2026-07-16 22:24:11,763 [INFO] trainer: epoch 110 step 100/135 loss=1.3572 lr=1.80e-04
2026-07-16 22:24:18,712 [INFO] trainer: epoch 110 done train_loss=1.3597 dt=27.9s
2026-07-16 22:24:29,998 [INFO] trainer: epoch 111 step 50/135 loss=1.3733 lr=1.80e-04
2026-07-16 22:24:39,941 [INFO] trainer: epoch 111 step 100/135 loss=1.3835 lr=1.80e-04
2026-07-16 22:24:46,867 [INFO] trainer: epoch 111 done train_loss=1.3701 dt=27.5s
2026-07-16 22:24:57,712 [INFO] trainer: epoch 112 step 50/135 loss=1.3081 lr=1.80e-04
2026-07-16 22:25:07,654 [INFO] trainer: epoch 112 step 100/135 loss=1.3967 lr=1.80e-04
2026-07-16 22:25:14,582 [INFO] trainer: epoch 112 done train_loss=1.3501 dt=27.7s
2026-07-16 22:25:25,454 [INFO] trainer: epoch 113 step 50/135 loss=1.3290 lr=1.79e-04
2026-07-16 22:25:35,409 [INFO] trainer: epoch 113 step 100/135 loss=1.3290 lr=1.79e-04
2026-07-16 22:25:42,340 [INFO] trainer: epoch 113 done train_loss=1.3372 dt=27.8s
2026-07-16 22:25:53,106 [INFO] trainer: epoch 114 step 50/135 loss=1.3415 lr=1.79e-04
2026-07-16 22:26:03,067 [INFO] trainer: epoch 114 step 100/135 loss=1.3737 lr=1.79e-04
2026-07-16 22:26:10,006 [INFO] trainer: epoch 114 done train_loss=1.3648 dt=27.7s
2026-07-16 22:26:20,924 [INFO] trainer: epoch 115 step 50/135 loss=1.3535 lr=1.79e-04
2026-07-16 22:26:30,893 [INFO] trainer: epoch 115 step 100/135 loss=1.3058 lr=1.78e-04
2026-07-16 22:26:37,855 [INFO] trainer: epoch 115 done train_loss=1.3612 dt=27.8s
2026-07-16 22:26:48,748 [INFO] trainer: epoch 116 step 50/135 loss=1.3272 lr=1.78e-04
2026-07-16 22:26:58,700 [INFO] trainer: epoch 116 step 100/135 loss=1.3218 lr=1.78e-04
2026-07-16 22:27:05,650 [INFO] trainer: epoch 116 done train_loss=1.3293 dt=27.8s
2026-07-16 22:27:16,454 [INFO] trainer: epoch 117 step 50/135 loss=1.3711 lr=1.78e-04
2026-07-16 22:27:26,395 [INFO] trainer: epoch 117 step 100/135 loss=1.3695 lr=1.78e-04
2026-07-16 22:27:33,343 [INFO] trainer: epoch 117 done train_loss=1.3506 dt=27.7s
2026-07-16 22:27:44,288 [INFO] trainer: epoch 118 step 50/135 loss=1.3300 lr=1.77e-04
2026-07-16 22:27:54,196 [INFO] trainer: epoch 118 step 100/135 loss=1.3690 lr=1.77e-04
2026-07-16 22:28:01,137 [INFO] trainer: epoch 118 done train_loss=1.3438 dt=27.8s
2026-07-16 22:28:11,916 [INFO] trainer: epoch 119 step 50/135 loss=1.4127 lr=1.77e-04
2026-07-16 22:28:21,832 [INFO] trainer: epoch 119 step 100/135 loss=1.3438 lr=1.77e-04
2026-07-16 22:28:28,761 [INFO] trainer: epoch 119 done train_loss=1.3628 dt=27.6s
2026-07-16 22:28:39,699 [INFO] trainer: epoch 120 step 50/135 loss=1.3248 lr=1.77e-04
2026-07-16 22:28:49,707 [INFO] trainer: epoch 120 step 100/135 loss=1.3849 lr=1.76e-04
2026-07-16 22:28:56,613 [INFO] trainer: epoch 120 done train_loss=1.3387 dt=27.9s
2026-07-16 22:29:08,069 [INFO] trainer: epoch 121 step 50/135 loss=1.3016 lr=1.76e-04
2026-07-16 22:29:17,995 [INFO] trainer: epoch 121 step 100/135 loss=1.3927 lr=1.76e-04
2026-07-16 22:29:24,936 [INFO] trainer: epoch 121 done train_loss=1.3425 dt=27.7s
2026-07-16 22:29:35,666 [INFO] trainer: epoch 122 step 50/135 loss=1.3501 lr=1.76e-04
2026-07-16 22:29:45,589 [INFO] trainer: epoch 122 step 100/135 loss=1.3307 lr=1.76e-04
2026-07-16 22:29:52,522 [INFO] trainer: epoch 122 done train_loss=1.3531 dt=27.6s
2026-07-16 22:30:03,422 [INFO] trainer: epoch 123 step 50/135 loss=1.3790 lr=1.75e-04
2026-07-16 22:30:13,356 [INFO] trainer: epoch 123 step 100/135 loss=1.3483 lr=1.75e-04
2026-07-16 22:30:20,290 [INFO] trainer: epoch 123 done train_loss=1.3407 dt=27.8s
2026-07-16 22:30:31,153 [INFO] trainer: epoch 124 step 50/135 loss=1.3275 lr=1.75e-04
2026-07-16 22:30:41,084 [INFO] trainer: epoch 124 step 100/135 loss=1.3622 lr=1.75e-04
2026-07-16 22:30:48,003 [INFO] trainer: epoch 124 done train_loss=1.3408 dt=27.7s
2026-07-16 22:30:58,823 [INFO] trainer: epoch 125 step 50/135 loss=1.3264 lr=1.74e-04
2026-07-16 22:31:08,758 [INFO] trainer: epoch 125 step 100/135 loss=1.3589 lr=1.74e-04
2026-07-16 22:31:15,699 [INFO] trainer: epoch 125 done train_loss=1.3309 dt=27.7s
2026-07-16 22:32:02,949 [INFO] trainer: epoch 125 val_mean_dice=0.7378
2026-07-16 22:32:14,562 [INFO] trainer: epoch 126 step 50/135 loss=1.3539 lr=1.74e-04
2026-07-16 22:32:24,482 [INFO] trainer: epoch 126 step 100/135 loss=1.3109 lr=1.74e-04
2026-07-16 22:32:31,402 [INFO] trainer: epoch 126 done train_loss=1.3096 dt=27.8s
2026-07-16 22:32:42,120 [INFO] trainer: epoch 127 step 50/135 loss=1.3967 lr=1.74e-04
2026-07-16 22:32:52,061 [INFO] trainer: epoch 127 step 100/135 loss=1.3036 lr=1.73e-04
2026-07-16 22:32:59,005 [INFO] trainer: epoch 127 done train_loss=1.3463 dt=27.6s
2026-07-16 22:33:09,891 [INFO] trainer: epoch 128 step 50/135 loss=1.3505 lr=1.73e-04
2026-07-16 22:33:19,838 [INFO] trainer: epoch 128 step 100/135 loss=1.3230 lr=1.73e-04
2026-07-16 22:33:26,777 [INFO] trainer: epoch 128 done train_loss=1.3395 dt=27.8s
2026-07-16 22:33:37,728 [INFO] trainer: epoch 129 step 50/135 loss=1.3399 lr=1.73e-04
2026-07-16 22:33:47,672 [INFO] trainer: epoch 129 step 100/135 loss=1.3241 lr=1.73e-04
2026-07-16 22:33:54,910 [INFO] trainer: epoch 129 done train_loss=1.3319 dt=28.1s
2026-07-16 22:34:06,269 [INFO] trainer: epoch 130 step 50/135 loss=1.3084 lr=1.72e-04
2026-07-16 22:34:16,164 [INFO] trainer: epoch 130 step 100/135 loss=1.3360 lr=1.72e-04
2026-07-16 22:34:23,078 [INFO] trainer: epoch 130 done train_loss=1.3452 dt=28.2s
2026-07-16 22:34:35,050 [INFO] trainer: epoch 131 step 50/135 loss=1.3526 lr=1.72e-04
2026-07-16 22:34:45,021 [INFO] trainer: epoch 131 step 100/135 loss=1.3673 lr=1.72e-04
2026-07-16 22:34:51,971 [INFO] trainer: epoch 131 done train_loss=1.3460 dt=28.2s
2026-07-16 22:35:03,069 [INFO] trainer: epoch 132 step 50/135 loss=1.3140 lr=1.71e-04
2026-07-16 22:35:13,002 [INFO] trainer: epoch 132 step 100/135 loss=1.2681 lr=1.71e-04
2026-07-16 22:35:19,949 [INFO] trainer: epoch 132 done train_loss=1.2933 dt=28.0s
2026-07-16 22:35:30,748 [INFO] trainer: epoch 133 step 50/135 loss=1.3123 lr=1.71e-04
2026-07-16 22:35:40,700 [INFO] trainer: epoch 133 step 100/135 loss=1.3875 lr=1.71e-04
2026-07-16 22:35:47,633 [INFO] trainer: epoch 133 done train_loss=1.3504 dt=27.7s
2026-07-16 22:35:58,559 [INFO] trainer: epoch 134 step 50/135 loss=1.3193 lr=1.70e-04
2026-07-16 22:36:08,519 [INFO] trainer: epoch 134 step 100/135 loss=1.3131 lr=1.70e-04
2026-07-16 22:36:15,463 [INFO] trainer: epoch 134 done train_loss=1.3293 dt=27.8s
2026-07-16 22:36:26,461 [INFO] trainer: epoch 135 step 50/135 loss=1.3059 lr=1.70e-04
2026-07-16 22:36:36,401 [INFO] trainer: epoch 135 step 100/135 loss=1.3647 lr=1.70e-04
2026-07-16 22:36:43,353 [INFO] trainer: epoch 135 done train_loss=1.3305 dt=27.9s
2026-07-16 22:36:54,092 [INFO] trainer: epoch 136 step 50/135 loss=1.3172 lr=1.70e-04
2026-07-16 22:37:04,043 [INFO] trainer: epoch 136 step 100/135 loss=1.3860 lr=1.69e-04
2026-07-16 22:37:10,994 [INFO] trainer: epoch 136 done train_loss=1.3416 dt=27.6s
2026-07-16 22:37:22,103 [INFO] trainer: epoch 137 step 50/135 loss=1.2872 lr=1.69e-04
2026-07-16 22:37:32,043 [INFO] trainer: epoch 137 step 100/135 loss=1.3627 lr=1.69e-04
2026-07-16 22:37:38,984 [INFO] trainer: epoch 137 done train_loss=1.3104 dt=28.0s
2026-07-16 22:37:49,918 [INFO] trainer: epoch 138 step 50/135 loss=1.3386 lr=1.69e-04
2026-07-16 22:37:59,882 [INFO] trainer: epoch 138 step 100/135 loss=1.3020 lr=1.68e-04
2026-07-16 22:38:06,856 [INFO] trainer: epoch 138 done train_loss=1.3274 dt=27.9s
2026-07-16 22:38:17,707 [INFO] trainer: epoch 139 step 50/135 loss=1.3252 lr=1.68e-04
2026-07-16 22:38:27,677 [INFO] trainer: epoch 139 step 100/135 loss=1.3209 lr=1.68e-04
2026-07-16 22:38:34,620 [INFO] trainer: epoch 139 done train_loss=1.3391 dt=27.8s
2026-07-16 22:38:45,680 [INFO] trainer: epoch 140 step 50/135 loss=1.3435 lr=1.68e-04
2026-07-16 22:38:55,587 [INFO] trainer: epoch 140 step 100/135 loss=1.3418 lr=1.68e-04
2026-07-16 22:39:02,525 [INFO] trainer: epoch 140 done train_loss=1.3238 dt=27.9s
2026-07-16 22:39:14,733 [INFO] trainer: epoch 141 step 50/135 loss=1.3137 lr=1.67e-04
2026-07-16 22:39:24,574 [INFO] trainer: epoch 141 step 100/135 loss=1.2582 lr=1.67e-04
2026-07-16 22:39:31,469 [INFO] trainer: epoch 141 done train_loss=1.2965 dt=28.3s
2026-07-16 22:39:42,607 [INFO] trainer: epoch 142 step 50/135 loss=1.3561 lr=1.67e-04
2026-07-16 22:39:52,568 [INFO] trainer: epoch 142 step 100/135 loss=1.3349 lr=1.67e-04
2026-07-16 22:39:59,514 [INFO] trainer: epoch 142 done train_loss=1.3251 dt=28.0s
2026-07-16 22:40:10,336 [INFO] trainer: epoch 143 step 50/135 loss=1.3326 lr=1.66e-04
2026-07-16 22:40:20,269 [INFO] trainer: epoch 143 step 100/135 loss=1.3430 lr=1.66e-04
2026-07-16 22:40:27,205 [INFO] trainer: epoch 143 done train_loss=1.3372 dt=27.7s
2026-07-16 22:40:38,023 [INFO] trainer: epoch 144 step 50/135 loss=1.3181 lr=1.66e-04
2026-07-16 22:40:47,963 [INFO] trainer: epoch 144 step 100/135 loss=1.3314 lr=1.66e-04
2026-07-16 22:40:54,913 [INFO] trainer: epoch 144 done train_loss=1.3111 dt=27.7s
2026-07-16 22:41:05,804 [INFO] trainer: epoch 145 step 50/135 loss=1.3245 lr=1.65e-04
2026-07-16 22:41:15,738 [INFO] trainer: epoch 145 step 100/135 loss=1.2784 lr=1.65e-04
2026-07-16 22:41:22,673 [INFO] trainer: epoch 145 done train_loss=1.3180 dt=27.8s
2026-07-16 22:41:33,478 [INFO] trainer: epoch 146 step 50/135 loss=1.3771 lr=1.65e-04
2026-07-16 22:41:43,417 [INFO] trainer: epoch 146 step 100/135 loss=1.2638 lr=1.65e-04
2026-07-16 22:41:50,353 [INFO] trainer: epoch 146 done train_loss=1.3061 dt=27.7s
2026-07-16 22:42:01,360 [INFO] trainer: epoch 147 step 50/135 loss=1.3268 lr=1.64e-04
2026-07-16 22:42:11,297 [INFO] trainer: epoch 147 step 100/135 loss=1.3533 lr=1.64e-04
2026-07-16 22:42:18,234 [INFO] trainer: epoch 147 done train_loss=1.3396 dt=27.9s
2026-07-16 22:42:29,234 [INFO] trainer: epoch 148 step 50/135 loss=1.3376 lr=1.64e-04
2026-07-16 22:42:39,159 [INFO] trainer: epoch 148 step 100/135 loss=1.3133 lr=1.64e-04
2026-07-16 22:42:46,090 [INFO] trainer: epoch 148 done train_loss=1.3193 dt=27.9s
2026-07-16 22:42:56,810 [INFO] trainer: epoch 149 step 50/135 loss=1.2892 lr=1.63e-04
2026-07-16 22:43:06,727 [INFO] trainer: epoch 149 step 100/135 loss=1.3078 lr=1.63e-04
2026-07-16 22:43:13,661 [INFO] trainer: epoch 149 done train_loss=1.2944 dt=27.6s
2026-07-16 22:43:24,539 [INFO] trainer: epoch 150 step 50/135 loss=1.3163 lr=1.63e-04
2026-07-16 22:43:34,454 [INFO] trainer: epoch 150 step 100/135 loss=1.3538 lr=1.63e-04
2026-07-16 22:43:41,385 [INFO] trainer: epoch 150 done train_loss=1.3319 dt=27.7s
2026-07-16 22:44:29,771 [INFO] trainer: epoch 150 val_mean_dice=0.7505
2026-07-16 22:44:42,111 [INFO] trainer: epoch 151 step 50/135 loss=1.3161 lr=1.62e-04
2026-07-16 22:44:52,067 [INFO] trainer: epoch 151 step 100/135 loss=1.3373 lr=1.62e-04
2026-07-16 22:44:59,014 [INFO] trainer: epoch 151 done train_loss=1.3125 dt=28.0s
2026-07-16 22:45:10,072 [INFO] trainer: epoch 152 step 50/135 loss=1.3214 lr=1.62e-04
2026-07-16 22:45:19,980 [INFO] trainer: epoch 152 step 100/135 loss=1.3617 lr=1.62e-04
2026-07-16 22:45:26,909 [INFO] trainer: epoch 152 done train_loss=1.3091 dt=27.9s
2026-07-16 22:45:37,894 [INFO] trainer: epoch 153 step 50/135 loss=1.3649 lr=1.61e-04
2026-07-16 22:45:47,815 [INFO] trainer: epoch 153 step 100/135 loss=1.3052 lr=1.61e-04
2026-07-16 22:45:54,762 [INFO] trainer: epoch 153 done train_loss=1.3178 dt=27.9s
2026-07-16 22:46:05,527 [INFO] trainer: epoch 154 step 50/135 loss=1.3090 lr=1.61e-04
2026-07-16 22:46:15,470 [INFO] trainer: epoch 154 step 100/135 loss=1.3179 lr=1.61e-04
2026-07-16 22:46:22,420 [INFO] trainer: epoch 154 done train_loss=1.3308 dt=27.7s
2026-07-16 22:46:33,287 [INFO] trainer: epoch 155 step 50/135 loss=1.2710 lr=1.60e-04
2026-07-16 22:46:43,223 [INFO] trainer: epoch 155 step 100/135 loss=1.2889 lr=1.60e-04
2026-07-16 22:46:50,146 [INFO] trainer: epoch 155 done train_loss=1.2844 dt=27.7s
2026-07-16 22:47:00,908 [INFO] trainer: epoch 156 step 50/135 loss=1.2396 lr=1.60e-04
2026-07-16 22:47:10,864 [INFO] trainer: epoch 156 step 100/135 loss=1.3104 lr=1.60e-04
2026-07-16 22:47:17,810 [INFO] trainer: epoch 156 done train_loss=1.2761 dt=27.7s
2026-07-16 22:47:28,736 [INFO] trainer: epoch 157 step 50/135 loss=1.2819 lr=1.59e-04
2026-07-16 22:47:38,659 [INFO] trainer: epoch 157 step 100/135 loss=1.2857 lr=1.59e-04
2026-07-16 22:47:45,572 [INFO] trainer: epoch 157 done train_loss=1.2953 dt=27.8s
2026-07-16 22:47:56,268 [INFO] trainer: epoch 158 step 50/135 loss=1.2847 lr=1.59e-04
2026-07-16 22:48:06,164 [INFO] trainer: epoch 158 step 100/135 loss=1.2821 lr=1.59e-04
2026-07-16 22:48:13,095 [INFO] trainer: epoch 158 done train_loss=1.2966 dt=27.5s
2026-07-16 22:48:24,122 [INFO] trainer: epoch 159 step 50/135 loss=1.3057 lr=1.58e-04
2026-07-16 22:48:34,045 [INFO] trainer: epoch 159 step 100/135 loss=1.3170 lr=1.58e-04
2026-07-16 22:48:40,994 [INFO] trainer: epoch 159 done train_loss=1.3117 dt=27.9s
2026-07-16 22:48:51,836 [INFO] trainer: epoch 160 step 50/135 loss=1.2898 lr=1.58e-04
2026-07-16 22:49:01,752 [INFO] trainer: epoch 160 step 100/135 loss=1.3004 lr=1.58e-04
2026-07-16 22:49:08,674 [INFO] trainer: epoch 160 done train_loss=1.2993 dt=27.7s
2026-07-16 22:49:20,059 [INFO] trainer: epoch 161 step 50/135 loss=1.3057 lr=1.57e-04
2026-07-16 22:49:30,000 [INFO] trainer: epoch 161 step 100/135 loss=1.3485 lr=1.57e-04
2026-07-16 22:49:36,936 [INFO] trainer: epoch 161 done train_loss=1.3086 dt=27.7s
2026-07-16 22:49:47,712 [INFO] trainer: epoch 162 step 50/135 loss=1.2705 lr=1.57e-04
2026-07-16 22:49:57,674 [INFO] trainer: epoch 162 step 100/135 loss=1.3629 lr=1.57e-04
2026-07-16 22:50:04,619 [INFO] trainer: epoch 162 done train_loss=1.3081 dt=27.7s
2026-07-16 22:50:15,466 [INFO] trainer: epoch 163 step 50/135 loss=1.3367 lr=1.56e-04
2026-07-16 22:50:25,420 [INFO] trainer: epoch 163 step 100/135 loss=1.3150 lr=1.56e-04
2026-07-16 22:50:32,357 [INFO] trainer: epoch 163 done train_loss=1.3027 dt=27.7s
2026-07-16 22:50:43,352 [INFO] trainer: epoch 164 step 50/135 loss=1.2466 lr=1.56e-04
2026-07-16 22:50:53,291 [INFO] trainer: epoch 164 step 100/135 loss=1.3234 lr=1.55e-04
2026-07-16 22:51:00,245 [INFO] trainer: epoch 164 done train_loss=1.2822 dt=27.9s
2026-07-16 22:51:11,222 [INFO] trainer: epoch 165 step 50/135 loss=1.3055 lr=1.55e-04
2026-07-16 22:51:21,127 [INFO] trainer: epoch 165 step 100/135 loss=1.3167 lr=1.55e-04
2026-07-16 22:51:28,075 [INFO] trainer: epoch 165 done train_loss=1.3048 dt=27.8s
2026-07-16 22:51:39,037 [INFO] trainer: epoch 166 step 50/135 loss=1.2486 lr=1.55e-04
2026-07-16 22:51:48,978 [INFO] trainer: epoch 166 step 100/135 loss=1.3269 lr=1.54e-04
2026-07-16 22:51:55,922 [INFO] trainer: epoch 166 done train_loss=1.2983 dt=27.8s
2026-07-16 22:52:07,020 [INFO] trainer: epoch 167 step 50/135 loss=1.2985 lr=1.54e-04
2026-07-16 22:52:16,966 [INFO] trainer: epoch 167 step 100/135 loss=1.3471 lr=1.54e-04
2026-07-16 22:52:23,910 [INFO] trainer: epoch 167 done train_loss=1.3184 dt=28.0s
2026-07-16 22:52:34,891 [INFO] trainer: epoch 168 step 50/135 loss=1.2581 lr=1.54e-04
2026-07-16 22:52:44,815 [INFO] trainer: epoch 168 step 100/135 loss=1.2936 lr=1.53e-04
2026-07-16 22:52:51,743 [INFO] trainer: epoch 168 done train_loss=1.2703 dt=27.8s
2026-07-16 22:53:02,758 [INFO] trainer: epoch 169 step 50/135 loss=1.3083 lr=1.53e-04
2026-07-16 22:53:12,713 [INFO] trainer: epoch 169 step 100/135 loss=1.3159 lr=1.53e-04
2026-07-16 22:53:19,654 [INFO] trainer: epoch 169 done train_loss=1.2917 dt=27.9s
2026-07-16 22:53:30,424 [INFO] trainer: epoch 170 step 50/135 loss=1.2266 lr=1.52e-04
2026-07-16 22:53:40,360 [INFO] trainer: epoch 170 step 100/135 loss=1.2886 lr=1.52e-04
2026-07-16 22:53:47,293 [INFO] trainer: epoch 170 done train_loss=1.2597 dt=27.6s
2026-07-16 22:53:58,948 [INFO] trainer: epoch 171 step 50/135 loss=1.2881 lr=1.52e-04
2026-07-16 22:54:09,044 [INFO] trainer: epoch 171 step 100/135 loss=1.2883 lr=1.52e-04
2026-07-16 22:54:15,990 [INFO] trainer: epoch 171 done train_loss=1.2921 dt=28.1s
2026-07-16 22:54:26,832 [INFO] trainer: epoch 172 step 50/135 loss=1.3313 lr=1.51e-04
2026-07-16 22:54:36,757 [INFO] trainer: epoch 172 step 100/135 loss=1.3022 lr=1.51e-04
2026-07-16 22:54:43,698 [INFO] trainer: epoch 172 done train_loss=1.3071 dt=27.7s
2026-07-16 22:54:54,479 [INFO] trainer: epoch 173 step 50/135 loss=1.2552 lr=1.51e-04
2026-07-16 22:55:04,418 [INFO] trainer: epoch 173 step 100/135 loss=1.2955 lr=1.51e-04
2026-07-16 22:55:11,353 [INFO] trainer: epoch 173 done train_loss=1.2681 dt=27.7s
2026-07-16 22:55:22,219 [INFO] trainer: epoch 174 step 50/135 loss=1.3182 lr=1.50e-04
2026-07-16 22:55:32,154 [INFO] trainer: epoch 174 step 100/135 loss=1.3115 lr=1.50e-04
2026-07-16 22:55:39,099 [INFO] trainer: epoch 174 done train_loss=1.3014 dt=27.7s
2026-07-16 22:55:49,920 [INFO] trainer: epoch 175 step 50/135 loss=1.2636 lr=1.50e-04
2026-07-16 22:55:59,871 [INFO] trainer: epoch 175 step 100/135 loss=1.3038 lr=1.49e-04
2026-07-16 22:56:06,821 [INFO] trainer: epoch 175 done train_loss=1.2952 dt=27.7s
2026-07-16 22:56:53,295 [INFO] trainer: epoch 175 val_mean_dice=0.7588
2026-07-16 22:57:04,754 [INFO] trainer: epoch 176 step 50/135 loss=1.3244 lr=1.49e-04
2026-07-16 22:57:14,693 [INFO] trainer: epoch 176 step 100/135 loss=1.3423 lr=1.49e-04
2026-07-16 22:57:21,638 [INFO] trainer: epoch 176 done train_loss=1.3092 dt=27.7s
2026-07-16 22:57:32,458 [INFO] trainer: epoch 177 step 50/135 loss=1.2752 lr=1.49e-04
2026-07-16 22:57:42,391 [INFO] trainer: epoch 177 step 100/135 loss=1.2812 lr=1.48e-04
2026-07-16 22:57:49,327 [INFO] trainer: epoch 177 done train_loss=1.2709 dt=27.7s
2026-07-16 22:57:59,971 [INFO] trainer: epoch 178 step 50/135 loss=1.2669 lr=1.48e-04
2026-07-16 22:58:09,883 [INFO] trainer: epoch 178 step 100/135 loss=1.2921 lr=1.48e-04
2026-07-16 22:58:16,808 [INFO] trainer: epoch 178 done train_loss=1.2764 dt=27.5s
2026-07-16 22:58:27,800 [INFO] trainer: epoch 179 step 50/135 loss=1.3203 lr=1.47e-04
2026-07-16 22:58:37,723 [INFO] trainer: epoch 179 step 100/135 loss=1.3068 lr=1.47e-04
2026-07-16 22:58:44,647 [INFO] trainer: epoch 179 done train_loss=1.3100 dt=27.8s
2026-07-16 22:58:55,476 [INFO] trainer: epoch 180 step 50/135 loss=1.2476 lr=1.47e-04
2026-07-16 22:59:05,412 [INFO] trainer: epoch 180 step 100/135 loss=1.2923 lr=1.47e-04
2026-07-16 22:59:12,351 [INFO] trainer: epoch 180 done train_loss=1.2798 dt=27.7s
2026-07-16 22:59:23,783 [INFO] trainer: epoch 181 step 50/135 loss=1.2974 lr=1.46e-04
2026-07-16 22:59:33,707 [INFO] trainer: epoch 181 step 100/135 loss=1.2851 lr=1.46e-04
2026-07-16 22:59:40,644 [INFO] trainer: epoch 181 done train_loss=1.2969 dt=27.7s
2026-07-16 22:59:51,688 [INFO] trainer: epoch 182 step 50/135 loss=1.2629 lr=1.46e-04
2026-07-16 23:00:01,605 [INFO] trainer: epoch 182 step 100/135 loss=1.2326 lr=1.46e-04
2026-07-16 23:00:08,540 [INFO] trainer: epoch 182 done train_loss=1.2583 dt=27.9s
2026-07-16 23:00:19,436 [INFO] trainer: epoch 183 step 50/135 loss=1.2442 lr=1.45e-04
2026-07-16 23:00:29,357 [INFO] trainer: epoch 183 step 100/135 loss=1.2535 lr=1.45e-04
2026-07-16 23:00:36,305 [INFO] trainer: epoch 183 done train_loss=1.2648 dt=27.8s
2026-07-16 23:00:47,131 [INFO] trainer: epoch 184 step 50/135 loss=1.2552 lr=1.45e-04
2026-07-16 23:00:57,095 [INFO] trainer: epoch 184 step 100/135 loss=1.2932 lr=1.44e-04
2026-07-16 23:01:04,045 [INFO] trainer: epoch 184 done train_loss=1.2856 dt=27.7s
2026-07-16 23:01:14,845 [INFO] trainer: epoch 185 step 50/135 loss=1.2481 lr=1.44e-04
2026-07-16 23:01:24,770 [INFO] trainer: epoch 185 step 100/135 loss=1.3144 lr=1.44e-04
2026-07-16 23:01:31,711 [INFO] trainer: epoch 185 done train_loss=1.2688 dt=27.7s
2026-07-16 23:01:42,869 [INFO] trainer: epoch 186 step 50/135 loss=1.2950 lr=1.43e-04
2026-07-16 23:01:52,790 [INFO] trainer: epoch 186 step 100/135 loss=1.2570 lr=1.43e-04
2026-07-16 23:01:59,733 [INFO] trainer: epoch 186 done train_loss=1.2732 dt=28.0s
2026-07-16 23:02:10,751 [INFO] trainer: epoch 187 step 50/135 loss=1.2633 lr=1.43e-04
2026-07-16 23:02:20,695 [INFO] trainer: epoch 187 step 100/135 loss=1.2653 lr=1.43e-04
2026-07-16 23:02:27,635 [INFO] trainer: epoch 187 done train_loss=1.2560 dt=27.9s
2026-07-16 23:02:38,615 [INFO] trainer: epoch 188 step 50/135 loss=1.2444 lr=1.42e-04
2026-07-16 23:02:48,558 [INFO] trainer: epoch 188 step 100/135 loss=1.2703 lr=1.42e-04
2026-07-16 23:02:55,514 [INFO] trainer: epoch 188 done train_loss=1.2532 dt=27.9s
2026-07-16 23:03:06,318 [INFO] trainer: epoch 189 step 50/135 loss=1.2922 lr=1.42e-04
2026-07-16 23:03:16,256 [INFO] trainer: epoch 189 step 100/135 loss=1.2547 lr=1.42e-04
2026-07-16 23:03:23,187 [INFO] trainer: epoch 189 done train_loss=1.2924 dt=27.7s
2026-07-16 23:03:34,065 [INFO] trainer: epoch 190 step 50/135 loss=1.3224 lr=1.41e-04
2026-07-16 23:03:44,012 [INFO] trainer: epoch 190 step 100/135 loss=1.2458 lr=1.41e-04
2026-07-16 23:03:50,952 [INFO] trainer: epoch 190 done train_loss=1.2782 dt=27.8s
2026-07-16 23:04:02,356 [INFO] trainer: epoch 191 step 50/135 loss=1.2551 lr=1.41e-04
2026-07-16 23:04:12,290 [INFO] trainer: epoch 191 step 100/135 loss=1.3124 lr=1.40e-04
2026-07-16 23:04:19,234 [INFO] trainer: epoch 191 done train_loss=1.2754 dt=27.7s
2026-07-16 23:04:30,041 [INFO] trainer: epoch 192 step 50/135 loss=1.2766 lr=1.40e-04
2026-07-16 23:04:39,983 [INFO] trainer: epoch 192 step 100/135 loss=1.2451 lr=1.40e-04
2026-07-16 23:04:46,935 [INFO] trainer: epoch 192 done train_loss=1.2655 dt=27.7s
2026-07-16 23:04:57,683 [INFO] trainer: epoch 193 step 50/135 loss=1.2867 lr=1.39e-04
2026-07-16 23:05:07,632 [INFO] trainer: epoch 193 step 100/135 loss=1.3014 lr=1.39e-04
2026-07-16 23:05:14,580 [INFO] trainer: epoch 193 done train_loss=1.2837 dt=27.6s
2026-07-16 23:05:25,466 [INFO] trainer: epoch 194 step 50/135 loss=1.2921 lr=1.39e-04
2026-07-16 23:05:35,404 [INFO] trainer: epoch 194 step 100/135 loss=1.2458 lr=1.39e-04
2026-07-16 23:05:42,351 [INFO] trainer: epoch 194 done train_loss=1.2676 dt=27.8s
2026-07-16 23:05:53,158 [INFO] trainer: epoch 195 step 50/135 loss=1.2672 lr=1.38e-04
2026-07-16 23:06:03,086 [INFO] trainer: epoch 195 step 100/135 loss=1.3063 lr=1.38e-04
2026-07-16 23:06:10,048 [INFO] trainer: epoch 195 done train_loss=1.2745 dt=27.7s
2026-07-16 23:06:20,837 [INFO] trainer: epoch 196 step 50/135 loss=1.2590 lr=1.38e-04
2026-07-16 23:06:30,768 [INFO] trainer: epoch 196 step 100/135 loss=1.2821 lr=1.37e-04
2026-07-16 23:06:37,718 [INFO] trainer: epoch 196 done train_loss=1.2771 dt=27.7s
2026-07-16 23:06:48,569 [INFO] trainer: epoch 197 step 50/135 loss=1.2060 lr=1.37e-04
2026-07-16 23:06:58,511 [INFO] trainer: epoch 197 step 100/135 loss=1.2447 lr=1.37e-04
2026-07-16 23:07:05,462 [INFO] trainer: epoch 197 done train_loss=1.2365 dt=27.7s
2026-07-16 23:07:16,344 [INFO] trainer: epoch 198 step 50/135 loss=1.2706 lr=1.36e-04
2026-07-16 23:07:26,291 [INFO] trainer: epoch 198 step 100/135 loss=1.2290 lr=1.36e-04
2026-07-16 23:07:33,259 [INFO] trainer: epoch 198 done train_loss=1.2621 dt=27.8s
2026-07-16 23:07:44,178 [INFO] trainer: epoch 199 step 50/135 loss=1.2973 lr=1.36e-04
2026-07-16 23:07:54,132 [INFO] trainer: epoch 199 step 100/135 loss=1.2565 lr=1.36e-04
2026-07-16 23:08:01,089 [INFO] trainer: epoch 199 done train_loss=1.2759 dt=27.8s
2026-07-16 23:08:12,027 [INFO] trainer: epoch 200 step 50/135 loss=1.2573 lr=1.35e-04
2026-07-16 23:08:21,942 [INFO] trainer: epoch 200 step 100/135 loss=1.2558 lr=1.35e-04
2026-07-16 23:08:28,906 [INFO] trainer: epoch 200 done train_loss=1.2731 dt=27.8s
2026-07-16 23:09:17,665 [INFO] trainer: epoch 200 val_mean_dice=0.7572
2026-07-16 23:09:29,204 [INFO] trainer: epoch 201 step 50/135 loss=1.2774 lr=1.35e-04
2026-07-16 23:09:39,110 [INFO] trainer: epoch 201 step 100/135 loss=1.2949 lr=1.34e-04
2026-07-16 23:09:46,051 [INFO] trainer: epoch 201 done train_loss=1.2821 dt=27.8s
2026-07-16 23:09:56,867 [INFO] trainer: epoch 202 step 50/135 loss=1.2611 lr=1.34e-04
2026-07-16 23:10:06,807 [INFO] trainer: epoch 202 step 100/135 loss=1.2627 lr=1.34e-04
2026-07-16 23:10:13,751 [INFO] trainer: epoch 202 done train_loss=1.2661 dt=27.7s
2026-07-16 23:10:24,572 [INFO] trainer: epoch 203 step 50/135 loss=1.2699 lr=1.33e-04
2026-07-16 23:10:34,529 [INFO] trainer: epoch 203 step 100/135 loss=1.2902 lr=1.33e-04
2026-07-16 23:10:41,482 [INFO] trainer: epoch 203 done train_loss=1.2744 dt=27.7s
2026-07-16 23:10:52,506 [INFO] trainer: epoch 204 step 50/135 loss=1.2039 lr=1.33e-04
2026-07-16 23:11:02,419 [INFO] trainer: epoch 204 step 100/135 loss=1.3141 lr=1.33e-04
2026-07-16 23:11:09,338 [INFO] trainer: epoch 204 done train_loss=1.2588 dt=27.9s
2026-07-16 23:11:20,321 [INFO] trainer: epoch 205 step 50/135 loss=1.2336 lr=1.32e-04
2026-07-16 23:11:30,276 [INFO] trainer: epoch 205 step 100/135 loss=1.2510 lr=1.32e-04
2026-07-16 23:11:37,216 [INFO] trainer: epoch 205 done train_loss=1.2519 dt=27.9s
2026-07-16 23:11:48,072 [INFO] trainer: epoch 206 step 50/135 loss=1.3065 lr=1.32e-04
2026-07-16 23:11:58,003 [INFO] trainer: epoch 206 step 100/135 loss=1.2833 lr=1.31e-04
2026-07-16 23:12:04,960 [INFO] trainer: epoch 206 done train_loss=1.2736 dt=27.7s
2026-07-16 23:12:15,882 [INFO] trainer: epoch 207 step 50/135 loss=1.2695 lr=1.31e-04
2026-07-16 23:12:25,852 [INFO] trainer: epoch 207 step 100/135 loss=1.2762 lr=1.31e-04
2026-07-16 23:12:32,819 [INFO] trainer: epoch 207 done train_loss=1.2528 dt=27.9s
2026-07-16 23:12:43,689 [INFO] trainer: epoch 208 step 50/135 loss=1.2501 lr=1.30e-04
2026-07-16 23:12:53,607 [INFO] trainer: epoch 208 step 100/135 loss=1.2799 lr=1.30e-04
2026-07-16 23:13:00,538 [INFO] trainer: epoch 208 done train_loss=1.2446 dt=27.7s
2026-07-16 23:13:11,553 [INFO] trainer: epoch 209 step 50/135 loss=1.2504 lr=1.30e-04
2026-07-16 23:13:21,476 [INFO] trainer: epoch 209 step 100/135 loss=1.2967 lr=1.30e-04
2026-07-16 23:13:28,596 [INFO] trainer: epoch 209 done train_loss=1.2518 dt=28.1s
2026-07-16 23:13:39,330 [INFO] trainer: epoch 210 step 50/135 loss=1.2376 lr=1.29e-04
2026-07-16 23:13:49,214 [INFO] trainer: epoch 210 step 100/135 loss=1.1740 lr=1.29e-04
2026-07-16 23:13:56,155 [INFO] trainer: epoch 210 done train_loss=1.2304 dt=27.6s
2026-07-16 23:14:07,745 [INFO] trainer: epoch 211 step 50/135 loss=1.2605 lr=1.29e-04
2026-07-16 23:14:17,663 [INFO] trainer: epoch 211 step 100/135 loss=1.2548 lr=1.28e-04
2026-07-16 23:14:24,598 [INFO] trainer: epoch 211 done train_loss=1.2557 dt=27.8s
2026-07-16 23:14:35,524 [INFO] trainer: epoch 212 step 50/135 loss=1.1847 lr=1.28e-04
2026-07-16 23:14:45,486 [INFO] trainer: epoch 212 step 100/135 loss=1.2322 lr=1.28e-04
2026-07-16 23:14:52,438 [INFO] trainer: epoch 212 done train_loss=1.2264 dt=27.8s
2026-07-16 23:15:03,416 [INFO] trainer: epoch 213 step 50/135 loss=1.2215 lr=1.27e-04
2026-07-16 23:15:13,371 [INFO] trainer: epoch 213 step 100/135 loss=1.2558 lr=1.27e-04
2026-07-16 23:15:20,332 [INFO] trainer: epoch 213 done train_loss=1.2379 dt=27.9s
2026-07-16 23:15:31,427 [INFO] trainer: epoch 214 step 50/135 loss=1.2207 lr=1.27e-04
2026-07-16 23:15:41,384 [INFO] trainer: epoch 214 step 100/135 loss=1.2122 lr=1.27e-04
2026-07-16 23:15:48,335 [INFO] trainer: epoch 214 done train_loss=1.2385 dt=28.0s
2026-07-16 23:15:59,388 [INFO] trainer: epoch 215 step 50/135 loss=1.2352 lr=1.26e-04
2026-07-16 23:16:09,326 [INFO] trainer: epoch 215 step 100/135 loss=1.2634 lr=1.26e-04
2026-07-16 23:16:16,293 [INFO] trainer: epoch 215 done train_loss=1.2665 dt=28.0s
2026-07-16 23:16:27,309 [INFO] trainer: epoch 216 step 50/135 loss=1.2520 lr=1.26e-04
2026-07-16 23:16:37,260 [INFO] trainer: epoch 216 step 100/135 loss=1.2442 lr=1.25e-04
2026-07-16 23:16:44,210 [INFO] trainer: epoch 216 done train_loss=1.2499 dt=27.9s
2026-07-16 23:16:54,978 [INFO] trainer: epoch 217 step 50/135 loss=1.2808 lr=1.25e-04
2026-07-16 23:17:04,929 [INFO] trainer: epoch 217 step 100/135 loss=1.2812 lr=1.25e-04
2026-07-16 23:17:11,902 [INFO] trainer: epoch 217 done train_loss=1.2797 dt=27.7s
2026-07-16 23:17:22,994 [INFO] trainer: epoch 218 step 50/135 loss=1.2518 lr=1.24e-04
2026-07-16 23:17:32,920 [INFO] trainer: epoch 218 step 100/135 loss=1.2515 lr=1.24e-04
2026-07-16 23:17:39,874 [INFO] trainer: epoch 218 done train_loss=1.2342 dt=28.0s
2026-07-16 23:17:51,010 [INFO] trainer: epoch 219 step 50/135 loss=1.2089 lr=1.24e-04
2026-07-16 23:18:00,972 [INFO] trainer: epoch 219 step 100/135 loss=1.2896 lr=1.23e-04
2026-07-16 23:18:07,924 [INFO] trainer: epoch 219 done train_loss=1.2598 dt=28.0s
2026-07-16 23:18:18,874 [INFO] trainer: epoch 220 step 50/135 loss=1.2284 lr=1.23e-04
2026-07-16 23:18:28,846 [INFO] trainer: epoch 220 step 100/135 loss=1.2722 lr=1.23e-04
2026-07-16 23:18:35,800 [INFO] trainer: epoch 220 done train_loss=1.2363 dt=27.9s
2026-07-16 23:18:47,526 [INFO] trainer: epoch 221 step 50/135 loss=1.2237 lr=1.22e-04
2026-07-16 23:18:57,431 [INFO] trainer: epoch 221 step 100/135 loss=1.2234 lr=1.22e-04
2026-07-16 23:19:04,361 [INFO] trainer: epoch 221 done train_loss=1.2225 dt=28.0s
2026-07-16 23:19:15,237 [INFO] trainer: epoch 222 step 50/135 loss=1.2500 lr=1.22e-04
2026-07-16 23:19:25,145 [INFO] trainer: epoch 222 step 100/135 loss=1.2551 lr=1.22e-04
2026-07-16 23:19:32,051 [INFO] trainer: epoch 222 done train_loss=1.2546 dt=27.7s
2026-07-16 23:19:42,956 [INFO] trainer: epoch 223 step 50/135 loss=1.2341 lr=1.21e-04
2026-07-16 23:19:52,882 [INFO] trainer: epoch 223 step 100/135 loss=1.2238 lr=1.21e-04
2026-07-16 23:19:59,833 [INFO] trainer: epoch 223 done train_loss=1.2343 dt=27.8s
2026-07-16 23:20:10,654 [INFO] trainer: epoch 224 step 50/135 loss=1.2327 lr=1.21e-04
2026-07-16 23:20:20,534 [INFO] trainer: epoch 224 step 100/135 loss=1.2818 lr=1.20e-04
2026-07-16 23:20:27,450 [INFO] trainer: epoch 224 done train_loss=1.2420 dt=27.6s
2026-07-16 23:20:38,625 [INFO] trainer: epoch 225 step 50/135 loss=1.2756 lr=1.20e-04
2026-07-16 23:20:48,547 [INFO] trainer: epoch 225 step 100/135 loss=1.2220 lr=1.20e-04
2026-07-16 23:20:55,475 [INFO] trainer: epoch 225 done train_loss=1.2501 dt=28.0s
2026-07-16 23:21:45,229 [INFO] trainer: epoch 225 val_mean_dice=0.7635
2026-07-16 23:21:56,737 [INFO] trainer: epoch 226 step 50/135 loss=1.2153 lr=1.19e-04
2026-07-16 23:22:06,661 [INFO] trainer: epoch 226 step 100/135 loss=1.2204 lr=1.19e-04
2026-07-16 23:22:13,585 [INFO] trainer: epoch 226 done train_loss=1.2122 dt=27.7s
2026-07-16 23:22:24,380 [INFO] trainer: epoch 227 step 50/135 loss=1.2213 lr=1.19e-04
2026-07-16 23:22:34,290 [INFO] trainer: epoch 227 step 100/135 loss=1.2681 lr=1.18e-04
2026-07-16 23:22:41,238 [INFO] trainer: epoch 227 done train_loss=1.2323 dt=27.7s
2026-07-16 23:22:52,248 [INFO] trainer: epoch 228 step 50/135 loss=1.2271 lr=1.18e-04
2026-07-16 23:23:02,162 [INFO] trainer: epoch 228 step 100/135 loss=1.2451 lr=1.18e-04
2026-07-16 23:23:09,110 [INFO] trainer: epoch 228 done train_loss=1.2416 dt=27.9s
2026-07-16 23:23:20,032 [INFO] trainer: epoch 229 step 50/135 loss=1.2418 lr=1.17e-04
2026-07-16 23:23:29,960 [INFO] trainer: epoch 229 step 100/135 loss=1.2392 lr=1.17e-04
2026-07-16 23:23:36,893 [INFO] trainer: epoch 229 done train_loss=1.2525 dt=27.8s
2026-07-16 23:23:47,801 [INFO] trainer: epoch 230 step 50/135 loss=1.2580 lr=1.17e-04
2026-07-16 23:23:57,715 [INFO] trainer: epoch 230 step 100/135 loss=1.2815 lr=1.17e-04
2026-07-16 23:24:04,656 [INFO] trainer: epoch 230 done train_loss=1.2550 dt=27.8s
2026-07-16 23:24:16,149 [INFO] trainer: epoch 231 step 50/135 loss=1.1881 lr=1.16e-04
2026-07-16 23:24:26,078 [INFO] trainer: epoch 231 step 100/135 loss=1.2175 lr=1.16e-04
2026-07-16 23:24:33,009 [INFO] trainer: epoch 231 done train_loss=1.2175 dt=27.7s
2026-07-16 23:24:43,878 [INFO] trainer: epoch 232 step 50/135 loss=1.2246 lr=1.16e-04
2026-07-16 23:24:53,810 [INFO] trainer: epoch 232 step 100/135 loss=1.2489 lr=1.15e-04
2026-07-16 23:25:00,759 [INFO] trainer: epoch 232 done train_loss=1.2346 dt=27.7s
2026-07-16 23:25:11,567 [INFO] trainer: epoch 233 step 50/135 loss=1.2251 lr=1.15e-04
2026-07-16 23:25:21,512 [INFO] trainer: epoch 233 step 100/135 loss=1.2530 lr=1.15e-04
2026-07-16 23:25:28,460 [INFO] trainer: epoch 233 done train_loss=1.2296 dt=27.7s
2026-07-16 23:25:39,442 [INFO] trainer: epoch 234 step 50/135 loss=1.1961 lr=1.14e-04
2026-07-16 23:25:49,389 [INFO] trainer: epoch 234 step 100/135 loss=1.2129 lr=1.14e-04
2026-07-16 23:25:56,330 [INFO] trainer: epoch 234 done train_loss=1.2109 dt=27.9s
2026-07-16 23:26:07,154 [INFO] trainer: epoch 235 step 50/135 loss=1.1955 lr=1.14e-04
2026-07-16 23:26:17,067 [INFO] trainer: epoch 235 step 100/135 loss=1.2251 lr=1.13e-04
2026-07-16 23:26:24,002 [INFO] trainer: epoch 235 done train_loss=1.2056 dt=27.7s
2026-07-16 23:26:34,840 [INFO] trainer: epoch 236 step 50/135 loss=1.2103 lr=1.13e-04
2026-07-16 23:26:44,757 [INFO] trainer: epoch 236 step 100/135 loss=1.2436 lr=1.13e-04
2026-07-16 23:26:51,697 [INFO] trainer: epoch 236 done train_loss=1.2081 dt=27.7s
2026-07-16 23:27:02,591 [INFO] trainer: epoch 237 step 50/135 loss=1.2039 lr=1.12e-04
2026-07-16 23:27:12,538 [INFO] trainer: epoch 237 step 100/135 loss=1.2475 lr=1.12e-04
2026-07-16 23:27:19,445 [INFO] trainer: epoch 237 done train_loss=1.2273 dt=27.7s
2026-07-16 23:27:30,310 [INFO] trainer: epoch 238 step 50/135 loss=1.2086 lr=1.12e-04
2026-07-16 23:27:40,247 [INFO] trainer: epoch 238 step 100/135 loss=1.1716 lr=1.11e-04
2026-07-16 23:27:47,193 [INFO] trainer: epoch 238 done train_loss=1.1988 dt=27.7s
2026-07-16 23:27:57,861 [INFO] trainer: epoch 239 step 50/135 loss=1.2331 lr=1.11e-04
2026-07-16 23:28:07,772 [INFO] trainer: epoch 239 step 100/135 loss=1.2217 lr=1.11e-04
2026-07-16 23:28:14,705 [INFO] trainer: epoch 239 done train_loss=1.2305 dt=27.5s
2026-07-16 23:28:25,827 [INFO] trainer: epoch 240 step 50/135 loss=1.1973 lr=1.10e-04
2026-07-16 23:28:35,772 [INFO] trainer: epoch 240 step 100/135 loss=1.2244 lr=1.10e-04
2026-07-16 23:28:42,710 [INFO] trainer: epoch 240 done train_loss=1.2094 dt=28.0s
2026-07-16 23:28:54,270 [INFO] trainer: epoch 241 step 50/135 loss=1.1850 lr=1.10e-04
2026-07-16 23:29:04,190 [INFO] trainer: epoch 241 step 100/135 loss=1.2538 lr=1.10e-04
2026-07-16 23:29:11,121 [INFO] trainer: epoch 241 done train_loss=1.2339 dt=27.8s
2026-07-16 23:29:21,934 [INFO] trainer: epoch 242 step 50/135 loss=1.2128 lr=1.09e-04
2026-07-16 23:29:31,866 [INFO] trainer: epoch 242 step 100/135 loss=1.1990 lr=1.09e-04
2026-07-16 23:29:38,809 [INFO] trainer: epoch 242 done train_loss=1.2004 dt=27.7s
2026-07-16 23:29:49,679 [INFO] trainer: epoch 243 step 50/135 loss=1.2040 lr=1.09e-04
2026-07-16 23:29:59,581 [INFO] trainer: epoch 243 step 100/135 loss=1.2037 lr=1.08e-04
2026-07-16 23:30:06,509 [INFO] trainer: epoch 243 done train_loss=1.2108 dt=27.7s
2026-07-16 23:30:17,330 [INFO] trainer: epoch 244 step 50/135 loss=1.2128 lr=1.08e-04
2026-07-16 23:30:27,273 [INFO] trainer: epoch 244 step 100/135 loss=1.2175 lr=1.08e-04
2026-07-16 23:30:34,206 [INFO] trainer: epoch 244 done train_loss=1.2015 dt=27.7s
2026-07-16 23:30:45,135 [INFO] trainer: epoch 245 step 50/135 loss=1.2423 lr=1.07e-04
2026-07-16 23:30:55,072 [INFO] trainer: epoch 245 step 100/135 loss=1.2026 lr=1.07e-04
2026-07-16 23:31:02,005 [INFO] trainer: epoch 245 done train_loss=1.2192 dt=27.8s
2026-07-16 23:31:12,868 [INFO] trainer: epoch 246 step 50/135 loss=1.2510 lr=1.07e-04
2026-07-16 23:31:22,808 [INFO] trainer: epoch 246 step 100/135 loss=1.1593 lr=1.06e-04
2026-07-16 23:31:29,754 [INFO] trainer: epoch 246 done train_loss=1.2167 dt=27.7s
2026-07-16 23:31:40,676 [INFO] trainer: epoch 247 step 50/135 loss=1.1980 lr=1.06e-04
2026-07-16 23:31:50,611 [INFO] trainer: epoch 247 step 100/135 loss=1.1742 lr=1.06e-04
2026-07-16 23:31:57,542 [INFO] trainer: epoch 247 done train_loss=1.1889 dt=27.8s
2026-07-16 23:32:08,542 [INFO] trainer: epoch 248 step 50/135 loss=1.1623 lr=1.05e-04
2026-07-16 23:32:18,492 [INFO] trainer: epoch 248 step 100/135 loss=1.1991 lr=1.05e-04
2026-07-16 23:32:25,432 [INFO] trainer: epoch 248 done train_loss=1.1896 dt=27.9s
2026-07-16 23:32:36,443 [INFO] trainer: epoch 249 step 50/135 loss=1.2366 lr=1.05e-04
2026-07-16 23:32:46,357 [INFO] trainer: epoch 249 step 100/135 loss=1.2212 lr=1.04e-04
2026-07-16 23:32:53,283 [INFO] trainer: epoch 249 done train_loss=1.2306 dt=27.9s
2026-07-16 23:33:04,249 [INFO] trainer: epoch 250 step 50/135 loss=1.1683 lr=1.04e-04
2026-07-16 23:33:14,741 [INFO] trainer: epoch 250 step 100/135 loss=1.1940 lr=1.04e-04
2026-07-16 23:33:21,702 [INFO] trainer: epoch 250 done train_loss=1.1729 dt=28.4s
2026-07-16 23:34:08,252 [INFO] trainer: epoch 250 val_mean_dice=0.7670
2026-07-16 23:34:20,471 [INFO] trainer: epoch 251 step 50/135 loss=1.1984 lr=1.03e-04
2026-07-16 23:34:30,422 [INFO] trainer: epoch 251 step 100/135 loss=1.1948 lr=1.03e-04
2026-07-16 23:34:37,366 [INFO] trainer: epoch 251 done train_loss=1.1843 dt=27.8s
2026-07-16 23:34:48,212 [INFO] trainer: epoch 252 step 50/135 loss=1.1818 lr=1.03e-04
2026-07-16 23:34:58,162 [INFO] trainer: epoch 252 step 100/135 loss=1.1795 lr=1.03e-04
2026-07-16 23:35:05,101 [INFO] trainer: epoch 252 done train_loss=1.1997 dt=27.7s
2026-07-16 23:35:16,094 [INFO] trainer: epoch 253 step 50/135 loss=1.1959 lr=1.02e-04
2026-07-16 23:35:26,035 [INFO] trainer: epoch 253 step 100/135 loss=1.1912 lr=1.02e-04
2026-07-16 23:35:32,991 [INFO] trainer: epoch 253 done train_loss=1.2162 dt=27.9s
2026-07-16 23:35:43,842 [INFO] trainer: epoch 254 step 50/135 loss=1.2955 lr=1.02e-04
2026-07-16 23:35:53,801 [INFO] trainer: epoch 254 step 100/135 loss=1.1627 lr=1.01e-04
2026-07-16 23:36:00,748 [INFO] trainer: epoch 254 done train_loss=1.2298 dt=27.8s
2026-07-16 23:36:11,534 [INFO] trainer: epoch 255 step 50/135 loss=1.1975 lr=1.01e-04
2026-07-16 23:36:21,465 [INFO] trainer: epoch 255 step 100/135 loss=1.2258 lr=1.01e-04
2026-07-16 23:36:28,419 [INFO] trainer: epoch 255 done train_loss=1.2005 dt=27.7s
2026-07-16 23:36:39,447 [INFO] trainer: epoch 256 step 50/135 loss=1.2305 lr=1.00e-04
2026-07-16 23:36:49,402 [INFO] trainer: epoch 256 step 100/135 loss=1.2234 lr=1.00e-04
2026-07-16 23:36:56,354 [INFO] trainer: epoch 256 done train_loss=1.2202 dt=27.9s
2026-07-16 23:37:07,116 [INFO] trainer: epoch 257 step 50/135 loss=1.1511 lr=9.96e-05
2026-07-16 23:37:17,066 [INFO] trainer: epoch 257 step 100/135 loss=1.1950 lr=9.94e-05
2026-07-16 23:37:24,004 [INFO] trainer: epoch 257 done train_loss=1.1852 dt=27.6s
2026-07-16 23:37:34,768 [INFO] trainer: epoch 258 step 50/135 loss=1.1896 lr=9.90e-05
2026-07-16 23:37:44,715 [INFO] trainer: epoch 258 step 100/135 loss=1.2240 lr=9.88e-05
2026-07-16 23:37:51,668 [INFO] trainer: epoch 258 done train_loss=1.2113 dt=27.7s
2026-07-16 23:38:02,514 [INFO] trainer: epoch 259 step 50/135 loss=1.2190 lr=9.84e-05
2026-07-16 23:38:12,452 [INFO] trainer: epoch 259 step 100/135 loss=1.2040 lr=9.81e-05
2026-07-16 23:38:19,387 [INFO] trainer: epoch 259 done train_loss=1.2034 dt=27.7s
2026-07-16 23:38:30,211 [INFO] trainer: epoch 260 step 50/135 loss=1.1980 lr=9.77e-05
2026-07-16 23:38:40,162 [INFO] trainer: epoch 260 step 100/135 loss=1.2303 lr=9.75e-05
2026-07-16 23:38:47,118 [INFO] trainer: epoch 260 done train_loss=1.2165 dt=27.7s
2026-07-16 23:38:58,561 [INFO] trainer: epoch 261 step 50/135 loss=1.2021 lr=9.71e-05
2026-07-16 23:39:08,487 [INFO] trainer: epoch 261 step 100/135 loss=1.1964 lr=9.68e-05
2026-07-16 23:39:15,413 [INFO] trainer: epoch 261 done train_loss=1.2017 dt=27.7s
2026-07-16 23:39:26,238 [INFO] trainer: epoch 262 step 50/135 loss=1.2700 lr=9.64e-05
2026-07-16 23:39:36,154 [INFO] trainer: epoch 262 step 100/135 loss=1.2151 lr=9.62e-05
2026-07-16 23:39:43,084 [INFO] trainer: epoch 262 done train_loss=1.2433 dt=27.7s
2026-07-16 23:39:53,945 [INFO] trainer: epoch 263 step 50/135 loss=1.1749 lr=9.58e-05
2026-07-16 23:40:03,899 [INFO] trainer: epoch 263 step 100/135 loss=1.1862 lr=9.56e-05
2026-07-16 23:40:10,846 [INFO] trainer: epoch 263 done train_loss=1.1950 dt=27.8s
2026-07-16 23:40:21,803 [INFO] trainer: epoch 264 step 50/135 loss=1.2188 lr=9.52e-05
2026-07-16 23:40:31,673 [INFO] trainer: epoch 264 step 100/135 loss=1.1857 lr=9.49e-05
2026-07-16 23:40:38,587 [INFO] trainer: epoch 264 done train_loss=1.2084 dt=27.7s
2026-07-16 23:40:49,518 [INFO] trainer: epoch 265 step 50/135 loss=1.2152 lr=9.45e-05
2026-07-16 23:40:59,460 [INFO] trainer: epoch 265 step 100/135 loss=1.1705 lr=9.43e-05
2026-07-16 23:41:06,409 [INFO] trainer: epoch 265 done train_loss=1.1941 dt=27.8s
2026-07-16 23:41:17,200 [INFO] trainer: epoch 266 step 50/135 loss=1.1802 lr=9.39e-05
2026-07-16 23:41:27,136 [INFO] trainer: epoch 266 step 100/135 loss=1.2007 lr=9.37e-05
2026-07-16 23:41:34,098 [INFO] trainer: epoch 266 done train_loss=1.1947 dt=27.7s
2026-07-16 23:41:44,951 [INFO] trainer: epoch 267 step 50/135 loss=1.1616 lr=9.33e-05
2026-07-16 23:41:54,918 [INFO] trainer: epoch 267 step 100/135 loss=1.2209 lr=9.30e-05
2026-07-16 23:42:01,877 [INFO] trainer: epoch 267 done train_loss=1.1924 dt=27.8s
2026-07-16 23:42:12,789 [INFO] trainer: epoch 268 step 50/135 loss=1.2042 lr=9.26e-05
2026-07-16 23:42:22,709 [INFO] trainer: epoch 268 step 100/135 loss=1.2275 lr=9.24e-05
2026-07-16 23:42:29,612 [INFO] trainer: epoch 268 done train_loss=1.2094 dt=27.7s
2026-07-16 23:42:40,490 [INFO] trainer: epoch 269 step 50/135 loss=1.1888 lr=9.20e-05
2026-07-16 23:42:50,407 [INFO] trainer: epoch 269 step 100/135 loss=1.2033 lr=9.17e-05
2026-07-16 23:42:57,356 [INFO] trainer: epoch 269 done train_loss=1.1947 dt=27.7s
2026-07-16 23:43:08,255 [INFO] trainer: epoch 270 step 50/135 loss=1.1771 lr=9.13e-05
2026-07-16 23:43:18,132 [INFO] trainer: epoch 270 step 100/135 loss=1.2121 lr=9.11e-05
2026-07-16 23:43:25,033 [INFO] trainer: epoch 270 done train_loss=1.2038 dt=27.7s
2026-07-16 23:43:36,670 [INFO] trainer: epoch 271 step 50/135 loss=1.1699 lr=9.07e-05
2026-07-16 23:43:46,585 [INFO] trainer: epoch 271 step 100/135 loss=1.2016 lr=9.05e-05
2026-07-16 23:43:53,516 [INFO] trainer: epoch 271 done train_loss=1.1832 dt=27.9s
2026-07-16 23:44:04,242 [INFO] trainer: epoch 272 step 50/135 loss=1.2279 lr=9.01e-05
2026-07-16 23:44:14,151 [INFO] trainer: epoch 272 step 100/135 loss=1.1777 lr=8.98e-05
2026-07-16 23:44:21,051 [INFO] trainer: epoch 272 done train_loss=1.1957 dt=27.5s
2026-07-16 23:44:31,929 [INFO] trainer: epoch 273 step 50/135 loss=1.1682 lr=8.94e-05
2026-07-16 23:44:41,836 [INFO] trainer: epoch 273 step 100/135 loss=1.1739 lr=8.92e-05
2026-07-16 23:44:48,766 [INFO] trainer: epoch 273 done train_loss=1.1617 dt=27.7s
2026-07-16 23:44:59,828 [INFO] trainer: epoch 274 step 50/135 loss=1.1636 lr=8.88e-05
2026-07-16 23:45:09,724 [INFO] trainer: epoch 274 step 100/135 loss=1.1812 lr=8.86e-05
2026-07-16 23:45:16,631 [INFO] trainer: epoch 274 done train_loss=1.1737 dt=27.9s
2026-07-16 23:45:27,416 [INFO] trainer: epoch 275 step 50/135 loss=1.2228 lr=8.82e-05
2026-07-16 23:45:37,343 [INFO] trainer: epoch 275 step 100/135 loss=1.2126 lr=8.79e-05
2026-07-16 23:45:44,267 [INFO] trainer: epoch 275 done train_loss=1.2233 dt=27.6s
2026-07-16 23:46:30,776 [INFO] trainer: epoch 275 val_mean_dice=0.7654
2026-07-16 23:46:41,770 [INFO] trainer: epoch 276 step 50/135 loss=1.2105 lr=8.75e-05
2026-07-16 23:46:51,686 [INFO] trainer: epoch 276 step 100/135 loss=1.2454 lr=8.73e-05
2026-07-16 23:46:58,602 [INFO] trainer: epoch 276 done train_loss=1.2122 dt=27.8s
2026-07-16 23:47:09,621 [INFO] trainer: epoch 277 step 50/135 loss=1.2329 lr=8.69e-05
2026-07-16 23:47:19,503 [INFO] trainer: epoch 277 step 100/135 loss=1.1246 lr=8.67e-05
2026-07-16 23:47:26,421 [INFO] trainer: epoch 277 done train_loss=1.1826 dt=27.8s
2026-07-16 23:47:38,140 [INFO] trainer: epoch 278 step 50/135 loss=1.2641 lr=8.63e-05
2026-07-16 23:47:48,080 [INFO] trainer: epoch 278 step 100/135 loss=1.1980 lr=8.60e-05
2026-07-16 23:47:55,024 [INFO] trainer: epoch 278 done train_loss=1.2122 dt=28.6s
2026-07-16 23:48:05,918 [INFO] trainer: epoch 279 step 50/135 loss=1.1688 lr=8.56e-05
2026-07-16 23:48:15,839 [INFO] trainer: epoch 279 step 100/135 loss=1.1544 lr=8.54e-05
2026-07-16 23:48:22,750 [INFO] trainer: epoch 279 done train_loss=1.1720 dt=27.7s
2026-07-16 23:48:33,683 [INFO] trainer: epoch 280 step 50/135 loss=1.1436 lr=8.50e-05
2026-07-16 23:48:43,583 [INFO] trainer: epoch 280 step 100/135 loss=1.1881 lr=8.48e-05
2026-07-16 23:48:50,517 [INFO] trainer: epoch 280 done train_loss=1.1863 dt=27.8s
2026-07-16 23:49:02,004 [INFO] trainer: epoch 281 step 50/135 loss=1.1891 lr=8.44e-05
2026-07-16 23:49:11,917 [INFO] trainer: epoch 281 step 100/135 loss=1.2084 lr=8.42e-05
2026-07-16 23:49:18,839 [INFO] trainer: epoch 281 done train_loss=1.1949 dt=27.7s
2026-07-16 23:49:29,746 [INFO] trainer: epoch 282 step 50/135 loss=1.1845 lr=8.38e-05
2026-07-16 23:49:39,674 [INFO] trainer: epoch 282 step 100/135 loss=1.1078 lr=8.35e-05
2026-07-16 23:49:46,612 [INFO] trainer: epoch 282 done train_loss=1.1695 dt=27.8s
2026-07-16 23:49:57,797 [INFO] trainer: epoch 283 step 50/135 loss=1.1749 lr=8.31e-05
2026-07-16 23:50:07,720 [INFO] trainer: epoch 283 step 100/135 loss=1.2155 lr=8.29e-05
2026-07-16 23:50:14,658 [INFO] trainer: epoch 283 done train_loss=1.1920 dt=28.0s
2026-07-16 23:50:25,493 [INFO] trainer: epoch 284 step 50/135 loss=1.1142 lr=8.25e-05
2026-07-16 23:50:35,426 [INFO] trainer: epoch 284 step 100/135 loss=1.2090 lr=8.23e-05
2026-07-16 23:50:42,377 [INFO] trainer: epoch 284 done train_loss=1.1722 dt=27.7s
2026-07-16 23:50:53,145 [INFO] trainer: epoch 285 step 50/135 loss=1.1912 lr=8.19e-05
2026-07-16 23:51:03,101 [INFO] trainer: epoch 285 step 100/135 loss=1.1436 lr=8.16e-05
2026-07-16 23:51:10,045 [INFO] trainer: epoch 285 done train_loss=1.1714 dt=27.7s
2026-07-16 23:51:21,120 [INFO] trainer: epoch 286 step 50/135 loss=1.1688 lr=8.12e-05
2026-07-16 23:51:31,081 [INFO] trainer: epoch 286 step 100/135 loss=1.1770 lr=8.10e-05
2026-07-16 23:51:37,992 [INFO] trainer: epoch 286 done train_loss=1.1826 dt=27.9s
2026-07-16 23:51:48,798 [INFO] trainer: epoch 287 step 50/135 loss=1.2286 lr=8.06e-05
2026-07-16 23:51:58,699 [INFO] trainer: epoch 287 step 100/135 loss=1.1994 lr=8.04e-05
2026-07-16 23:52:05,616 [INFO] trainer: epoch 287 done train_loss=1.2059 dt=27.6s
2026-07-16 23:52:16,446 [INFO] trainer: epoch 288 step 50/135 loss=1.1689 lr=8.00e-05
2026-07-16 23:52:26,393 [INFO] trainer: epoch 288 step 100/135 loss=1.1738 lr=7.98e-05
2026-07-16 23:52:33,322 [INFO] trainer: epoch 288 done train_loss=1.1782 dt=27.7s
2026-07-16 23:52:44,255 [INFO] trainer: epoch 289 step 50/135 loss=1.1242 lr=7.94e-05
2026-07-16 23:52:54,206 [INFO] trainer: epoch 289 step 100/135 loss=1.1915 lr=7.91e-05
2026-07-16 23:53:01,159 [INFO] trainer: epoch 289 done train_loss=1.1659 dt=27.8s
2026-07-16 23:53:12,151 [INFO] trainer: epoch 290 step 50/135 loss=1.1837 lr=7.88e-05
2026-07-16 23:53:22,093 [INFO] trainer: epoch 290 step 100/135 loss=1.1669 lr=7.85e-05
2026-07-16 23:53:29,034 [INFO] trainer: epoch 290 done train_loss=1.2021 dt=27.9s
2026-07-16 23:53:40,572 [INFO] trainer: epoch 291 step 50/135 loss=1.1308 lr=7.81e-05
2026-07-16 23:53:50,494 [INFO] trainer: epoch 291 step 100/135 loss=1.1783 lr=7.79e-05
2026-07-16 23:53:57,429 [INFO] trainer: epoch 291 done train_loss=1.1641 dt=27.8s
2026-07-16 23:54:08,234 [INFO] trainer: epoch 292 step 50/135 loss=1.1459 lr=7.75e-05
2026-07-16 23:54:18,164 [INFO] trainer: epoch 292 step 100/135 loss=1.1538 lr=7.73e-05
2026-07-16 23:54:25,084 [INFO] trainer: epoch 292 done train_loss=1.1454 dt=27.7s
2026-07-16 23:54:35,941 [INFO] trainer: epoch 293 step 50/135 loss=1.1838 lr=7.69e-05
2026-07-16 23:54:45,962 [INFO] trainer: epoch 293 step 100/135 loss=1.1593 lr=7.67e-05
2026-07-16 23:54:52,884 [INFO] trainer: epoch 293 done train_loss=1.1701 dt=27.8s
2026-07-16 23:55:03,798 [INFO] trainer: epoch 294 step 50/135 loss=1.2122 lr=7.63e-05
2026-07-16 23:55:13,716 [INFO] trainer: epoch 294 step 100/135 loss=1.1644 lr=7.60e-05
2026-07-16 23:55:20,655 [INFO] trainer: epoch 294 done train_loss=1.1886 dt=27.8s
2026-07-16 23:55:31,784 [INFO] trainer: epoch 295 step 50/135 loss=1.2012 lr=7.57e-05
2026-07-16 23:55:41,737 [INFO] trainer: epoch 295 step 100/135 loss=1.1644 lr=7.54e-05
2026-07-16 23:55:48,689 [INFO] trainer: epoch 295 done train_loss=1.1863 dt=28.0s
2026-07-16 23:55:59,516 [INFO] trainer: epoch 296 step 50/135 loss=1.1884 lr=7.50e-05
2026-07-16 23:56:09,422 [INFO] trainer: epoch 296 step 100/135 loss=1.1886 lr=7.48e-05
2026-07-16 23:56:16,360 [INFO] trainer: epoch 296 done train_loss=1.1802 dt=27.7s
2026-07-16 23:56:27,180 [INFO] trainer: epoch 297 step 50/135 loss=1.1549 lr=7.44e-05
2026-07-16 23:56:37,092 [INFO] trainer: epoch 297 step 100/135 loss=1.1923 lr=7.42e-05
2026-07-16 23:56:44,038 [INFO] trainer: epoch 297 done train_loss=1.1741 dt=27.7s
2026-07-16 23:56:55,006 [INFO] trainer: epoch 298 step 50/135 loss=1.2236 lr=7.38e-05
2026-07-16 23:57:04,926 [INFO] trainer: epoch 298 step 100/135 loss=1.1736 lr=7.36e-05
2026-07-16 23:57:11,863 [INFO] trainer: epoch 298 done train_loss=1.1898 dt=27.8s
2026-07-16 23:57:22,886 [INFO] trainer: epoch 299 step 50/135 loss=1.1234 lr=7.32e-05
2026-07-16 23:57:32,827 [INFO] trainer: epoch 299 step 100/135 loss=1.2119 lr=7.30e-05
2026-07-16 23:57:39,766 [INFO] trainer: epoch 299 done train_loss=1.1767 dt=27.9s
2026-07-16 23:57:50,621 [INFO] trainer: epoch 300 step 50/135 loss=1.1769 lr=7.26e-05
2026-07-16 23:58:00,559 [INFO] trainer: epoch 300 step 100/135 loss=1.1735 lr=7.24e-05
2026-07-16 23:58:07,497 [INFO] trainer: epoch 300 done train_loss=1.1618 dt=27.7s
2026-07-16 23:58:54,700 [INFO] trainer: epoch 300 val_mean_dice=0.7696
2026-07-16 23:59:07,028 [INFO] trainer: epoch 301 step 50/135 loss=1.1403 lr=7.20e-05
2026-07-16 23:59:16,930 [INFO] trainer: epoch 301 step 100/135 loss=1.1850 lr=7.17e-05
2026-07-16 23:59:23,865 [INFO] trainer: epoch 301 done train_loss=1.1570 dt=27.8s
2026-07-16 23:59:34,724 [INFO] trainer: epoch 302 step 50/135 loss=1.1467 lr=7.14e-05
2026-07-16 23:59:44,635 [INFO] trainer: epoch 302 step 100/135 loss=1.1685 lr=7.11e-05
2026-07-16 23:59:51,578 [INFO] trainer: epoch 302 done train_loss=1.1640 dt=27.7s
2026-07-17 00:00:02,546 [INFO] trainer: epoch 303 step 50/135 loss=1.1728 lr=7.07e-05
2026-07-17 00:00:12,464 [INFO] trainer: epoch 303 step 100/135 loss=1.1592 lr=7.05e-05
2026-07-17 00:00:19,401 [INFO] trainer: epoch 303 done train_loss=1.1796 dt=27.8s
2026-07-17 00:00:30,353 [INFO] trainer: epoch 304 step 50/135 loss=1.1822 lr=7.01e-05
2026-07-17 00:00:40,267 [INFO] trainer: epoch 304 step 100/135 loss=1.1368 lr=6.99e-05
2026-07-17 00:00:47,203 [INFO] trainer: epoch 304 done train_loss=1.1650 dt=27.8s
2026-07-17 00:00:58,120 [INFO] trainer: epoch 305 step 50/135 loss=1.2123 lr=6.95e-05
2026-07-17 00:01:08,054 [INFO] trainer: epoch 305 step 100/135 loss=1.1732 lr=6.93e-05
2026-07-17 00:01:14,989 [INFO] trainer: epoch 305 done train_loss=1.1959 dt=27.8s
2026-07-17 00:01:25,963 [INFO] trainer: epoch 306 step 50/135 loss=1.1635 lr=6.89e-05
2026-07-17 00:01:35,879 [INFO] trainer: epoch 306 step 100/135 loss=1.2014 lr=6.87e-05
2026-07-17 00:01:42,810 [INFO] trainer: epoch 306 done train_loss=1.1741 dt=27.8s
2026-07-17 00:01:53,731 [INFO] trainer: epoch 307 step 50/135 loss=1.1819 lr=6.83e-05
2026-07-17 00:02:03,667 [INFO] trainer: epoch 307 step 100/135 loss=1.2260 lr=6.81e-05
2026-07-17 00:02:10,606 [INFO] trainer: epoch 307 done train_loss=1.1768 dt=27.8s
2026-07-17 00:02:21,380 [INFO] trainer: epoch 308 step 50/135 loss=1.1732 lr=6.77e-05
2026-07-17 00:02:31,318 [INFO] trainer: epoch 308 step 100/135 loss=1.1208 lr=6.75e-05
2026-07-17 00:02:38,254 [INFO] trainer: epoch 308 done train_loss=1.1557 dt=27.6s
2026-07-17 00:02:49,135 [INFO] trainer: epoch 309 step 50/135 loss=1.2083 lr=6.71e-05
2026-07-17 00:02:59,047 [INFO] trainer: epoch 309 step 100/135 loss=1.1461 lr=6.69e-05
2026-07-17 00:03:05,981 [INFO] trainer: epoch 309 done train_loss=1.1771 dt=27.7s
2026-07-17 00:03:17,116 [INFO] trainer: epoch 310 step 50/135 loss=1.1568 lr=6.65e-05
2026-07-17 00:03:27,040 [INFO] trainer: epoch 310 step 100/135 loss=1.1542 lr=6.63e-05
2026-07-17 00:03:33,978 [INFO] trainer: epoch 310 done train_loss=1.1638 dt=28.0s
2026-07-17 00:03:45,394 [INFO] trainer: epoch 311 step 50/135 loss=1.1309 lr=6.59e-05
2026-07-17 00:03:55,329 [INFO] trainer: epoch 311 step 100/135 loss=1.1498 lr=6.57e-05
2026-07-17 00:04:02,279 [INFO] trainer: epoch 311 done train_loss=1.1544 dt=27.7s
2026-07-17 00:04:13,191 [INFO] trainer: epoch 312 step 50/135 loss=1.1489 lr=6.53e-05
2026-07-17 00:04:23,113 [INFO] trainer: epoch 312 step 100/135 loss=1.1526 lr=6.51e-05
2026-07-17 00:04:30,069 [INFO] trainer: epoch 312 done train_loss=1.1543 dt=27.8s
2026-07-17 00:04:40,940 [INFO] trainer: epoch 313 step 50/135 loss=1.1671 lr=6.47e-05
2026-07-17 00:04:50,881 [INFO] trainer: epoch 313 step 100/135 loss=1.1703 lr=6.45e-05
2026-07-17 00:04:57,814 [INFO] trainer: epoch 313 done train_loss=1.1594 dt=27.7s
2026-07-17 00:05:08,659 [INFO] trainer: epoch 314 step 50/135 loss=1.1799 lr=6.41e-05
2026-07-17 00:05:18,630 [INFO] trainer: epoch 314 step 100/135 loss=1.1676 lr=6.39e-05
2026-07-17 00:05:25,566 [INFO] trainer: epoch 314 done train_loss=1.1694 dt=27.8s
2026-07-17 00:05:36,559 [INFO] trainer: epoch 315 step 50/135 loss=1.1575 lr=6.35e-05
2026-07-17 00:05:46,490 [INFO] trainer: epoch 315 step 100/135 loss=1.2393 lr=6.33e-05
2026-07-17 00:05:53,423 [INFO] trainer: epoch 315 done train_loss=1.1960 dt=27.9s
2026-07-17 00:06:04,411 [INFO] trainer: epoch 316 step 50/135 loss=1.2074 lr=6.29e-05
2026-07-17 00:06:14,365 [INFO] trainer: epoch 316 step 100/135 loss=1.1881 lr=6.27e-05
2026-07-17 00:06:21,325 [INFO] trainer: epoch 316 done train_loss=1.1844 dt=27.9s
2026-07-17 00:06:32,328 [INFO] trainer: epoch 317 step 50/135 loss=1.1459 lr=6.24e-05
2026-07-17 00:06:42,258 [INFO] trainer: epoch 317 step 100/135 loss=1.1703 lr=6.21e-05
2026-07-17 00:06:49,185 [INFO] trainer: epoch 317 done train_loss=1.1669 dt=27.9s
2026-07-17 00:07:00,324 [INFO] trainer: epoch 318 step 50/135 loss=1.1383 lr=6.18e-05
2026-07-17 00:07:10,241 [INFO] trainer: epoch 318 step 100/135 loss=1.1658 lr=6.15e-05
2026-07-17 00:07:17,138 [INFO] trainer: epoch 318 done train_loss=1.1610 dt=28.0s
2026-07-17 00:07:28,066 [INFO] trainer: epoch 319 step 50/135 loss=1.1696 lr=6.12e-05
2026-07-17 00:07:38,013 [INFO] trainer: epoch 319 step 100/135 loss=1.1732 lr=6.10e-05
2026-07-17 00:07:44,955 [INFO] trainer: epoch 319 done train_loss=1.1747 dt=27.8s
2026-07-17 00:07:55,878 [INFO] trainer: epoch 320 step 50/135 loss=1.1802 lr=6.06e-05
2026-07-17 00:08:05,846 [INFO] trainer: epoch 320 step 100/135 loss=1.1773 lr=6.04e-05
2026-07-17 00:08:12,759 [INFO] trainer: epoch 320 done train_loss=1.1713 dt=27.8s
2026-07-17 00:08:24,302 [INFO] trainer: epoch 321 step 50/135 loss=1.1770 lr=6.00e-05
2026-07-17 00:08:34,223 [INFO] trainer: epoch 321 step 100/135 loss=1.1586 lr=5.98e-05
2026-07-17 00:08:41,146 [INFO] trainer: epoch 321 done train_loss=1.1770 dt=27.7s
2026-07-17 00:08:52,106 [INFO] trainer: epoch 322 step 50/135 loss=1.1199 lr=5.94e-05
2026-07-17 00:09:02,040 [INFO] trainer: epoch 322 step 100/135 loss=1.1865 lr=5.92e-05
2026-07-17 00:09:08,956 [INFO] trainer: epoch 322 done train_loss=1.1414 dt=27.8s
2026-07-17 00:09:19,694 [INFO] trainer: epoch 323 step 50/135 loss=1.1243 lr=5.88e-05
2026-07-17 00:09:29,628 [INFO] trainer: epoch 323 step 100/135 loss=1.2355 lr=5.86e-05
2026-07-17 00:09:36,587 [INFO] trainer: epoch 323 done train_loss=1.1632 dt=27.6s
2026-07-17 00:09:47,551 [INFO] trainer: epoch 324 step 50/135 loss=1.1356 lr=5.83e-05
2026-07-17 00:09:57,413 [INFO] trainer: epoch 324 step 100/135 loss=1.1305 lr=5.81e-05
2026-07-17 00:10:04,332 [INFO] trainer: epoch 324 done train_loss=1.1380 dt=27.7s
2026-07-17 00:10:15,228 [INFO] trainer: epoch 325 step 50/135 loss=1.1713 lr=5.77e-05
2026-07-17 00:10:25,121 [INFO] trainer: epoch 325 step 100/135 loss=1.1584 lr=5.75e-05
2026-07-17 00:10:32,040 [INFO] trainer: epoch 325 done train_loss=1.1528 dt=27.7s
2026-07-17 00:11:18,808 [INFO] trainer: epoch 325 val_mean_dice=0.7685
2026-07-17 00:11:29,837 [INFO] trainer: epoch 326 step 50/135 loss=1.1830 lr=5.71e-05
2026-07-17 00:11:39,780 [INFO] trainer: epoch 326 step 100/135 loss=1.1703 lr=5.69e-05
2026-07-17 00:11:46,719 [INFO] trainer: epoch 326 done train_loss=1.1797 dt=27.9s
2026-07-17 00:11:57,499 [INFO] trainer: epoch 327 step 50/135 loss=1.1096 lr=5.65e-05
2026-07-17 00:12:07,429 [INFO] trainer: epoch 327 step 100/135 loss=1.1843 lr=5.63e-05
2026-07-17 00:12:14,386 [INFO] trainer: epoch 327 done train_loss=1.1415 dt=27.7s
2026-07-17 00:12:25,289 [INFO] trainer: epoch 328 step 50/135 loss=1.1793 lr=5.60e-05
2026-07-17 00:12:35,198 [INFO] trainer: epoch 328 step 100/135 loss=1.1077 lr=5.58e-05
2026-07-17 00:12:42,116 [INFO] trainer: epoch 328 done train_loss=1.1507 dt=27.7s
2026-07-17 00:12:53,118 [INFO] trainer: epoch 329 step 50/135 loss=1.1734 lr=5.54e-05
2026-07-17 00:13:03,039 [INFO] trainer: epoch 329 step 100/135 loss=1.1589 lr=5.52e-05
2026-07-17 00:13:09,975 [INFO] trainer: epoch 329 done train_loss=1.1739 dt=27.9s
2026-07-17 00:13:21,028 [INFO] trainer: epoch 330 step 50/135 loss=1.1563 lr=5.48e-05
2026-07-17 00:13:30,929 [INFO] trainer: epoch 330 step 100/135 loss=1.1802 lr=5.46e-05
2026-07-17 00:13:37,870 [INFO] trainer: epoch 330 done train_loss=1.1668 dt=27.9s
2026-07-17 00:13:49,451 [INFO] trainer: epoch 331 step 50/135 loss=1.1926 lr=5.43e-05
2026-07-17 00:13:59,355 [INFO] trainer: epoch 331 step 100/135 loss=1.1698 lr=5.41e-05
2026-07-17 00:14:06,297 [INFO] trainer: epoch 331 done train_loss=1.1782 dt=27.8s
2026-07-17 00:14:17,138 [INFO] trainer: epoch 332 step 50/135 loss=1.1457 lr=5.37e-05
2026-07-17 00:14:27,012 [INFO] trainer: epoch 332 step 100/135 loss=1.1354 lr=5.35e-05
2026-07-17 00:14:33,917 [INFO] trainer: epoch 332 done train_loss=1.1569 dt=27.6s
2026-07-17 00:14:44,885 [INFO] trainer: epoch 333 step 50/135 loss=1.1542 lr=5.31e-05
2026-07-17 00:14:54,827 [INFO] trainer: epoch 333 step 100/135 loss=1.1429 lr=5.29e-05
2026-07-17 00:15:01,781 [INFO] trainer: epoch 333 done train_loss=1.1502 dt=27.9s
2026-07-17 00:15:12,619 [INFO] trainer: epoch 334 step 50/135 loss=1.1628 lr=5.26e-05
2026-07-17 00:15:22,542 [INFO] trainer: epoch 334 step 100/135 loss=1.1419 lr=5.24e-05
2026-07-17 00:15:29,488 [INFO] trainer: epoch 334 done train_loss=1.1571 dt=27.7s
2026-07-17 00:15:40,261 [INFO] trainer: epoch 335 step 50/135 loss=1.1382 lr=5.20e-05
2026-07-17 00:15:50,202 [INFO] trainer: epoch 335 step 100/135 loss=1.1403 lr=5.18e-05
2026-07-17 00:15:57,150 [INFO] trainer: epoch 335 done train_loss=1.1328 dt=27.7s
2026-07-17 00:16:08,165 [INFO] trainer: epoch 336 step 50/135 loss=1.0981 lr=5.15e-05
2026-07-17 00:16:18,075 [INFO] trainer: epoch 336 step 100/135 loss=1.1134 lr=5.13e-05
2026-07-17 00:16:25,027 [INFO] trainer: epoch 336 done train_loss=1.1179 dt=27.9s
2026-07-17 00:16:36,094 [INFO] trainer: epoch 337 step 50/135 loss=1.1518 lr=5.09e-05
2026-07-17 00:16:46,038 [INFO] trainer: epoch 337 step 100/135 loss=1.1474 lr=5.07e-05
2026-07-17 00:16:52,987 [INFO] trainer: epoch 337 done train_loss=1.1608 dt=28.0s
2026-07-17 00:17:03,989 [INFO] trainer: epoch 338 step 50/135 loss=1.1456 lr=5.04e-05
2026-07-17 00:17:13,899 [INFO] trainer: epoch 338 step 100/135 loss=1.1424 lr=5.02e-05
2026-07-17 00:17:20,834 [INFO] trainer: epoch 338 done train_loss=1.1558 dt=27.8s
2026-07-17 00:17:31,899 [INFO] trainer: epoch 339 step 50/135 loss=1.1150 lr=4.98e-05
2026-07-17 00:17:41,809 [INFO] trainer: epoch 339 step 100/135 loss=1.1366 lr=4.96e-05
2026-07-17 00:17:48,762 [INFO] trainer: epoch 339 done train_loss=1.1462 dt=27.9s
2026-07-17 00:17:59,983 [INFO] trainer: epoch 340 step 50/135 loss=1.1640 lr=4.93e-05
2026-07-17 00:18:09,916 [INFO] trainer: epoch 340 step 100/135 loss=1.1637 lr=4.91e-05
2026-07-17 00:18:16,843 [INFO] trainer: epoch 340 done train_loss=1.1698 dt=28.1s
2026-07-17 00:18:28,276 [INFO] trainer: epoch 341 step 50/135 loss=1.1053 lr=4.87e-05
2026-07-17 00:18:38,201 [INFO] trainer: epoch 341 step 100/135 loss=1.1528 lr=4.85e-05
2026-07-17 00:18:45,140 [INFO] trainer: epoch 341 done train_loss=1.1388 dt=27.6s
2026-07-17 00:18:56,153 [INFO] trainer: epoch 342 step 50/135 loss=1.2189 lr=4.82e-05
2026-07-17 00:19:06,105 [INFO] trainer: epoch 342 step 100/135 loss=1.1858 lr=4.80e-05
2026-07-17 00:19:13,038 [INFO] trainer: epoch 342 done train_loss=1.2018 dt=27.9s
2026-07-17 00:19:23,874 [INFO] trainer: epoch 343 step 50/135 loss=1.1542 lr=4.76e-05
2026-07-17 00:19:33,789 [INFO] trainer: epoch 343 step 100/135 loss=1.1611 lr=4.74e-05
2026-07-17 00:19:40,718 [INFO] trainer: epoch 343 done train_loss=1.1482 dt=27.7s
2026-07-17 00:19:51,480 [INFO] trainer: epoch 344 step 50/135 loss=1.1515 lr=4.71e-05
2026-07-17 00:20:01,372 [INFO] trainer: epoch 344 step 100/135 loss=1.1486 lr=4.69e-05
2026-07-17 00:20:08,275 [INFO] trainer: epoch 344 done train_loss=1.1506 dt=27.6s
2026-07-17 00:20:19,207 [INFO] trainer: epoch 345 step 50/135 loss=1.1476 lr=4.66e-05
2026-07-17 00:20:29,122 [INFO] trainer: epoch 345 step 100/135 loss=1.0975 lr=4.64e-05
2026-07-17 00:20:36,060 [INFO] trainer: epoch 345 done train_loss=1.1351 dt=27.8s
2026-07-17 00:20:47,157 [INFO] trainer: epoch 346 step 50/135 loss=1.1620 lr=4.60e-05
2026-07-17 00:20:57,088 [INFO] trainer: epoch 346 step 100/135 loss=1.1397 lr=4.58e-05
2026-07-17 00:21:04,037 [INFO] trainer: epoch 346 done train_loss=1.1460 dt=28.0s
2026-07-17 00:21:14,862 [INFO] trainer: epoch 347 step 50/135 loss=1.1438 lr=4.55e-05
2026-07-17 00:21:24,800 [INFO] trainer: epoch 347 step 100/135 loss=1.1507 lr=4.53e-05
2026-07-17 00:21:31,738 [INFO] trainer: epoch 347 done train_loss=1.1458 dt=27.7s
2026-07-17 00:21:42,627 [INFO] trainer: epoch 348 step 50/135 loss=1.1401 lr=4.50e-05
2026-07-17 00:21:52,586 [INFO] trainer: epoch 348 step 100/135 loss=1.1216 lr=4.48e-05
2026-07-17 00:21:59,530 [INFO] trainer: epoch 348 done train_loss=1.1362 dt=27.8s
2026-07-17 00:22:10,580 [INFO] trainer: epoch 349 step 50/135 loss=1.2153 lr=4.44e-05
2026-07-17 00:22:20,489 [INFO] trainer: epoch 349 step 100/135 loss=1.1997 lr=4.42e-05
2026-07-17 00:22:27,440 [INFO] trainer: epoch 349 done train_loss=1.1887 dt=27.9s
2026-07-17 00:22:38,190 [INFO] trainer: epoch 350 step 50/135 loss=1.1241 lr=4.39e-05
2026-07-17 00:22:48,087 [INFO] trainer: epoch 350 step 100/135 loss=1.1443 lr=4.37e-05
2026-07-17 00:22:55,025 [INFO] trainer: epoch 350 done train_loss=1.1358 dt=27.6s
2026-07-17 00:23:41,442 [INFO] trainer: epoch 350 val_mean_dice=0.7720
2026-07-17 00:23:53,606 [INFO] trainer: epoch 351 step 50/135 loss=1.1636 lr=4.34e-05
2026-07-17 00:24:03,528 [INFO] trainer: epoch 351 step 100/135 loss=1.1316 lr=4.32e-05
2026-07-17 00:24:10,467 [INFO] trainer: epoch 351 done train_loss=1.1383 dt=27.8s
2026-07-17 00:24:21,247 [INFO] trainer: epoch 352 step 50/135 loss=1.1079 lr=4.29e-05
2026-07-17 00:24:31,182 [INFO] trainer: epoch 352 step 100/135 loss=1.1420 lr=4.27e-05
2026-07-17 00:24:38,135 [INFO] trainer: epoch 352 done train_loss=1.1325 dt=27.7s
2026-07-17 00:24:49,004 [INFO] trainer: epoch 353 step 50/135 loss=1.1421 lr=4.23e-05
2026-07-17 00:24:58,948 [INFO] trainer: epoch 353 step 100/135 loss=1.1995 lr=4.22e-05
2026-07-17 00:25:05,901 [INFO] trainer: epoch 353 done train_loss=1.1509 dt=27.8s
2026-07-17 00:25:16,766 [INFO] trainer: epoch 354 step 50/135 loss=1.1508 lr=4.18e-05
2026-07-17 00:25:26,698 [INFO] trainer: epoch 354 step 100/135 loss=1.0955 lr=4.16e-05
2026-07-17 00:25:33,666 [INFO] trainer: epoch 354 done train_loss=1.1362 dt=27.8s
2026-07-17 00:25:44,583 [INFO] trainer: epoch 355 step 50/135 loss=1.1341 lr=4.13e-05
2026-07-17 00:25:54,547 [INFO] trainer: epoch 355 step 100/135 loss=1.1579 lr=4.11e-05
2026-07-17 00:26:01,474 [INFO] trainer: epoch 355 done train_loss=1.1600 dt=27.8s
2026-07-17 00:26:12,840 [INFO] trainer: epoch 356 step 50/135 loss=1.1494 lr=4.08e-05
2026-07-17 00:26:22,799 [INFO] trainer: epoch 356 step 100/135 loss=1.1254 lr=4.06e-05
2026-07-17 00:26:29,734 [INFO] trainer: epoch 356 done train_loss=1.1484 dt=28.3s
2026-07-17 00:26:40,724 [INFO] trainer: epoch 357 step 50/135 loss=1.1653 lr=4.03e-05
2026-07-17 00:26:50,668 [INFO] trainer: epoch 357 step 100/135 loss=1.1758 lr=4.01e-05
2026-07-17 00:26:57,617 [INFO] trainer: epoch 357 done train_loss=1.1561 dt=27.9s
2026-07-17 00:27:08,535 [INFO] trainer: epoch 358 step 50/135 loss=1.1676 lr=3.98e-05
2026-07-17 00:27:18,443 [INFO] trainer: epoch 358 step 100/135 loss=1.1683 lr=3.96e-05
2026-07-17 00:27:25,374 [INFO] trainer: epoch 358 done train_loss=1.1527 dt=27.8s
2026-07-17 00:27:36,361 [INFO] trainer: epoch 359 step 50/135 loss=1.1187 lr=3.93e-05
2026-07-17 00:27:46,258 [INFO] trainer: epoch 359 step 100/135 loss=1.1868 lr=3.91e-05
2026-07-17 00:27:53,189 [INFO] trainer: epoch 359 done train_loss=1.1433 dt=27.8s
2026-07-17 00:28:03,937 [INFO] trainer: epoch 360 step 50/135 loss=1.1374 lr=3.88e-05
2026-07-17 00:28:13,905 [INFO] trainer: epoch 360 step 100/135 loss=1.1223 lr=3.86e-05
2026-07-17 00:28:20,854 [INFO] trainer: epoch 360 done train_loss=1.1327 dt=27.7s
2026-07-17 00:28:32,405 [INFO] trainer: epoch 361 step 50/135 loss=1.1883 lr=3.83e-05
2026-07-17 00:28:42,359 [INFO] trainer: epoch 361 step 100/135 loss=1.1462 lr=3.81e-05
2026-07-17 00:28:49,309 [INFO] trainer: epoch 361 done train_loss=1.1617 dt=27.8s
2026-07-17 00:29:00,649 [INFO] trainer: epoch 362 step 50/135 loss=1.1673 lr=3.78e-05
2026-07-17 00:29:10,533 [INFO] trainer: epoch 362 step 100/135 loss=1.1905 lr=3.76e-05
2026-07-17 00:29:17,465 [INFO] trainer: epoch 362 done train_loss=1.1710 dt=28.2s
2026-07-17 00:29:28,387 [INFO] trainer: epoch 363 step 50/135 loss=1.1226 lr=3.73e-05
2026-07-17 00:29:38,332 [INFO] trainer: epoch 363 step 100/135 loss=1.1409 lr=3.71e-05
2026-07-17 00:29:45,306 [INFO] trainer: epoch 363 done train_loss=1.1306 dt=27.8s
2026-07-17 00:29:56,107 [INFO] trainer: epoch 364 step 50/135 loss=1.1630 lr=3.68e-05
2026-07-17 00:30:06,069 [INFO] trainer: epoch 364 step 100/135 loss=1.1467 lr=3.66e-05
2026-07-17 00:30:13,014 [INFO] trainer: epoch 364 done train_loss=1.1462 dt=27.7s
2026-07-17 00:30:23,843 [INFO] trainer: epoch 365 step 50/135 loss=1.1587 lr=3.63e-05
2026-07-17 00:30:33,773 [INFO] trainer: epoch 365 step 100/135 loss=1.1937 lr=3.61e-05
2026-07-17 00:30:40,736 [INFO] trainer: epoch 365 done train_loss=1.1716 dt=27.7s
2026-07-17 00:30:51,588 [INFO] trainer: epoch 366 step 50/135 loss=1.1040 lr=3.58e-05
2026-07-17 00:31:01,532 [INFO] trainer: epoch 366 step 100/135 loss=1.1786 lr=3.56e-05
2026-07-17 00:31:08,485 [INFO] trainer: epoch 366 done train_loss=1.1324 dt=27.7s
2026-07-17 00:31:19,606 [INFO] trainer: epoch 367 step 50/135 loss=1.1327 lr=3.53e-05
2026-07-17 00:31:29,565 [INFO] trainer: epoch 367 step 100/135 loss=1.1358 lr=3.52e-05
2026-07-17 00:31:36,503 [INFO] trainer: epoch 367 done train_loss=1.1265 dt=28.0s
2026-07-17 00:31:47,679 [INFO] trainer: epoch 368 step 50/135 loss=1.1434 lr=3.49e-05
2026-07-17 00:31:57,629 [INFO] trainer: epoch 368 step 100/135 loss=1.1245 lr=3.47e-05
2026-07-17 00:32:04,604 [INFO] trainer: epoch 368 done train_loss=1.1327 dt=28.1s
2026-07-17 00:32:15,432 [INFO] trainer: epoch 369 step 50/135 loss=1.1401 lr=3.44e-05
2026-07-17 00:32:25,330 [INFO] trainer: epoch 369 step 100/135 loss=1.1658 lr=3.42e-05
2026-07-17 00:32:32,263 [INFO] trainer: epoch 369 done train_loss=1.1475 dt=27.7s
2026-07-17 00:32:43,268 [INFO] trainer: epoch 370 step 50/135 loss=1.1783 lr=3.39e-05
2026-07-17 00:32:53,214 [INFO] trainer: epoch 370 step 100/135 loss=1.1780 lr=3.37e-05
2026-07-17 00:33:00,161 [INFO] trainer: epoch 370 done train_loss=1.1683 dt=27.9s
2026-07-17 00:33:11,614 [INFO] trainer: epoch 371 step 50/135 loss=1.1444 lr=3.34e-05
2026-07-17 00:33:21,520 [INFO] trainer: epoch 371 step 100/135 loss=1.0982 lr=3.33e-05
2026-07-17 00:33:28,462 [INFO] trainer: epoch 371 done train_loss=1.1364 dt=27.7s
2026-07-17 00:33:39,563 [INFO] trainer: epoch 372 step 50/135 loss=1.1437 lr=3.30e-05
2026-07-17 00:33:49,516 [INFO] trainer: epoch 372 step 100/135 loss=1.1743 lr=3.28e-05
2026-07-17 00:33:56,442 [INFO] trainer: epoch 372 done train_loss=1.1512 dt=28.0s
2026-07-17 00:34:07,491 [INFO] trainer: epoch 373 step 50/135 loss=1.1529 lr=3.25e-05
2026-07-17 00:34:17,441 [INFO] trainer: epoch 373 step 100/135 loss=1.1733 lr=3.23e-05
2026-07-17 00:34:24,364 [INFO] trainer: epoch 373 done train_loss=1.1776 dt=27.9s
2026-07-17 00:34:35,156 [INFO] trainer: epoch 374 step 50/135 loss=1.1709 lr=3.20e-05
2026-07-17 00:34:45,061 [INFO] trainer: epoch 374 step 100/135 loss=1.1591 lr=3.19e-05
2026-07-17 00:34:52,149 [INFO] trainer: epoch 374 done train_loss=1.1501 dt=27.8s
2026-07-17 00:35:03,317 [INFO] trainer: epoch 375 step 50/135 loss=1.1464 lr=3.16e-05
2026-07-17 00:35:13,261 [INFO] trainer: epoch 375 step 100/135 loss=1.1334 lr=3.14e-05
2026-07-17 00:35:20,219 [INFO] trainer: epoch 375 done train_loss=1.1357 dt=28.1s
2026-07-17 00:36:07,315 [INFO] trainer: epoch 375 val_mean_dice=0.7747
2026-07-17 00:36:18,915 [INFO] trainer: epoch 376 step 50/135 loss=1.1514 lr=3.11e-05
2026-07-17 00:36:28,828 [INFO] trainer: epoch 376 step 100/135 loss=1.1550 lr=3.09e-05
2026-07-17 00:36:35,745 [INFO] trainer: epoch 376 done train_loss=1.1490 dt=27.8s
2026-07-17 00:36:46,611 [INFO] trainer: epoch 377 step 50/135 loss=1.1289 lr=3.07e-05
2026-07-17 00:36:56,545 [INFO] trainer: epoch 377 step 100/135 loss=1.1853 lr=3.05e-05
2026-07-17 00:37:03,498 [INFO] trainer: epoch 377 done train_loss=1.1515 dt=27.8s
2026-07-17 00:37:14,540 [INFO] trainer: epoch 378 step 50/135 loss=1.1512 lr=3.02e-05
2026-07-17 00:37:24,474 [INFO] trainer: epoch 378 step 100/135 loss=1.1330 lr=3.00e-05
2026-07-17 00:37:31,409 [INFO] trainer: epoch 378 done train_loss=1.1477 dt=27.9s
2026-07-17 00:37:42,422 [INFO] trainer: epoch 379 step 50/135 loss=1.0859 lr=2.98e-05
2026-07-17 00:37:52,299 [INFO] trainer: epoch 379 step 100/135 loss=1.1118 lr=2.96e-05
2026-07-17 00:37:59,247 [INFO] trainer: epoch 379 done train_loss=1.1162 dt=27.8s
2026-07-17 00:38:10,360 [INFO] trainer: epoch 380 step 50/135 loss=1.1535 lr=2.93e-05
2026-07-17 00:38:20,302 [INFO] trainer: epoch 380 step 100/135 loss=1.1335 lr=2.91e-05
2026-07-17 00:38:27,248 [INFO] trainer: epoch 380 done train_loss=1.1505 dt=28.0s
2026-07-17 00:38:38,750 [INFO] trainer: epoch 381 step 50/135 loss=1.1390 lr=2.89e-05
2026-07-17 00:38:49,139 [INFO] trainer: epoch 381 step 100/135 loss=1.1609 lr=2.87e-05
2026-07-17 00:38:56,097 [INFO] trainer: epoch 381 done train_loss=1.1445 dt=28.2s
2026-07-17 00:39:07,224 [INFO] trainer: epoch 382 step 50/135 loss=1.1413 lr=2.84e-05
2026-07-17 00:39:17,177 [INFO] trainer: epoch 382 step 100/135 loss=1.1256 lr=2.83e-05
2026-07-17 00:39:25,315 [INFO] trainer: epoch 382 done train_loss=1.1443 dt=29.2s
2026-07-17 00:39:36,112 [INFO] trainer: epoch 383 step 50/135 loss=1.1480 lr=2.80e-05
2026-07-17 00:39:46,004 [INFO] trainer: epoch 383 step 100/135 loss=1.0908 lr=2.78e-05
2026-07-17 00:39:52,932 [INFO] trainer: epoch 383 done train_loss=1.1353 dt=27.6s
2026-07-17 00:40:03,945 [INFO] trainer: epoch 384 step 50/135 loss=1.0797 lr=2.75e-05
2026-07-17 00:40:13,880 [INFO] trainer: epoch 384 step 100/135 loss=1.1542 lr=2.74e-05
2026-07-17 00:40:20,811 [INFO] trainer: epoch 384 done train_loss=1.1257 dt=27.9s
2026-07-17 00:40:31,574 [INFO] trainer: epoch 385 step 50/135 loss=1.1238 lr=2.71e-05
2026-07-17 00:40:41,465 [INFO] trainer: epoch 385 step 100/135 loss=1.1237 lr=2.70e-05
2026-07-17 00:40:48,385 [INFO] trainer: epoch 385 done train_loss=1.1361 dt=27.6s
2026-07-17 00:40:59,266 [INFO] trainer: epoch 386 step 50/135 loss=1.1290 lr=2.67e-05
2026-07-17 00:41:09,196 [INFO] trainer: epoch 386 step 100/135 loss=1.1615 lr=2.65e-05
2026-07-17 00:41:16,165 [INFO] trainer: epoch 386 done train_loss=1.1429 dt=27.8s
2026-07-17 00:41:27,160 [INFO] trainer: epoch 387 step 50/135 loss=1.1533 lr=2.63e-05
2026-07-17 00:41:37,123 [INFO] trainer: epoch 387 step 100/135 loss=1.1139 lr=2.61e-05
2026-07-17 00:41:44,064 [INFO] trainer: epoch 387 done train_loss=1.1241 dt=27.9s
2026-07-17 00:41:55,067 [INFO] trainer: epoch 388 step 50/135 loss=1.1479 lr=2.58e-05
2026-07-17 00:42:04,952 [INFO] trainer: epoch 388 step 100/135 loss=1.1078 lr=2.57e-05
2026-07-17 00:42:11,866 [INFO] trainer: epoch 388 done train_loss=1.1398 dt=27.8s
2026-07-17 00:42:22,821 [INFO] trainer: epoch 389 step 50/135 loss=1.0989 lr=2.54e-05
2026-07-17 00:42:32,761 [INFO] trainer: epoch 389 step 100/135 loss=1.1214 lr=2.53e-05
2026-07-17 00:42:39,705 [INFO] trainer: epoch 389 done train_loss=1.1074 dt=27.8s
2026-07-17 00:42:50,473 [INFO] trainer: epoch 390 step 50/135 loss=1.1357 lr=2.50e-05
2026-07-17 00:43:00,372 [INFO] trainer: epoch 390 step 100/135 loss=1.1459 lr=2.48e-05
2026-07-17 00:43:07,296 [INFO] trainer: epoch 390 done train_loss=1.1476 dt=27.6s
2026-07-17 00:43:18,859 [INFO] trainer: epoch 391 step 50/135 loss=1.1954 lr=2.46e-05
2026-07-17 00:43:28,849 [INFO] trainer: epoch 391 step 100/135 loss=1.1733 lr=2.44e-05
2026-07-17 00:43:35,772 [INFO] trainer: epoch 391 done train_loss=1.1706 dt=27.8s
2026-07-17 00:43:46,695 [INFO] trainer: epoch 392 step 50/135 loss=1.1534 lr=2.42e-05
2026-07-17 00:43:56,632 [INFO] trainer: epoch 392 step 100/135 loss=1.1395 lr=2.40e-05
2026-07-17 00:44:03,586 [INFO] trainer: epoch 392 done train_loss=1.1497 dt=27.8s
2026-07-17 00:44:14,526 [INFO] trainer: epoch 393 step 50/135 loss=1.1508 lr=2.38e-05
2026-07-17 00:44:24,463 [INFO] trainer: epoch 393 step 100/135 loss=1.1061 lr=2.36e-05
2026-07-17 00:44:31,419 [INFO] trainer: epoch 393 done train_loss=1.1427 dt=27.8s
2026-07-17 00:44:42,348 [INFO] trainer: epoch 394 step 50/135 loss=1.1212 lr=2.34e-05
2026-07-17 00:44:52,293 [INFO] trainer: epoch 394 step 100/135 loss=1.1521 lr=2.32e-05
2026-07-17 00:44:59,235 [INFO] trainer: epoch 394 done train_loss=1.1325 dt=27.8s
2026-07-17 00:45:09,987 [INFO] trainer: epoch 395 step 50/135 loss=1.1689 lr=2.30e-05
2026-07-17 00:45:19,907 [INFO] trainer: epoch 395 step 100/135 loss=1.1459 lr=2.28e-05
2026-07-17 00:45:26,851 [INFO] trainer: epoch 395 done train_loss=1.1374 dt=27.6s
2026-07-17 00:45:37,648 [INFO] trainer: epoch 396 step 50/135 loss=1.1669 lr=2.26e-05
2026-07-17 00:45:47,561 [INFO] trainer: epoch 396 step 100/135 loss=1.1460 lr=2.24e-05
2026-07-17 00:45:54,492 [INFO] trainer: epoch 396 done train_loss=1.1648 dt=27.6s
2026-07-17 00:46:05,536 [INFO] trainer: epoch 397 step 50/135 loss=1.1358 lr=2.22e-05
2026-07-17 00:46:15,465 [INFO] trainer: epoch 397 step 100/135 loss=1.0927 lr=2.20e-05
2026-07-17 00:46:22,402 [INFO] trainer: epoch 397 done train_loss=1.1335 dt=27.9s
2026-07-17 00:46:33,227 [INFO] trainer: epoch 398 step 50/135 loss=1.1510 lr=2.18e-05
2026-07-17 00:46:43,159 [INFO] trainer: epoch 398 step 100/135 loss=1.1063 lr=2.16e-05
2026-07-17 00:46:50,091 [INFO] trainer: epoch 398 done train_loss=1.1154 dt=27.7s
2026-07-17 00:47:01,116 [INFO] trainer: epoch 399 step 50/135 loss=1.1336 lr=2.14e-05
2026-07-17 00:47:11,049 [INFO] trainer: epoch 399 step 100/135 loss=1.1432 lr=2.12e-05
2026-07-17 00:47:17,975 [INFO] trainer: epoch 399 done train_loss=1.1338 dt=27.9s
2026-07-17 00:47:28,730 [INFO] trainer: epoch 400 step 50/135 loss=1.1719 lr=2.10e-05
2026-07-17 00:47:38,674 [INFO] trainer: epoch 400 step 100/135 loss=1.1451 lr=2.09e-05
2026-07-17 00:47:45,610 [INFO] trainer: epoch 400 done train_loss=1.1557 dt=27.6s
2026-07-17 00:48:31,995 [INFO] trainer: epoch 400 val_mean_dice=0.7756
2026-07-17 00:48:43,792 [INFO] trainer: epoch 401 step 50/135 loss=1.1751 lr=2.06e-05
2026-07-17 00:48:53,719 [INFO] trainer: epoch 401 step 100/135 loss=1.1920 lr=2.05e-05
2026-07-17 00:49:00,646 [INFO] trainer: epoch 401 done train_loss=1.1716 dt=27.6s
2026-07-17 00:49:11,740 [INFO] trainer: epoch 402 step 50/135 loss=1.1540 lr=2.02e-05
2026-07-17 00:49:21,662 [INFO] trainer: epoch 402 step 100/135 loss=1.1105 lr=2.01e-05
2026-07-17 00:49:28,596 [INFO] trainer: epoch 402 done train_loss=1.1293 dt=27.9s
2026-07-17 00:49:39,489 [INFO] trainer: epoch 403 step 50/135 loss=1.1259 lr=1.99e-05
2026-07-17 00:49:49,419 [INFO] trainer: epoch 403 step 100/135 loss=1.1324 lr=1.97e-05
2026-07-17 00:49:56,354 [INFO] trainer: epoch 403 done train_loss=1.1334 dt=27.8s
2026-07-17 00:50:07,180 [INFO] trainer: epoch 404 step 50/135 loss=1.1287 lr=1.95e-05
2026-07-17 00:50:17,126 [INFO] trainer: epoch 404 step 100/135 loss=1.1147 lr=1.94e-05
2026-07-17 00:50:24,059 [INFO] trainer: epoch 404 done train_loss=1.1343 dt=27.7s
2026-07-17 00:50:35,058 [INFO] trainer: epoch 405 step 50/135 loss=1.1455 lr=1.91e-05
2026-07-17 00:50:45,002 [INFO] trainer: epoch 405 step 100/135 loss=1.1305 lr=1.90e-05
2026-07-17 00:50:51,950 [INFO] trainer: epoch 405 done train_loss=1.1344 dt=27.9s
2026-07-17 00:51:02,817 [INFO] trainer: epoch 406 step 50/135 loss=1.1236 lr=1.88e-05
2026-07-17 00:51:12,741 [INFO] trainer: epoch 406 step 100/135 loss=1.1531 lr=1.86e-05
2026-07-17 00:51:19,675 [INFO] trainer: epoch 406 done train_loss=1.1382 dt=27.7s
2026-07-17 00:51:30,512 [INFO] trainer: epoch 407 step 50/135 loss=1.1289 lr=1.84e-05
2026-07-17 00:51:40,460 [INFO] trainer: epoch 407 step 100/135 loss=1.1845 lr=1.83e-05
2026-07-17 00:51:47,405 [INFO] trainer: epoch 407 done train_loss=1.1497 dt=27.7s
2026-07-17 00:51:58,142 [INFO] trainer: epoch 408 step 50/135 loss=1.1681 lr=1.80e-05
2026-07-17 00:52:08,059 [INFO] trainer: epoch 408 step 100/135 loss=1.1352 lr=1.79e-05
2026-07-17 00:52:14,984 [INFO] trainer: epoch 408 done train_loss=1.1394 dt=27.6s
2026-07-17 00:52:25,839 [INFO] trainer: epoch 409 step 50/135 loss=1.1365 lr=1.77e-05
2026-07-17 00:52:35,786 [INFO] trainer: epoch 409 step 100/135 loss=1.1690 lr=1.76e-05
2026-07-17 00:52:42,732 [INFO] trainer: epoch 409 done train_loss=1.1561 dt=27.7s
2026-07-17 00:52:53,575 [INFO] trainer: epoch 410 step 50/135 loss=1.1263 lr=1.73e-05
2026-07-17 00:53:03,513 [INFO] trainer: epoch 410 step 100/135 loss=1.0987 lr=1.72e-05
2026-07-17 00:53:10,434 [INFO] trainer: epoch 410 done train_loss=1.1052 dt=27.7s
2026-07-17 00:53:22,129 [INFO] trainer: epoch 411 step 50/135 loss=1.1275 lr=1.70e-05
2026-07-17 00:53:32,052 [INFO] trainer: epoch 411 step 100/135 loss=1.1546 lr=1.69e-05
2026-07-17 00:53:38,992 [INFO] trainer: epoch 411 done train_loss=1.1419 dt=27.9s
2026-07-17 00:53:49,946 [INFO] trainer: epoch 412 step 50/135 loss=1.1454 lr=1.66e-05
2026-07-17 00:53:59,892 [INFO] trainer: epoch 412 step 100/135 loss=1.1338 lr=1.65e-05
2026-07-17 00:54:06,849 [INFO] trainer: epoch 412 done train_loss=1.1537 dt=27.9s
2026-07-17 00:54:17,759 [INFO] trainer: epoch 413 step 50/135 loss=1.1252 lr=1.63e-05
2026-07-17 00:54:27,705 [INFO] trainer: epoch 413 step 100/135 loss=1.1277 lr=1.62e-05
2026-07-17 00:54:34,651 [INFO] trainer: epoch 413 done train_loss=1.1417 dt=27.8s
2026-07-17 00:54:45,706 [INFO] trainer: epoch 414 step 50/135 loss=1.1530 lr=1.60e-05
2026-07-17 00:54:55,646 [INFO] trainer: epoch 414 step 100/135 loss=1.1038 lr=1.58e-05
2026-07-17 00:55:02,586 [INFO] trainer: epoch 414 done train_loss=1.1164 dt=27.9s
2026-07-17 00:55:13,472 [INFO] trainer: epoch 415 step 50/135 loss=1.1142 lr=1.56e-05
2026-07-17 00:55:23,412 [INFO] trainer: epoch 415 step 100/135 loss=1.1493 lr=1.55e-05
2026-07-17 00:55:30,353 [INFO] trainer: epoch 415 done train_loss=1.1342 dt=27.8s
2026-07-17 00:55:41,389 [INFO] trainer: epoch 416 step 50/135 loss=1.1335 lr=1.53e-05
2026-07-17 00:55:51,351 [INFO] trainer: epoch 416 step 100/135 loss=1.1269 lr=1.52e-05
2026-07-17 00:55:58,298 [INFO] trainer: epoch 416 done train_loss=1.1379 dt=27.9s
2026-07-17 00:56:09,414 [INFO] trainer: epoch 417 step 50/135 loss=1.1183 lr=1.50e-05
2026-07-17 00:56:19,338 [INFO] trainer: epoch 417 step 100/135 loss=1.0776 lr=1.48e-05
2026-07-17 00:56:26,286 [INFO] trainer: epoch 417 done train_loss=1.0956 dt=28.0s
2026-07-17 00:56:37,260 [INFO] trainer: epoch 418 step 50/135 loss=1.1284 lr=1.46e-05
2026-07-17 00:56:47,202 [INFO] trainer: epoch 418 step 100/135 loss=1.1535 lr=1.45e-05
2026-07-17 00:56:54,148 [INFO] trainer: epoch 418 done train_loss=1.1433 dt=27.9s
2026-07-17 00:57:05,133 [INFO] trainer: epoch 419 step 50/135 loss=1.1765 lr=1.43e-05
2026-07-17 00:57:15,074 [INFO] trainer: epoch 419 step 100/135 loss=1.1275 lr=1.42e-05
2026-07-17 00:57:22,013 [INFO] trainer: epoch 419 done train_loss=1.1538 dt=27.9s
2026-07-17 00:57:32,823 [INFO] trainer: epoch 420 step 50/135 loss=1.0670 lr=1.40e-05
2026-07-17 00:57:42,791 [INFO] trainer: epoch 420 step 100/135 loss=1.1422 lr=1.39e-05
2026-07-17 00:57:49,718 [INFO] trainer: epoch 420 done train_loss=1.1194 dt=27.7s
2026-07-17 00:58:01,320 [INFO] trainer: epoch 421 step 50/135 loss=1.2005 lr=1.37e-05
2026-07-17 00:58:11,268 [INFO] trainer: epoch 421 step 100/135 loss=1.1089 lr=1.36e-05
2026-07-17 00:58:18,194 [INFO] trainer: epoch 421 done train_loss=1.1424 dt=27.8s
2026-07-17 00:58:29,159 [INFO] trainer: epoch 422 step 50/135 loss=1.1477 lr=1.34e-05
2026-07-17 00:58:39,098 [INFO] trainer: epoch 422 step 100/135 loss=1.1070 lr=1.33e-05
2026-07-17 00:58:46,029 [INFO] trainer: epoch 422 done train_loss=1.1336 dt=27.8s
2026-07-17 00:58:56,851 [INFO] trainer: epoch 423 step 50/135 loss=1.1037 lr=1.31e-05
2026-07-17 00:59:06,750 [INFO] trainer: epoch 423 step 100/135 loss=1.1340 lr=1.30e-05
2026-07-17 00:59:13,684 [INFO] trainer: epoch 423 done train_loss=1.1214 dt=27.7s
2026-07-17 00:59:24,897 [INFO] trainer: epoch 424 step 50/135 loss=1.1341 lr=1.28e-05
2026-07-17 00:59:34,827 [INFO] trainer: epoch 424 step 100/135 loss=1.1448 lr=1.27e-05
2026-07-17 00:59:41,764 [INFO] trainer: epoch 424 done train_loss=1.1399 dt=28.1s
2026-07-17 00:59:52,581 [INFO] trainer: epoch 425 step 50/135 loss=1.1226 lr=1.25e-05
2026-07-17 01:00:02,478 [INFO] trainer: epoch 425 step 100/135 loss=1.1422 lr=1.24e-05
2026-07-17 01:00:09,397 [INFO] trainer: epoch 425 done train_loss=1.1184 dt=27.6s
2026-07-17 01:00:55,911 [INFO] trainer: epoch 425 val_mean_dice=0.7754
2026-07-17 01:01:06,773 [INFO] trainer: epoch 426 step 50/135 loss=1.1216 lr=1.22e-05
2026-07-17 01:01:16,664 [INFO] trainer: epoch 426 step 100/135 loss=1.1237 lr=1.21e-05
2026-07-17 01:01:23,588 [INFO] trainer: epoch 426 done train_loss=1.1365 dt=27.7s
2026-07-17 01:01:34,470 [INFO] trainer: epoch 427 step 50/135 loss=1.1234 lr=1.19e-05
2026-07-17 01:01:44,399 [INFO] trainer: epoch 427 step 100/135 loss=1.1536 lr=1.18e-05
2026-07-17 01:01:51,339 [INFO] trainer: epoch 427 done train_loss=1.1459 dt=27.8s
2026-07-17 01:02:02,223 [INFO] trainer: epoch 428 step 50/135 loss=1.1806 lr=1.16e-05
2026-07-17 01:02:12,168 [INFO] trainer: epoch 428 step 100/135 loss=1.1304 lr=1.15e-05
2026-07-17 01:02:19,103 [INFO] trainer: epoch 428 done train_loss=1.1488 dt=27.8s
2026-07-17 01:02:29,886 [INFO] trainer: epoch 429 step 50/135 loss=1.1632 lr=1.13e-05
2026-07-17 01:02:39,821 [INFO] trainer: epoch 429 step 100/135 loss=1.1115 lr=1.12e-05
2026-07-17 01:02:46,757 [INFO] trainer: epoch 429 done train_loss=1.1366 dt=27.7s
2026-07-17 01:02:57,537 [INFO] trainer: epoch 430 step 50/135 loss=1.1502 lr=1.10e-05
2026-07-17 01:03:07,452 [INFO] trainer: epoch 430 step 100/135 loss=1.1031 lr=1.09e-05
2026-07-17 01:03:14,396 [INFO] trainer: epoch 430 done train_loss=1.1311 dt=27.6s
2026-07-17 01:03:25,948 [INFO] trainer: epoch 431 step 50/135 loss=1.1415 lr=1.08e-05
2026-07-17 01:03:35,897 [INFO] trainer: epoch 431 step 100/135 loss=1.1691 lr=1.07e-05
2026-07-17 01:03:42,839 [INFO] trainer: epoch 431 done train_loss=1.1404 dt=27.8s
2026-07-17 01:03:53,863 [INFO] trainer: epoch 432 step 50/135 loss=1.1337 lr=1.05e-05
2026-07-17 01:04:03,781 [INFO] trainer: epoch 432 step 100/135 loss=1.1668 lr=1.04e-05
2026-07-17 01:04:10,708 [INFO] trainer: epoch 432 done train_loss=1.1364 dt=27.9s
2026-07-17 01:04:21,543 [INFO] trainer: epoch 433 step 50/135 loss=1.1666 lr=1.02e-05
2026-07-17 01:04:31,507 [INFO] trainer: epoch 433 step 100/135 loss=1.1644 lr=1.01e-05
2026-07-17 01:04:38,454 [INFO] trainer: epoch 433 done train_loss=1.1404 dt=27.7s
2026-07-17 01:04:49,439 [INFO] trainer: epoch 434 step 50/135 loss=1.1020 lr=9.94e-06
2026-07-17 01:04:59,351 [INFO] trainer: epoch 434 step 100/135 loss=1.1158 lr=9.85e-06
2026-07-17 01:05:06,283 [INFO] trainer: epoch 434 done train_loss=1.1157 dt=27.8s
2026-07-17 01:05:17,288 [INFO] trainer: epoch 435 step 50/135 loss=1.1298 lr=9.68e-06
2026-07-17 01:05:27,232 [INFO] trainer: epoch 435 step 100/135 loss=1.1118 lr=9.58e-06
2026-07-17 01:05:34,183 [INFO] trainer: epoch 435 done train_loss=1.1135 dt=27.9s
2026-07-17 01:05:44,963 [INFO] trainer: epoch 436 step 50/135 loss=1.1402 lr=9.42e-06
2026-07-17 01:05:54,908 [INFO] trainer: epoch 436 step 100/135 loss=1.0437 lr=9.33e-06
2026-07-17 01:06:01,853 [INFO] trainer: epoch 436 done train_loss=1.1139 dt=27.7s
2026-07-17 01:06:12,628 [INFO] trainer: epoch 437 step 50/135 loss=1.1200 lr=9.17e-06
2026-07-17 01:06:22,525 [INFO] trainer: epoch 437 step 100/135 loss=1.1822 lr=9.07e-06
2026-07-17 01:06:29,445 [INFO] trainer: epoch 437 done train_loss=1.1607 dt=27.6s
2026-07-17 01:06:40,276 [INFO] trainer: epoch 438 step 50/135 loss=1.0783 lr=8.92e-06
2026-07-17 01:06:50,230 [INFO] trainer: epoch 438 step 100/135 loss=1.1202 lr=8.82e-06
2026-07-17 01:06:57,161 [INFO] trainer: epoch 438 done train_loss=1.1028 dt=27.7s
2026-07-17 01:07:08,088 [INFO] trainer: epoch 439 step 50/135 loss=1.1108 lr=8.67e-06
2026-07-17 01:07:18,026 [INFO] trainer: epoch 439 step 100/135 loss=1.1298 lr=8.58e-06
2026-07-17 01:07:24,969 [INFO] trainer: epoch 439 done train_loss=1.1150 dt=27.8s
2026-07-17 01:07:35,798 [INFO] trainer: epoch 440 step 50/135 loss=1.1583 lr=8.42e-06
2026-07-17 01:07:45,737 [INFO] trainer: epoch 440 step 100/135 loss=1.1492 lr=8.34e-06
2026-07-17 01:07:52,695 [INFO] trainer: epoch 440 done train_loss=1.1595 dt=27.7s
2026-07-17 01:08:04,249 [INFO] trainer: epoch 441 step 50/135 loss=1.1138 lr=8.18e-06
2026-07-17 01:08:14,189 [INFO] trainer: epoch 441 step 100/135 loss=1.0888 lr=8.10e-06
2026-07-17 01:08:21,110 [INFO] trainer: epoch 441 done train_loss=1.1130 dt=27.8s
2026-07-17 01:08:31,920 [INFO] trainer: epoch 442 step 50/135 loss=1.1239 lr=7.95e-06
2026-07-17 01:08:41,842 [INFO] trainer: epoch 442 step 100/135 loss=1.1061 lr=7.86e-06
2026-07-17 01:08:48,790 [INFO] trainer: epoch 442 done train_loss=1.1266 dt=27.7s
2026-07-17 01:08:59,550 [INFO] trainer: epoch 443 step 50/135 loss=1.1176 lr=7.72e-06
2026-07-17 01:09:09,496 [INFO] trainer: epoch 443 step 100/135 loss=1.0722 lr=7.63e-06
2026-07-17 01:09:16,426 [INFO] trainer: epoch 443 done train_loss=1.0929 dt=27.6s
2026-07-17 01:09:27,338 [INFO] trainer: epoch 444 step 50/135 loss=1.0944 lr=7.49e-06
2026-07-17 01:09:37,258 [INFO] trainer: epoch 444 step 100/135 loss=1.1394 lr=7.40e-06
2026-07-17 01:09:44,214 [INFO] trainer: epoch 444 done train_loss=1.1267 dt=27.8s
2026-07-17 01:09:55,166 [INFO] trainer: epoch 445 step 50/135 loss=1.1265 lr=7.26e-06
2026-07-17 01:10:05,070 [INFO] trainer: epoch 445 step 100/135 loss=1.1015 lr=7.18e-06
2026-07-17 01:10:11,979 [INFO] trainer: epoch 445 done train_loss=1.1256 dt=27.8s
2026-07-17 01:10:22,900 [INFO] trainer: epoch 446 step 50/135 loss=1.1475 lr=7.04e-06
2026-07-17 01:10:32,819 [INFO] trainer: epoch 446 step 100/135 loss=1.1627 lr=6.96e-06
2026-07-17 01:10:39,760 [INFO] trainer: epoch 446 done train_loss=1.1401 dt=27.8s
2026-07-17 01:10:50,567 [INFO] trainer: epoch 447 step 50/135 loss=1.1448 lr=6.82e-06
2026-07-17 01:11:00,459 [INFO] trainer: epoch 447 step 100/135 loss=1.1576 lr=6.75e-06
2026-07-17 01:11:07,379 [INFO] trainer: epoch 447 done train_loss=1.1474 dt=27.6s
2026-07-17 01:11:18,070 [INFO] trainer: epoch 448 step 50/135 loss=1.1335 lr=6.61e-06
2026-07-17 01:11:28,002 [INFO] trainer: epoch 448 step 100/135 loss=1.1388 lr=6.53e-06
2026-07-17 01:11:34,939 [INFO] trainer: epoch 448 done train_loss=1.1322 dt=27.6s
2026-07-17 01:11:45,840 [INFO] trainer: epoch 449 step 50/135 loss=1.1327 lr=6.40e-06
2026-07-17 01:11:55,794 [INFO] trainer: epoch 449 step 100/135 loss=1.1526 lr=6.33e-06
2026-07-17 01:12:02,749 [INFO] trainer: epoch 449 done train_loss=1.1489 dt=27.8s
2026-07-17 01:12:13,710 [INFO] trainer: epoch 450 step 50/135 loss=1.1525 lr=6.20e-06
2026-07-17 01:12:23,649 [INFO] trainer: epoch 450 step 100/135 loss=1.1281 lr=6.12e-06
2026-07-17 01:12:30,584 [INFO] trainer: epoch 450 done train_loss=1.1365 dt=27.8s
2026-07-17 01:13:17,564 [INFO] trainer: epoch 450 val_mean_dice=0.7766
2026-07-17 01:13:29,731 [INFO] trainer: epoch 451 step 50/135 loss=1.1898 lr=6.00e-06
2026-07-17 01:13:39,605 [INFO] trainer: epoch 451 step 100/135 loss=1.1403 lr=5.92e-06
2026-07-17 01:13:46,536 [INFO] trainer: epoch 451 done train_loss=1.1559 dt=27.7s
2026-07-17 01:13:57,491 [INFO] trainer: epoch 452 step 50/135 loss=1.0937 lr=5.80e-06
2026-07-17 01:14:07,418 [INFO] trainer: epoch 452 step 100/135 loss=1.1347 lr=5.73e-06
2026-07-17 01:14:14,329 [INFO] trainer: epoch 452 done train_loss=1.1255 dt=27.8s
2026-07-17 01:14:25,260 [INFO] trainer: epoch 453 step 50/135 loss=1.1317 lr=5.60e-06
2026-07-17 01:14:35,195 [INFO] trainer: epoch 453 step 100/135 loss=1.1874 lr=5.53e-06
2026-07-17 01:14:42,147 [INFO] trainer: epoch 453 done train_loss=1.1485 dt=27.8s
2026-07-17 01:14:53,049 [INFO] trainer: epoch 454 step 50/135 loss=1.1434 lr=5.41e-06
2026-07-17 01:15:02,979 [INFO] trainer: epoch 454 step 100/135 loss=1.1360 lr=5.35e-06
2026-07-17 01:15:09,916 [INFO] trainer: epoch 454 done train_loss=1.1358 dt=27.8s
2026-07-17 01:15:20,860 [INFO] trainer: epoch 455 step 50/135 loss=1.0959 lr=5.23e-06
2026-07-17 01:15:30,808 [INFO] trainer: epoch 455 step 100/135 loss=1.1287 lr=5.16e-06
2026-07-17 01:15:37,743 [INFO] trainer: epoch 455 done train_loss=1.1265 dt=27.8s
2026-07-17 01:15:48,667 [INFO] trainer: epoch 456 step 50/135 loss=1.1094 lr=5.05e-06
2026-07-17 01:15:58,615 [INFO] trainer: epoch 456 step 100/135 loss=1.1517 lr=4.98e-06
2026-07-17 01:16:05,567 [INFO] trainer: epoch 456 done train_loss=1.1367 dt=27.8s
2026-07-17 01:16:16,829 [INFO] trainer: epoch 457 step 50/135 loss=1.1563 lr=4.87e-06
2026-07-17 01:16:26,767 [INFO] trainer: epoch 457 step 100/135 loss=1.1283 lr=4.80e-06
2026-07-17 01:16:33,695 [INFO] trainer: epoch 457 done train_loss=1.1304 dt=28.1s
2026-07-17 01:16:44,642 [INFO] trainer: epoch 458 step 50/135 loss=1.1209 lr=4.69e-06
2026-07-17 01:16:54,587 [INFO] trainer: epoch 458 step 100/135 loss=1.1742 lr=4.63e-06
2026-07-17 01:17:01,531 [INFO] trainer: epoch 458 done train_loss=1.1402 dt=27.8s
2026-07-17 01:17:12,627 [INFO] trainer: epoch 459 step 50/135 loss=1.1594 lr=4.52e-06
2026-07-17 01:17:22,577 [INFO] trainer: epoch 459 step 100/135 loss=1.1050 lr=4.46e-06
2026-07-17 01:17:29,520 [INFO] trainer: epoch 459 done train_loss=1.1334 dt=28.0s
2026-07-17 01:17:40,385 [INFO] trainer: epoch 460 step 50/135 loss=1.1104 lr=4.36e-06
2026-07-17 01:17:50,333 [INFO] trainer: epoch 460 step 100/135 loss=1.1450 lr=4.30e-06
2026-07-17 01:17:57,260 [INFO] trainer: epoch 460 done train_loss=1.1211 dt=27.7s
2026-07-17 01:18:08,697 [INFO] trainer: epoch 461 step 50/135 loss=1.1454 lr=4.19e-06
2026-07-17 01:18:18,602 [INFO] trainer: epoch 461 step 100/135 loss=1.1100 lr=4.14e-06
2026-07-17 01:18:25,523 [INFO] trainer: epoch 461 done train_loss=1.1175 dt=27.6s
2026-07-17 01:18:36,333 [INFO] trainer: epoch 462 step 50/135 loss=1.1427 lr=4.04e-06
2026-07-17 01:18:46,269 [INFO] trainer: epoch 462 step 100/135 loss=1.1178 lr=3.98e-06
2026-07-17 01:18:53,195 [INFO] trainer: epoch 462 done train_loss=1.1364 dt=27.7s
2026-07-17 01:19:04,067 [INFO] trainer: epoch 463 step 50/135 loss=1.0909 lr=3.88e-06
2026-07-17 01:19:13,969 [INFO] trainer: epoch 463 step 100/135 loss=1.1046 lr=3.83e-06
2026-07-17 01:19:20,901 [INFO] trainer: epoch 463 done train_loss=1.1086 dt=27.7s
2026-07-17 01:19:31,747 [INFO] trainer: epoch 464 step 50/135 loss=1.0849 lr=3.73e-06
2026-07-17 01:19:41,678 [INFO] trainer: epoch 464 step 100/135 loss=1.0933 lr=3.68e-06
2026-07-17 01:19:48,625 [INFO] trainer: epoch 464 done train_loss=1.0993 dt=27.7s
2026-07-17 01:19:59,615 [INFO] trainer: epoch 465 step 50/135 loss=1.1585 lr=3.59e-06
2026-07-17 01:20:09,555 [INFO] trainer: epoch 465 step 100/135 loss=1.1169 lr=3.53e-06
2026-07-17 01:20:16,499 [INFO] trainer: epoch 465 done train_loss=1.1399 dt=27.9s
2026-07-17 01:20:27,393 [INFO] trainer: epoch 466 step 50/135 loss=1.1589 lr=3.44e-06
2026-07-17 01:20:37,290 [INFO] trainer: epoch 466 step 100/135 loss=1.1399 lr=3.39e-06
2026-07-17 01:20:44,214 [INFO] trainer: epoch 466 done train_loss=1.1507 dt=27.7s
2026-07-17 01:20:55,176 [INFO] trainer: epoch 467 step 50/135 loss=1.0952 lr=3.30e-06
2026-07-17 01:21:05,138 [INFO] trainer: epoch 467 step 100/135 loss=1.1186 lr=3.25e-06
2026-07-17 01:21:12,082 [INFO] trainer: epoch 467 done train_loss=1.1113 dt=27.9s
2026-07-17 01:21:22,968 [INFO] trainer: epoch 468 step 50/135 loss=1.1758 lr=3.17e-06
2026-07-17 01:21:32,939 [INFO] trainer: epoch 468 step 100/135 loss=1.1005 lr=3.12e-06
2026-07-17 01:21:39,876 [INFO] trainer: epoch 468 done train_loss=1.1398 dt=27.8s
2026-07-17 01:21:50,943 [INFO] trainer: epoch 469 step 50/135 loss=1.1510 lr=3.04e-06
2026-07-17 01:22:00,876 [INFO] trainer: epoch 469 step 100/135 loss=1.1358 lr=2.99e-06
2026-07-17 01:22:07,839 [INFO] trainer: epoch 469 done train_loss=1.1367 dt=28.0s
2026-07-17 01:22:18,685 [INFO] trainer: epoch 470 step 50/135 loss=1.1024 lr=2.91e-06
2026-07-17 01:22:28,651 [INFO] trainer: epoch 470 step 100/135 loss=1.1189 lr=2.87e-06
2026-07-17 01:22:35,603 [INFO] trainer: epoch 470 done train_loss=1.1267 dt=27.8s
2026-07-17 01:22:47,570 [INFO] trainer: epoch 471 step 50/135 loss=1.1290 lr=2.79e-06
2026-07-17 01:22:57,515 [INFO] trainer: epoch 471 step 100/135 loss=1.1217 lr=2.75e-06
2026-07-17 01:23:04,467 [INFO] trainer: epoch 471 done train_loss=1.1214 dt=28.2s
2026-07-17 01:23:15,323 [INFO] trainer: epoch 472 step 50/135 loss=1.1225 lr=2.67e-06
2026-07-17 01:23:25,239 [INFO] trainer: epoch 472 step 100/135 loss=1.1561 lr=2.63e-06
2026-07-17 01:23:32,175 [INFO] trainer: epoch 472 done train_loss=1.1395 dt=27.7s
2026-07-17 01:23:42,951 [INFO] trainer: epoch 473 step 50/135 loss=1.1357 lr=2.56e-06
2026-07-17 01:23:52,887 [INFO] trainer: epoch 473 step 100/135 loss=1.1124 lr=2.52e-06
2026-07-17 01:23:59,835 [INFO] trainer: epoch 473 done train_loss=1.1207 dt=27.7s
2026-07-17 01:24:10,695 [INFO] trainer: epoch 474 step 50/135 loss=1.0787 lr=2.45e-06
2026-07-17 01:24:20,569 [INFO] trainer: epoch 474 step 100/135 loss=1.1362 lr=2.41e-06
2026-07-17 01:24:27,488 [INFO] trainer: epoch 474 done train_loss=1.1154 dt=27.7s
2026-07-17 01:24:38,534 [INFO] trainer: epoch 475 step 50/135 loss=1.1237 lr=2.34e-06
2026-07-17 01:24:48,480 [INFO] trainer: epoch 475 step 100/135 loss=1.1566 lr=2.30e-06
2026-07-17 01:24:55,406 [INFO] trainer: epoch 475 done train_loss=1.1443 dt=27.9s
2026-07-17 01:25:41,939 [INFO] trainer: epoch 475 val_mean_dice=0.7776
2026-07-17 01:25:53,640 [INFO] trainer: epoch 476 step 50/135 loss=1.1619 lr=2.24e-06
2026-07-17 01:26:03,547 [INFO] trainer: epoch 476 step 100/135 loss=1.1197 lr=2.20e-06
2026-07-17 01:26:10,486 [INFO] trainer: epoch 476 done train_loss=1.1256 dt=27.9s
2026-07-17 01:26:21,397 [INFO] trainer: epoch 477 step 50/135 loss=1.1174 lr=2.14e-06
2026-07-17 01:26:31,328 [INFO] trainer: epoch 477 step 100/135 loss=1.1621 lr=2.10e-06
2026-07-17 01:26:38,273 [INFO] trainer: epoch 477 done train_loss=1.1329 dt=27.8s
2026-07-17 01:26:49,073 [INFO] trainer: epoch 478 step 50/135 loss=1.1238 lr=2.05e-06
2026-07-17 01:26:58,924 [INFO] trainer: epoch 478 step 100/135 loss=1.1110 lr=2.01e-06
2026-07-17 01:27:05,841 [INFO] trainer: epoch 478 done train_loss=1.1214 dt=27.6s
2026-07-17 01:27:16,810 [INFO] trainer: epoch 479 step 50/135 loss=1.1406 lr=1.96e-06
2026-07-17 01:27:26,741 [INFO] trainer: epoch 479 step 100/135 loss=1.1589 lr=1.92e-06
2026-07-17 01:27:33,685 [INFO] trainer: epoch 479 done train_loss=1.1321 dt=27.8s
2026-07-17 01:27:44,555 [INFO] trainer: epoch 480 step 50/135 loss=1.1141 lr=1.87e-06
2026-07-17 01:27:54,480 [INFO] trainer: epoch 480 step 100/135 loss=1.1912 lr=1.84e-06
2026-07-17 01:28:01,425 [INFO] trainer: epoch 480 done train_loss=1.1567 dt=27.7s
2026-07-17 01:28:13,023 [INFO] trainer: epoch 481 step 50/135 loss=1.1558 lr=1.79e-06
2026-07-17 01:28:22,960 [INFO] trainer: epoch 481 step 100/135 loss=1.0926 lr=1.76e-06
2026-07-17 01:28:29,898 [INFO] trainer: epoch 481 done train_loss=1.1203 dt=27.8s
2026-07-17 01:28:40,844 [INFO] trainer: epoch 482 step 50/135 loss=1.1778 lr=1.71e-06
2026-07-17 01:28:50,772 [INFO] trainer: epoch 482 step 100/135 loss=1.1201 lr=1.68e-06
2026-07-17 01:28:57,673 [INFO] trainer: epoch 482 done train_loss=1.1369 dt=27.8s
2026-07-17 01:29:08,556 [INFO] trainer: epoch 483 step 50/135 loss=1.1275 lr=1.64e-06
2026-07-17 01:29:18,487 [INFO] trainer: epoch 483 step 100/135 loss=1.1198 lr=1.61e-06
2026-07-17 01:29:25,405 [INFO] trainer: epoch 483 done train_loss=1.1454 dt=27.7s
2026-07-17 01:29:36,505 [INFO] trainer: epoch 484 step 50/135 loss=1.1582 lr=1.57e-06
2026-07-17 01:29:46,406 [INFO] trainer: epoch 484 step 100/135 loss=1.0958 lr=1.54e-06
2026-07-17 01:29:53,347 [INFO] trainer: epoch 484 done train_loss=1.1340 dt=27.9s
2026-07-17 01:30:04,089 [INFO] trainer: epoch 485 step 50/135 loss=1.0967 lr=1.50e-06
2026-07-17 01:30:14,032 [INFO] trainer: epoch 485 step 100/135 loss=1.1605 lr=1.48e-06
2026-07-17 01:30:20,983 [INFO] trainer: epoch 485 done train_loss=1.1266 dt=27.6s
2026-07-17 01:30:32,073 [INFO] trainer: epoch 486 step 50/135 loss=1.1396 lr=1.44e-06
2026-07-17 01:30:42,022 [INFO] trainer: epoch 486 step 100/135 loss=1.1040 lr=1.42e-06
2026-07-17 01:30:48,960 [INFO] trainer: epoch 486 done train_loss=1.1167 dt=28.0s
2026-07-17 01:30:59,724 [INFO] trainer: epoch 487 step 50/135 loss=1.0971 lr=1.38e-06
2026-07-17 01:31:09,663 [INFO] trainer: epoch 487 step 100/135 loss=1.1351 lr=1.36e-06
2026-07-17 01:31:16,613 [INFO] trainer: epoch 487 done train_loss=1.1130 dt=27.7s
2026-07-17 01:31:27,451 [INFO] trainer: epoch 488 step 50/135 loss=1.1541 lr=1.33e-06
2026-07-17 01:31:37,386 [INFO] trainer: epoch 488 step 100/135 loss=1.1503 lr=1.31e-06
2026-07-17 01:31:44,313 [INFO] trainer: epoch 488 done train_loss=1.1366 dt=27.7s
2026-07-17 01:31:55,227 [INFO] trainer: epoch 489 step 50/135 loss=1.0657 lr=1.28e-06
2026-07-17 01:32:05,143 [INFO] trainer: epoch 489 step 100/135 loss=1.1232 lr=1.26e-06
2026-07-17 01:32:12,089 [INFO] trainer: epoch 489 done train_loss=1.1019 dt=27.8s
2026-07-17 01:32:23,053 [INFO] trainer: epoch 490 step 50/135 loss=1.1171 lr=1.23e-06
2026-07-17 01:32:32,994 [INFO] trainer: epoch 490 step 100/135 loss=1.1755 lr=1.22e-06
2026-07-17 01:32:39,920 [INFO] trainer: epoch 490 done train_loss=1.1357 dt=27.8s
2026-07-17 01:32:51,394 [INFO] trainer: epoch 491 step 50/135 loss=1.1017 lr=1.19e-06
2026-07-17 01:33:01,294 [INFO] trainer: epoch 491 step 100/135 loss=1.1532 lr=1.18e-06
2026-07-17 01:33:08,237 [INFO] trainer: epoch 491 done train_loss=1.1183 dt=27.7s
2026-07-17 01:33:19,048 [INFO] trainer: epoch 492 step 50/135 loss=1.1532 lr=1.15e-06
2026-07-17 01:33:28,976 [INFO] trainer: epoch 492 step 100/135 loss=1.0847 lr=1.14e-06
2026-07-17 01:33:35,918 [INFO] trainer: epoch 492 done train_loss=1.1218 dt=27.7s
2026-07-17 01:33:46,716 [INFO] trainer: epoch 493 step 50/135 loss=1.1107 lr=1.12e-06
2026-07-17 01:33:56,629 [INFO] trainer: epoch 493 step 100/135 loss=1.0977 lr=1.11e-06
2026-07-17 01:34:03,531 [INFO] trainer: epoch 493 done train_loss=1.1227 dt=27.6s
2026-07-17 01:34:14,364 [INFO] trainer: epoch 494 step 50/135 loss=1.1207 lr=1.09e-06
2026-07-17 01:34:24,308 [INFO] trainer: epoch 494 step 100/135 loss=1.1245 lr=1.08e-06
2026-07-17 01:34:31,259 [INFO] trainer: epoch 494 done train_loss=1.1298 dt=27.7s
2026-07-17 01:34:42,202 [INFO] trainer: epoch 495 step 50/135 loss=1.1338 lr=1.06e-06
2026-07-17 01:34:52,091 [INFO] trainer: epoch 495 step 100/135 loss=1.1263 lr=1.06e-06
2026-07-17 01:34:59,033 [INFO] trainer: epoch 495 done train_loss=1.1431 dt=27.8s
2026-07-17 01:35:09,931 [INFO] trainer: epoch 496 step 50/135 loss=1.1490 lr=1.04e-06
2026-07-17 01:35:19,846 [INFO] trainer: epoch 496 step 100/135 loss=1.1322 lr=1.04e-06
2026-07-17 01:35:26,790 [INFO] trainer: epoch 496 done train_loss=1.1394 dt=27.8s
2026-07-17 01:35:37,587 [INFO] trainer: epoch 497 step 50/135 loss=1.1097 lr=1.03e-06
2026-07-17 01:35:47,531 [INFO] trainer: epoch 497 step 100/135 loss=1.0808 lr=1.02e-06
2026-07-17 01:35:54,466 [INFO] trainer: epoch 497 done train_loss=1.1128 dt=27.7s
2026-07-17 01:36:05,539 [INFO] trainer: epoch 498 step 50/135 loss=1.1146 lr=1.01e-06
2026-07-17 01:36:15,460 [INFO] trainer: epoch 498 step 100/135 loss=1.1730 lr=1.01e-06
2026-07-17 01:36:22,376 [INFO] trainer: epoch 498 done train_loss=1.1306 dt=27.9s
2026-07-17 01:36:33,280 [INFO] trainer: epoch 499 step 50/135 loss=1.1353 lr=1.01e-06
2026-07-17 01:36:43,208 [INFO] trainer: epoch 499 step 100/135 loss=1.1234 lr=1.00e-06
2026-07-17 01:36:50,162 [INFO] trainer: epoch 499 done train_loss=1.1371 dt=27.8s
2026-07-17 01:37:00,897 [INFO] trainer: epoch 500 step 50/135 loss=1.1243 lr=1.00e-06
2026-07-17 01:37:10,860 [INFO] trainer: epoch 500 step 100/135 loss=1.1437 lr=1.00e-06
2026-07-17 01:37:17,814 [INFO] trainer: epoch 500 done train_loss=1.1370 dt=27.7s
2026-07-17 01:38:04,398 [INFO] trainer: epoch 500 val_mean_dice=0.7774
2026-07-17 01:38:05,019 [INFO] trainer: total time 14942.6 s, best dice 0.7776 (epochs 1-500 / 500)
