2026-07-17 08:12:16,293 [INFO] train: ========================================================================
2026-07-17 08:12:16,293 [INFO] train: model=ctclip config=configs/lowshot/ls_ctclip_frz_pt_f025.yaml
2026-07-17 08:12:16,294 [INFO] train: output=/scratch/lskrlj/runs/ls_ctclip_frz_pt_f025 device=cuda (NVIDIA A100-SXM4-40GB)
2026-07-17 08:12:16,294 [INFO] train: epochs=500 batch_size=2 grad_accum=2 eff_batch=4 lr=0.0002 amp=True
2026-07-17 08:12:16,294 [INFO] train: ========================================================================
2026-07-17 08:12:16,297 [INFO] train: splits: train=1082 val=57 classes=117
2026-07-17 08:12:16,298 [INFO] train: low-shot: train_fraction=0.2500 seed=1234 -> 270/1082 train cases
2026-07-17 08:12:16,782 [INFO] train: disk cache: /scratch/lskrlj/cache/TotalSeg/833d9d046402 (fingerprint=833d9d046402)
2026-07-17 08:14:00,052 [INFO] train: model ctclip, trainable params: 9183960 / 35074160 total (freeze_backbone=True)
2026-07-17 08:14:01,609 [WARNING] trainer: --resume set but no checkpoint found in /scratch/lskrlj/runs/ls_ctclip_frz_pt_f025; starting fresh
2026-07-17 08:14:01,610 [INFO] trainer: start: epochs 1-500/500 device=cuda amp=bf16 train_batches=135 val_batches=57
2026-07-17 08:14:17,782 [INFO] trainer: epoch 1 step 50/135 loss=10.1975 lr=7.35e-06
2026-07-17 08:14:31,471 [INFO] trainer: epoch 1 step 100/135 loss=9.9275 lr=1.47e-05
2026-07-17 08:14:41,013 [INFO] trainer: epoch 1 done train_loss=9.9264 dt=39.4s
2026-07-17 08:14:55,702 [INFO] trainer: epoch 2 step 50/135 loss=9.0222 lr=2.74e-05
2026-07-17 08:15:09,393 [INFO] trainer: epoch 2 step 100/135 loss=8.4079 lr=3.47e-05
2026-07-17 08:15:18,951 [INFO] trainer: epoch 2 done train_loss=8.5060 dt=37.9s
2026-07-17 08:15:33,743 [INFO] trainer: epoch 3 step 50/135 loss=7.5270 lr=4.74e-05
2026-07-17 08:15:47,417 [INFO] trainer: epoch 3 step 100/135 loss=7.1206 lr=5.47e-05
2026-07-17 08:15:56,976 [INFO] trainer: epoch 3 done train_loss=7.1989 dt=38.0s
2026-07-17 08:16:11,761 [INFO] trainer: epoch 4 step 50/135 loss=6.5896 lr=6.74e-05
2026-07-17 08:16:25,453 [INFO] trainer: epoch 4 step 100/135 loss=6.3367 lr=7.47e-05
2026-07-17 08:16:35,009 [INFO] trainer: epoch 4 done train_loss=6.3522 dt=38.0s
2026-07-17 08:16:49,649 [INFO] trainer: epoch 5 step 50/135 loss=5.8681 lr=8.74e-05
2026-07-17 08:17:03,341 [INFO] trainer: epoch 5 step 100/135 loss=5.7090 lr=9.47e-05
2026-07-17 08:17:12,898 [INFO] trainer: epoch 5 done train_loss=5.7193 dt=37.9s
2026-07-17 08:17:27,662 [INFO] trainer: epoch 6 step 50/135 loss=5.3248 lr=1.07e-04
2026-07-17 08:17:41,361 [INFO] trainer: epoch 6 step 100/135 loss=5.1516 lr=1.15e-04
2026-07-17 08:17:50,926 [INFO] trainer: epoch 6 done train_loss=5.1866 dt=38.0s
2026-07-17 08:18:05,829 [INFO] trainer: epoch 7 step 50/135 loss=4.8882 lr=1.27e-04
2026-07-17 08:18:19,527 [INFO] trainer: epoch 7 step 100/135 loss=4.7245 lr=1.35e-04
2026-07-17 08:18:29,080 [INFO] trainer: epoch 7 done train_loss=4.7581 dt=38.2s
2026-07-17 08:18:43,812 [INFO] trainer: epoch 8 step 50/135 loss=4.4555 lr=1.47e-04
2026-07-17 08:18:57,498 [INFO] trainer: epoch 8 step 100/135 loss=4.3479 lr=1.55e-04
2026-07-17 08:19:07,063 [INFO] trainer: epoch 8 done train_loss=4.3904 dt=38.0s
2026-07-17 08:19:21,686 [INFO] trainer: epoch 9 step 50/135 loss=4.1449 lr=1.67e-04
2026-07-17 08:19:35,380 [INFO] trainer: epoch 9 step 100/135 loss=3.9763 lr=1.75e-04
2026-07-17 08:19:44,941 [INFO] trainer: epoch 9 done train_loss=4.0226 dt=37.9s
2026-07-17 08:19:59,636 [INFO] trainer: epoch 10 step 50/135 loss=3.7877 lr=1.87e-04
2026-07-17 08:20:13,306 [INFO] trainer: epoch 10 step 100/135 loss=3.7243 lr=1.95e-04
2026-07-17 08:20:22,855 [INFO] trainer: epoch 10 done train_loss=3.7507 dt=37.9s
2026-07-17 08:20:37,985 [INFO] trainer: epoch 11 step 50/135 loss=3.6179 lr=2.00e-04
2026-07-17 08:20:51,668 [INFO] trainer: epoch 11 step 100/135 loss=3.4942 lr=2.00e-04
2026-07-17 08:21:01,219 [INFO] trainer: epoch 11 done train_loss=3.5243 dt=38.0s
2026-07-17 08:21:15,794 [INFO] trainer: epoch 12 step 50/135 loss=3.3350 lr=2.00e-04
2026-07-17 08:21:29,472 [INFO] trainer: epoch 12 step 100/135 loss=3.3429 lr=2.00e-04
2026-07-17 08:21:39,035 [INFO] trainer: epoch 12 done train_loss=3.3282 dt=37.8s
2026-07-17 08:21:53,760 [INFO] trainer: epoch 13 step 50/135 loss=3.2568 lr=2.00e-04
2026-07-17 08:22:07,454 [INFO] trainer: epoch 13 step 100/135 loss=3.2607 lr=2.00e-04
2026-07-17 08:22:17,013 [INFO] trainer: epoch 13 done train_loss=3.2534 dt=38.0s
2026-07-17 08:22:32,079 [INFO] trainer: epoch 14 step 50/135 loss=3.1400 lr=2.00e-04
2026-07-17 08:22:45,763 [INFO] trainer: epoch 14 step 100/135 loss=3.1286 lr=2.00e-04
2026-07-17 08:22:55,320 [INFO] trainer: epoch 14 done train_loss=3.1567 dt=38.3s
2026-07-17 08:23:10,119 [INFO] trainer: epoch 15 step 50/135 loss=3.0813 lr=2.00e-04
2026-07-17 08:23:23,816 [INFO] trainer: epoch 15 step 100/135 loss=3.0995 lr=2.00e-04
2026-07-17 08:23:33,382 [INFO] trainer: epoch 15 done train_loss=3.0947 dt=38.1s
2026-07-17 08:23:48,031 [INFO] trainer: epoch 16 step 50/135 loss=3.0400 lr=2.00e-04
2026-07-17 08:24:01,722 [INFO] trainer: epoch 16 step 100/135 loss=3.0278 lr=2.00e-04
2026-07-17 08:24:11,287 [INFO] trainer: epoch 16 done train_loss=3.0147 dt=37.9s
2026-07-17 08:24:26,276 [INFO] trainer: epoch 17 step 50/135 loss=3.0067 lr=2.00e-04
2026-07-17 08:24:39,963 [INFO] trainer: epoch 17 step 100/135 loss=2.9534 lr=2.00e-04
2026-07-17 08:24:49,533 [INFO] trainer: epoch 17 done train_loss=2.9530 dt=38.2s
2026-07-17 08:25:04,464 [INFO] trainer: epoch 18 step 50/135 loss=2.8848 lr=2.00e-04
2026-07-17 08:25:18,153 [INFO] trainer: epoch 18 step 100/135 loss=2.8848 lr=2.00e-04
2026-07-17 08:25:27,720 [INFO] trainer: epoch 18 done train_loss=2.8931 dt=38.2s
2026-07-17 08:25:42,443 [INFO] trainer: epoch 19 step 50/135 loss=2.8483 lr=2.00e-04
2026-07-17 08:25:56,141 [INFO] trainer: epoch 19 step 100/135 loss=2.8588 lr=2.00e-04
2026-07-17 08:26:05,704 [INFO] trainer: epoch 19 done train_loss=2.8420 dt=38.0s
2026-07-17 08:26:20,682 [INFO] trainer: epoch 20 step 50/135 loss=2.8790 lr=2.00e-04
2026-07-17 08:26:34,385 [INFO] trainer: epoch 20 step 100/135 loss=2.7782 lr=2.00e-04
2026-07-17 08:26:43,962 [INFO] trainer: epoch 20 done train_loss=2.8065 dt=38.3s
2026-07-17 08:26:59,230 [INFO] trainer: epoch 21 step 50/135 loss=2.7430 lr=2.00e-04
2026-07-17 08:27:12,923 [INFO] trainer: epoch 21 step 100/135 loss=2.7985 lr=2.00e-04
2026-07-17 08:27:22,487 [INFO] trainer: epoch 21 done train_loss=2.7625 dt=38.2s
2026-07-17 08:27:37,250 [INFO] trainer: epoch 22 step 50/135 loss=2.7690 lr=2.00e-04
2026-07-17 08:27:50,923 [INFO] trainer: epoch 22 step 100/135 loss=2.6826 lr=2.00e-04
2026-07-17 08:28:00,479 [INFO] trainer: epoch 22 done train_loss=2.7157 dt=38.0s
2026-07-17 08:28:15,314 [INFO] trainer: epoch 23 step 50/135 loss=2.7176 lr=2.00e-04
2026-07-17 08:28:29,003 [INFO] trainer: epoch 23 step 100/135 loss=2.6668 lr=2.00e-04
2026-07-17 08:28:38,560 [INFO] trainer: epoch 23 done train_loss=2.6782 dt=38.1s
2026-07-17 08:28:53,235 [INFO] trainer: epoch 24 step 50/135 loss=2.6597 lr=2.00e-04
2026-07-17 08:29:06,932 [INFO] trainer: epoch 24 step 100/135 loss=2.6025 lr=2.00e-04
2026-07-17 08:29:16,497 [INFO] trainer: epoch 24 done train_loss=2.6532 dt=37.9s
2026-07-17 08:29:31,155 [INFO] trainer: epoch 25 step 50/135 loss=2.5936 lr=2.00e-04
2026-07-17 08:29:44,842 [INFO] trainer: epoch 25 step 100/135 loss=2.5721 lr=2.00e-04
2026-07-17 08:29:54,411 [INFO] trainer: epoch 25 done train_loss=2.5813 dt=37.9s
2026-07-17 08:31:59,857 [INFO] trainer: epoch 25 val_mean_dice=0.0780
2026-07-17 08:32:15,023 [INFO] trainer: epoch 26 step 50/135 loss=2.5335 lr=2.00e-04
2026-07-17 08:32:28,702 [INFO] trainer: epoch 26 step 100/135 loss=2.5922 lr=1.99e-04
2026-07-17 08:32:38,253 [INFO] trainer: epoch 26 done train_loss=2.5539 dt=38.1s
2026-07-17 08:32:52,719 [INFO] trainer: epoch 27 step 50/135 loss=2.5375 lr=1.99e-04
2026-07-17 08:33:06,394 [INFO] trainer: epoch 27 step 100/135 loss=2.5039 lr=1.99e-04
2026-07-17 08:33:15,951 [INFO] trainer: epoch 27 done train_loss=2.5137 dt=37.7s
2026-07-17 08:33:30,907 [INFO] trainer: epoch 28 step 50/135 loss=2.4534 lr=1.99e-04
2026-07-17 08:33:44,577 [INFO] trainer: epoch 28 step 100/135 loss=2.4694 lr=1.99e-04
2026-07-17 08:33:54,130 [INFO] trainer: epoch 28 done train_loss=2.4783 dt=38.2s
2026-07-17 08:34:08,945 [INFO] trainer: epoch 29 step 50/135 loss=2.4390 lr=1.99e-04
2026-07-17 08:34:22,637 [INFO] trainer: epoch 29 step 100/135 loss=2.4451 lr=1.99e-04
2026-07-17 08:34:32,196 [INFO] trainer: epoch 29 done train_loss=2.4305 dt=38.1s
2026-07-17 08:34:47,105 [INFO] trainer: epoch 30 step 50/135 loss=2.4205 lr=1.99e-04
2026-07-17 08:35:00,791 [INFO] trainer: epoch 30 step 100/135 loss=2.4101 lr=1.99e-04
2026-07-17 08:35:10,345 [INFO] trainer: epoch 30 done train_loss=2.4102 dt=38.1s
2026-07-17 08:35:25,567 [INFO] trainer: epoch 31 step 50/135 loss=2.3479 lr=1.99e-04
2026-07-17 08:35:39,270 [INFO] trainer: epoch 31 step 100/135 loss=2.3724 lr=1.99e-04
2026-07-17 08:35:48,846 [INFO] trainer: epoch 31 done train_loss=2.3786 dt=38.1s
2026-07-17 08:36:03,391 [INFO] trainer: epoch 32 step 50/135 loss=2.3604 lr=1.99e-04
2026-07-17 08:36:17,073 [INFO] trainer: epoch 32 step 100/135 loss=2.3373 lr=1.99e-04
2026-07-17 08:36:26,626 [INFO] trainer: epoch 32 done train_loss=2.3569 dt=37.8s
2026-07-17 08:36:41,530 [INFO] trainer: epoch 33 step 50/135 loss=2.3066 lr=1.99e-04
2026-07-17 08:36:55,227 [INFO] trainer: epoch 33 step 100/135 loss=2.3151 lr=1.99e-04
2026-07-17 08:37:04,793 [INFO] trainer: epoch 33 done train_loss=2.3097 dt=38.2s
2026-07-17 08:37:19,694 [INFO] trainer: epoch 34 step 50/135 loss=2.3343 lr=1.99e-04
2026-07-17 08:37:33,390 [INFO] trainer: epoch 34 step 100/135 loss=2.2760 lr=1.99e-04
2026-07-17 08:37:42,957 [INFO] trainer: epoch 34 done train_loss=2.3019 dt=38.2s
2026-07-17 08:37:57,846 [INFO] trainer: epoch 35 step 50/135 loss=2.3059 lr=1.99e-04
2026-07-17 08:38:11,535 [INFO] trainer: epoch 35 step 100/135 loss=2.2439 lr=1.99e-04
2026-07-17 08:38:21,104 [INFO] trainer: epoch 35 done train_loss=2.2749 dt=38.1s
2026-07-17 08:38:35,562 [INFO] trainer: epoch 36 step 50/135 loss=2.2654 lr=1.99e-04
2026-07-17 08:38:49,245 [INFO] trainer: epoch 36 step 100/135 loss=2.2411 lr=1.99e-04
2026-07-17 08:38:58,799 [INFO] trainer: epoch 36 done train_loss=2.2531 dt=37.7s
2026-07-17 08:39:13,346 [INFO] trainer: epoch 37 step 50/135 loss=2.2713 lr=1.99e-04
2026-07-17 08:39:27,032 [INFO] trainer: epoch 37 step 100/135 loss=2.2339 lr=1.99e-04
2026-07-17 08:39:36,590 [INFO] trainer: epoch 37 done train_loss=2.2215 dt=37.8s
2026-07-17 08:39:51,288 [INFO] trainer: epoch 38 step 50/135 loss=2.2192 lr=1.98e-04
2026-07-17 08:40:04,975 [INFO] trainer: epoch 38 step 100/135 loss=2.1641 lr=1.98e-04
2026-07-17 08:40:14,541 [INFO] trainer: epoch 38 done train_loss=2.1937 dt=38.0s
2026-07-17 08:40:29,081 [INFO] trainer: epoch 39 step 50/135 loss=2.2036 lr=1.98e-04
2026-07-17 08:40:42,791 [INFO] trainer: epoch 39 step 100/135 loss=2.1921 lr=1.98e-04
2026-07-17 08:40:52,358 [INFO] trainer: epoch 39 done train_loss=2.1920 dt=37.8s
2026-07-17 08:41:07,140 [INFO] trainer: epoch 40 step 50/135 loss=2.1577 lr=1.98e-04
2026-07-17 08:41:20,828 [INFO] trainer: epoch 40 step 100/135 loss=2.1659 lr=1.98e-04
2026-07-17 08:41:30,393 [INFO] trainer: epoch 40 done train_loss=2.1651 dt=38.0s
2026-07-17 08:41:45,247 [INFO] trainer: epoch 41 step 50/135 loss=2.1169 lr=1.98e-04
2026-07-17 08:41:58,941 [INFO] trainer: epoch 41 step 100/135 loss=2.1892 lr=1.98e-04
2026-07-17 08:42:08,504 [INFO] trainer: epoch 41 done train_loss=2.1379 dt=37.7s
2026-07-17 08:42:23,072 [INFO] trainer: epoch 42 step 50/135 loss=2.1326 lr=1.98e-04
2026-07-17 08:42:36,766 [INFO] trainer: epoch 42 step 100/135 loss=2.1059 lr=1.98e-04
2026-07-17 08:42:46,334 [INFO] trainer: epoch 42 done train_loss=2.1263 dt=37.8s
2026-07-17 08:43:01,015 [INFO] trainer: epoch 43 step 50/135 loss=2.0779 lr=1.98e-04
2026-07-17 08:43:14,714 [INFO] trainer: epoch 43 step 100/135 loss=2.1444 lr=1.98e-04
2026-07-17 08:43:24,282 [INFO] trainer: epoch 43 done train_loss=2.1101 dt=37.9s
2026-07-17 08:43:38,989 [INFO] trainer: epoch 44 step 50/135 loss=2.1273 lr=1.98e-04
2026-07-17 08:43:52,674 [INFO] trainer: epoch 44 step 100/135 loss=2.0847 lr=1.98e-04
2026-07-17 08:44:02,231 [INFO] trainer: epoch 44 done train_loss=2.1032 dt=37.9s
2026-07-17 08:44:16,880 [INFO] trainer: epoch 45 step 50/135 loss=2.0701 lr=1.98e-04
2026-07-17 08:44:30,572 [INFO] trainer: epoch 45 step 100/135 loss=2.0935 lr=1.98e-04
2026-07-17 08:44:40,814 [INFO] trainer: epoch 45 done train_loss=2.0786 dt=38.6s
2026-07-17 08:44:55,606 [INFO] trainer: epoch 46 step 50/135 loss=2.0721 lr=1.97e-04
2026-07-17 08:45:09,286 [INFO] trainer: epoch 46 step 100/135 loss=2.0541 lr=1.97e-04
2026-07-17 08:45:18,850 [INFO] trainer: epoch 46 done train_loss=2.0590 dt=38.0s
2026-07-17 08:45:33,504 [INFO] trainer: epoch 47 step 50/135 loss=2.0483 lr=1.97e-04
2026-07-17 08:45:47,191 [INFO] trainer: epoch 47 step 100/135 loss=2.0332 lr=1.97e-04
2026-07-17 08:45:56,750 [INFO] trainer: epoch 47 done train_loss=2.0298 dt=37.9s
2026-07-17 08:46:11,463 [INFO] trainer: epoch 48 step 50/135 loss=2.0161 lr=1.97e-04
2026-07-17 08:46:25,149 [INFO] trainer: epoch 48 step 100/135 loss=2.0607 lr=1.97e-04
2026-07-17 08:46:34,720 [INFO] trainer: epoch 48 done train_loss=2.0326 dt=38.0s
2026-07-17 08:46:49,539 [INFO] trainer: epoch 49 step 50/135 loss=1.9839 lr=1.97e-04
2026-07-17 08:47:03,219 [INFO] trainer: epoch 49 step 100/135 loss=1.9710 lr=1.97e-04
2026-07-17 08:47:12,785 [INFO] trainer: epoch 49 done train_loss=1.9786 dt=38.1s
2026-07-17 08:47:27,421 [INFO] trainer: epoch 50 step 50/135 loss=2.0141 lr=1.97e-04
2026-07-17 08:47:41,111 [INFO] trainer: epoch 50 step 100/135 loss=2.0079 lr=1.97e-04
2026-07-17 08:47:50,675 [INFO] trainer: epoch 50 done train_loss=2.0079 dt=37.9s
2026-07-17 08:49:51,551 [INFO] trainer: epoch 50 val_mean_dice=0.4126
2026-07-17 08:50:07,107 [INFO] trainer: epoch 51 step 50/135 loss=2.0037 lr=1.97e-04
2026-07-17 08:50:20,785 [INFO] trainer: epoch 51 step 100/135 loss=1.9963 lr=1.97e-04
2026-07-17 08:50:30,351 [INFO] trainer: epoch 51 done train_loss=1.9904 dt=38.0s
2026-07-17 08:50:44,846 [INFO] trainer: epoch 52 step 50/135 loss=1.9791 lr=1.97e-04
2026-07-17 08:50:58,525 [INFO] trainer: epoch 52 step 100/135 loss=1.9446 lr=1.96e-04
2026-07-17 08:51:08,078 [INFO] trainer: epoch 52 done train_loss=1.9764 dt=37.7s
2026-07-17 08:51:22,842 [INFO] trainer: epoch 53 step 50/135 loss=1.9985 lr=1.96e-04
2026-07-17 08:51:36,547 [INFO] trainer: epoch 53 step 100/135 loss=1.9653 lr=1.96e-04
2026-07-17 08:51:46,118 [INFO] trainer: epoch 53 done train_loss=1.9801 dt=38.0s
2026-07-17 08:52:00,818 [INFO] trainer: epoch 54 step 50/135 loss=1.9384 lr=1.96e-04
2026-07-17 08:52:14,524 [INFO] trainer: epoch 54 step 100/135 loss=1.9624 lr=1.96e-04
2026-07-17 08:52:24,108 [INFO] trainer: epoch 54 done train_loss=1.9567 dt=38.0s
2026-07-17 08:52:38,847 [INFO] trainer: epoch 55 step 50/135 loss=1.9262 lr=1.96e-04
2026-07-17 08:52:52,533 [INFO] trainer: epoch 55 step 100/135 loss=1.9326 lr=1.96e-04
2026-07-17 08:53:02,097 [INFO] trainer: epoch 55 done train_loss=1.9263 dt=38.0s
2026-07-17 08:53:16,762 [INFO] trainer: epoch 56 step 50/135 loss=1.9221 lr=1.96e-04
2026-07-17 08:53:30,474 [INFO] trainer: epoch 56 step 100/135 loss=1.9592 lr=1.96e-04
2026-07-17 08:53:40,104 [INFO] trainer: epoch 56 done train_loss=1.9328 dt=38.0s
2026-07-17 08:53:54,693 [INFO] trainer: epoch 57 step 50/135 loss=1.9687 lr=1.96e-04
2026-07-17 08:54:08,412 [INFO] trainer: epoch 57 step 100/135 loss=1.9517 lr=1.96e-04
2026-07-17 08:54:17,994 [INFO] trainer: epoch 57 done train_loss=1.9421 dt=37.9s
2026-07-17 08:54:32,975 [INFO] trainer: epoch 58 step 50/135 loss=1.9581 lr=1.95e-04
2026-07-17 08:54:46,693 [INFO] trainer: epoch 58 step 100/135 loss=1.8908 lr=1.95e-04
2026-07-17 08:54:56,267 [INFO] trainer: epoch 58 done train_loss=1.9194 dt=38.3s
2026-07-17 08:55:11,003 [INFO] trainer: epoch 59 step 50/135 loss=1.8957 lr=1.95e-04
2026-07-17 08:55:24,707 [INFO] trainer: epoch 59 step 100/135 loss=1.9189 lr=1.95e-04
2026-07-17 08:55:34,282 [INFO] trainer: epoch 59 done train_loss=1.9176 dt=38.0s
2026-07-17 08:55:48,979 [INFO] trainer: epoch 60 step 50/135 loss=1.9451 lr=1.95e-04
2026-07-17 08:56:02,681 [INFO] trainer: epoch 60 step 100/135 loss=1.9027 lr=1.95e-04
2026-07-17 08:56:12,257 [INFO] trainer: epoch 60 done train_loss=1.9221 dt=38.0s
2026-07-17 08:56:27,246 [INFO] trainer: epoch 61 step 50/135 loss=1.9054 lr=1.95e-04
2026-07-17 08:56:40,946 [INFO] trainer: epoch 61 step 100/135 loss=1.8682 lr=1.95e-04
2026-07-17 08:56:50,516 [INFO] trainer: epoch 61 done train_loss=1.8828 dt=37.9s
2026-07-17 08:57:05,314 [INFO] trainer: epoch 62 step 50/135 loss=1.8689 lr=1.95e-04
2026-07-17 08:57:19,012 [INFO] trainer: epoch 62 step 100/135 loss=1.9214 lr=1.95e-04
2026-07-17 08:57:28,586 [INFO] trainer: epoch 62 done train_loss=1.8790 dt=38.1s
2026-07-17 08:57:43,129 [INFO] trainer: epoch 63 step 50/135 loss=1.8524 lr=1.94e-04
2026-07-17 08:57:56,824 [INFO] trainer: epoch 63 step 100/135 loss=1.9106 lr=1.94e-04
2026-07-17 08:58:06,399 [INFO] trainer: epoch 63 done train_loss=1.8808 dt=37.8s
2026-07-17 08:58:21,092 [INFO] trainer: epoch 64 step 50/135 loss=1.8723 lr=1.94e-04
2026-07-17 08:58:34,792 [INFO] trainer: epoch 64 step 100/135 loss=1.8378 lr=1.94e-04
2026-07-17 08:58:44,366 [INFO] trainer: epoch 64 done train_loss=1.8645 dt=38.0s
2026-07-17 08:58:59,220 [INFO] trainer: epoch 65 step 50/135 loss=1.8640 lr=1.94e-04
2026-07-17 08:59:12,925 [INFO] trainer: epoch 65 step 100/135 loss=1.8719 lr=1.94e-04
2026-07-17 08:59:22,497 [INFO] trainer: epoch 65 done train_loss=1.8645 dt=38.1s
2026-07-17 08:59:37,080 [INFO] trainer: epoch 66 step 50/135 loss=1.8261 lr=1.94e-04
2026-07-17 08:59:50,778 [INFO] trainer: epoch 66 step 100/135 loss=1.8497 lr=1.94e-04
2026-07-17 09:00:00,354 [INFO] trainer: epoch 66 done train_loss=1.8409 dt=37.9s
2026-07-17 09:00:15,079 [INFO] trainer: epoch 67 step 50/135 loss=1.8925 lr=1.94e-04
2026-07-17 09:00:28,794 [INFO] trainer: epoch 67 step 100/135 loss=1.8556 lr=1.93e-04
2026-07-17 09:00:38,371 [INFO] trainer: epoch 67 done train_loss=1.8727 dt=38.0s
2026-07-17 09:00:53,067 [INFO] trainer: epoch 68 step 50/135 loss=1.8888 lr=1.93e-04
2026-07-17 09:01:06,771 [INFO] trainer: epoch 68 step 100/135 loss=1.8647 lr=1.93e-04
2026-07-17 09:01:16,353 [INFO] trainer: epoch 68 done train_loss=1.8669 dt=38.0s
2026-07-17 09:01:31,045 [INFO] trainer: epoch 69 step 50/135 loss=1.8621 lr=1.93e-04
2026-07-17 09:01:44,756 [INFO] trainer: epoch 69 step 100/135 loss=1.8503 lr=1.93e-04
2026-07-17 09:01:54,331 [INFO] trainer: epoch 69 done train_loss=1.8591 dt=38.0s
2026-07-17 09:02:09,148 [INFO] trainer: epoch 70 step 50/135 loss=1.8306 lr=1.93e-04
2026-07-17 09:02:22,853 [INFO] trainer: epoch 70 step 100/135 loss=1.8316 lr=1.93e-04
2026-07-17 09:02:32,432 [INFO] trainer: epoch 70 done train_loss=1.8343 dt=38.1s
2026-07-17 09:02:47,433 [INFO] trainer: epoch 71 step 50/135 loss=1.7941 lr=1.93e-04
2026-07-17 09:03:01,120 [INFO] trainer: epoch 71 step 100/135 loss=1.8657 lr=1.93e-04
2026-07-17 09:03:10,679 [INFO] trainer: epoch 71 done train_loss=1.8340 dt=37.9s
2026-07-17 09:03:25,256 [INFO] trainer: epoch 72 step 50/135 loss=1.8437 lr=1.92e-04
2026-07-17 09:03:38,953 [INFO] trainer: epoch 72 step 100/135 loss=1.8498 lr=1.92e-04
2026-07-17 09:03:48,526 [INFO] trainer: epoch 72 done train_loss=1.8349 dt=37.8s
2026-07-17 09:04:03,139 [INFO] trainer: epoch 73 step 50/135 loss=1.8071 lr=1.92e-04
2026-07-17 09:04:16,834 [INFO] trainer: epoch 73 step 100/135 loss=1.8162 lr=1.92e-04
2026-07-17 09:04:26,401 [INFO] trainer: epoch 73 done train_loss=1.8074 dt=37.9s
2026-07-17 09:04:41,081 [INFO] trainer: epoch 74 step 50/135 loss=1.8378 lr=1.92e-04
2026-07-17 09:04:54,769 [INFO] trainer: epoch 74 step 100/135 loss=1.7592 lr=1.92e-04
2026-07-17 09:05:04,333 [INFO] trainer: epoch 74 done train_loss=1.8092 dt=37.9s
2026-07-17 09:05:18,898 [INFO] trainer: epoch 75 step 50/135 loss=1.8094 lr=1.92e-04
2026-07-17 09:05:32,592 [INFO] trainer: epoch 75 step 100/135 loss=1.8451 lr=1.92e-04
2026-07-17 09:05:42,157 [INFO] trainer: epoch 75 done train_loss=1.8102 dt=37.8s
2026-07-17 09:07:42,808 [INFO] trainer: epoch 75 val_mean_dice=0.5421
2026-07-17 09:07:57,897 [INFO] trainer: epoch 76 step 50/135 loss=1.7978 lr=1.91e-04
2026-07-17 09:08:11,599 [INFO] trainer: epoch 76 step 100/135 loss=1.8450 lr=1.91e-04
2026-07-17 09:08:21,170 [INFO] trainer: epoch 76 done train_loss=1.8096 dt=37.9s
2026-07-17 09:08:35,937 [INFO] trainer: epoch 77 step 50/135 loss=1.8102 lr=1.91e-04
2026-07-17 09:08:49,639 [INFO] trainer: epoch 77 step 100/135 loss=1.8047 lr=1.91e-04
2026-07-17 09:08:59,203 [INFO] trainer: epoch 77 done train_loss=1.8053 dt=38.0s
2026-07-17 09:09:13,980 [INFO] trainer: epoch 78 step 50/135 loss=1.8307 lr=1.91e-04
2026-07-17 09:09:27,676 [INFO] trainer: epoch 78 step 100/135 loss=1.8163 lr=1.91e-04
2026-07-17 09:09:37,245 [INFO] trainer: epoch 78 done train_loss=1.8099 dt=38.0s
2026-07-17 09:09:51,839 [INFO] trainer: epoch 79 step 50/135 loss=1.7719 lr=1.91e-04
2026-07-17 09:10:05,551 [INFO] trainer: epoch 79 step 100/135 loss=1.8082 lr=1.90e-04
2026-07-17 09:10:15,129 [INFO] trainer: epoch 79 done train_loss=1.7859 dt=37.9s
2026-07-17 09:10:29,820 [INFO] trainer: epoch 80 step 50/135 loss=1.7810 lr=1.90e-04
2026-07-17 09:10:43,527 [INFO] trainer: epoch 80 step 100/135 loss=1.7663 lr=1.90e-04
2026-07-17 09:10:53,105 [INFO] trainer: epoch 80 done train_loss=1.7807 dt=38.0s
2026-07-17 09:11:08,391 [INFO] trainer: epoch 81 step 50/135 loss=1.7698 lr=1.90e-04
2026-07-17 09:11:22,110 [INFO] trainer: epoch 81 step 100/135 loss=1.7882 lr=1.90e-04
2026-07-17 09:11:31,691 [INFO] trainer: epoch 81 done train_loss=1.7921 dt=38.2s
2026-07-17 09:11:46,494 [INFO] trainer: epoch 82 step 50/135 loss=1.7625 lr=1.90e-04
2026-07-17 09:12:00,229 [INFO] trainer: epoch 82 step 100/135 loss=1.8176 lr=1.90e-04
2026-07-17 09:12:09,813 [INFO] trainer: epoch 82 done train_loss=1.7908 dt=38.1s
2026-07-17 09:12:24,560 [INFO] trainer: epoch 83 step 50/135 loss=1.8144 lr=1.89e-04
2026-07-17 09:12:38,276 [INFO] trainer: epoch 83 step 100/135 loss=1.7624 lr=1.89e-04
2026-07-17 09:12:47,849 [INFO] trainer: epoch 83 done train_loss=1.7898 dt=38.0s
2026-07-17 09:13:02,539 [INFO] trainer: epoch 84 step 50/135 loss=1.7465 lr=1.89e-04
2026-07-17 09:13:16,249 [INFO] trainer: epoch 84 step 100/135 loss=1.8180 lr=1.89e-04
2026-07-17 09:13:25,824 [INFO] trainer: epoch 84 done train_loss=1.7810 dt=38.0s
2026-07-17 09:13:40,520 [INFO] trainer: epoch 85 step 50/135 loss=1.7642 lr=1.89e-04
2026-07-17 09:13:54,222 [INFO] trainer: epoch 85 step 100/135 loss=1.7926 lr=1.89e-04
2026-07-17 09:14:03,805 [INFO] trainer: epoch 85 done train_loss=1.7735 dt=38.0s
2026-07-17 09:14:18,368 [INFO] trainer: epoch 86 step 50/135 loss=1.7856 lr=1.89e-04
2026-07-17 09:14:32,082 [INFO] trainer: epoch 86 step 100/135 loss=1.7669 lr=1.88e-04
2026-07-17 09:14:41,662 [INFO] trainer: epoch 86 done train_loss=1.7756 dt=37.9s
2026-07-17 09:14:56,540 [INFO] trainer: epoch 87 step 50/135 loss=1.7765 lr=1.88e-04
2026-07-17 09:15:10,259 [INFO] trainer: epoch 87 step 100/135 loss=1.7693 lr=1.88e-04
2026-07-17 09:15:19,843 [INFO] trainer: epoch 87 done train_loss=1.7685 dt=38.2s
2026-07-17 09:15:34,682 [INFO] trainer: epoch 88 step 50/135 loss=1.7034 lr=1.88e-04
2026-07-17 09:15:48,398 [INFO] trainer: epoch 88 step 100/135 loss=1.7478 lr=1.88e-04
2026-07-17 09:15:57,975 [INFO] trainer: epoch 88 done train_loss=1.7228 dt=38.1s
2026-07-17 09:16:12,843 [INFO] trainer: epoch 89 step 50/135 loss=1.7591 lr=1.88e-04
2026-07-17 09:16:26,558 [INFO] trainer: epoch 89 step 100/135 loss=1.8007 lr=1.88e-04
2026-07-17 09:16:36,133 [INFO] trainer: epoch 89 done train_loss=1.7661 dt=38.2s
2026-07-17 09:16:50,882 [INFO] trainer: epoch 90 step 50/135 loss=1.8077 lr=1.87e-04
2026-07-17 09:17:04,622 [INFO] trainer: epoch 90 step 100/135 loss=1.8162 lr=1.87e-04
2026-07-17 09:17:14,199 [INFO] trainer: epoch 90 done train_loss=1.7876 dt=38.1s
2026-07-17 09:17:29,318 [INFO] trainer: epoch 91 step 50/135 loss=1.7519 lr=1.87e-04
2026-07-17 09:17:43,039 [INFO] trainer: epoch 91 step 100/135 loss=1.7047 lr=1.87e-04
2026-07-17 09:17:52,625 [INFO] trainer: epoch 91 done train_loss=1.7429 dt=38.0s
2026-07-17 09:18:07,301 [INFO] trainer: epoch 92 step 50/135 loss=1.7484 lr=1.87e-04
2026-07-17 09:18:21,024 [INFO] trainer: epoch 92 step 100/135 loss=1.7511 lr=1.87e-04
2026-07-17 09:18:30,605 [INFO] trainer: epoch 92 done train_loss=1.7430 dt=38.0s
2026-07-17 09:18:45,216 [INFO] trainer: epoch 93 step 50/135 loss=1.7023 lr=1.86e-04
2026-07-17 09:18:59,124 [INFO] trainer: epoch 93 step 100/135 loss=1.7735 lr=1.86e-04
2026-07-17 09:19:08,820 [INFO] trainer: epoch 93 done train_loss=1.7540 dt=38.2s
2026-07-17 09:19:23,795 [INFO] trainer: epoch 94 step 50/135 loss=1.7571 lr=1.86e-04
2026-07-17 09:19:37,514 [INFO] trainer: epoch 94 step 100/135 loss=1.8131 lr=1.86e-04
2026-07-17 09:19:47,103 [INFO] trainer: epoch 94 done train_loss=1.7729 dt=38.3s
2026-07-17 09:20:01,677 [INFO] trainer: epoch 95 step 50/135 loss=1.7483 lr=1.86e-04
2026-07-17 09:20:15,372 [INFO] trainer: epoch 95 step 100/135 loss=1.7152 lr=1.86e-04
2026-07-17 09:20:24,948 [INFO] trainer: epoch 95 done train_loss=1.7358 dt=37.8s
2026-07-17 09:20:39,636 [INFO] trainer: epoch 96 step 50/135 loss=1.7140 lr=1.85e-04
2026-07-17 09:20:53,340 [INFO] trainer: epoch 96 step 100/135 loss=1.7464 lr=1.85e-04
2026-07-17 09:21:02,936 [INFO] trainer: epoch 96 done train_loss=1.7362 dt=38.0s
2026-07-17 09:21:17,562 [INFO] trainer: epoch 97 step 50/135 loss=1.7404 lr=1.85e-04
2026-07-17 09:21:31,282 [INFO] trainer: epoch 97 step 100/135 loss=1.7252 lr=1.85e-04
2026-07-17 09:21:40,868 [INFO] trainer: epoch 97 done train_loss=1.7153 dt=37.9s
2026-07-17 09:21:55,919 [INFO] trainer: epoch 98 step 50/135 loss=1.6807 lr=1.85e-04
2026-07-17 09:22:09,635 [INFO] trainer: epoch 98 step 100/135 loss=1.7365 lr=1.85e-04
2026-07-17 09:22:19,225 [INFO] trainer: epoch 98 done train_loss=1.7193 dt=38.4s
2026-07-17 09:22:33,974 [INFO] trainer: epoch 99 step 50/135 loss=1.7042 lr=1.84e-04
2026-07-17 09:22:47,682 [INFO] trainer: epoch 99 step 100/135 loss=1.7302 lr=1.84e-04
2026-07-17 09:22:57,267 [INFO] trainer: epoch 99 done train_loss=1.7256 dt=38.0s
2026-07-17 09:23:11,970 [INFO] trainer: epoch 100 step 50/135 loss=1.7238 lr=1.84e-04
2026-07-17 09:23:25,694 [INFO] trainer: epoch 100 step 100/135 loss=1.7456 lr=1.84e-04
2026-07-17 09:23:35,291 [INFO] trainer: epoch 100 done train_loss=1.7441 dt=38.0s
2026-07-17 09:25:45,295 [INFO] trainer: epoch 100 val_mean_dice=0.5835
2026-07-17 09:26:00,678 [INFO] trainer: epoch 101 step 50/135 loss=1.7473 lr=1.84e-04
2026-07-17 09:26:14,379 [INFO] trainer: epoch 101 step 100/135 loss=1.7268 lr=1.84e-04
2026-07-17 09:26:23,937 [INFO] trainer: epoch 101 done train_loss=1.7166 dt=37.8s
2026-07-17 09:26:38,694 [INFO] trainer: epoch 102 step 50/135 loss=1.7258 lr=1.83e-04
2026-07-17 09:26:52,377 [INFO] trainer: epoch 102 step 100/135 loss=1.7391 lr=1.83e-04
2026-07-17 09:27:01,952 [INFO] trainer: epoch 102 done train_loss=1.7281 dt=38.0s
2026-07-17 09:27:16,813 [INFO] trainer: epoch 103 step 50/135 loss=1.7325 lr=1.83e-04
2026-07-17 09:27:30,476 [INFO] trainer: epoch 103 step 100/135 loss=1.7135 lr=1.83e-04
2026-07-17 09:27:40,027 [INFO] trainer: epoch 103 done train_loss=1.7361 dt=38.1s
2026-07-17 09:27:54,496 [INFO] trainer: epoch 104 step 50/135 loss=1.7141 lr=1.83e-04
2026-07-17 09:28:08,167 [INFO] trainer: epoch 104 step 100/135 loss=1.7360 lr=1.83e-04
2026-07-17 09:28:17,724 [INFO] trainer: epoch 104 done train_loss=1.7278 dt=37.7s
2026-07-17 09:28:32,279 [INFO] trainer: epoch 105 step 50/135 loss=1.6906 lr=1.82e-04
2026-07-17 09:28:45,947 [INFO] trainer: epoch 105 step 100/135 loss=1.7152 lr=1.82e-04
2026-07-17 09:28:55,510 [INFO] trainer: epoch 105 done train_loss=1.7185 dt=37.8s
2026-07-17 09:29:10,152 [INFO] trainer: epoch 106 step 50/135 loss=1.7045 lr=1.82e-04
2026-07-17 09:29:23,792 [INFO] trainer: epoch 106 step 100/135 loss=1.7157 lr=1.82e-04
2026-07-17 09:29:33,333 [INFO] trainer: epoch 106 done train_loss=1.7131 dt=37.8s
2026-07-17 09:29:47,792 [INFO] trainer: epoch 107 step 50/135 loss=1.6665 lr=1.82e-04
2026-07-17 09:30:01,420 [INFO] trainer: epoch 107 step 100/135 loss=1.7338 lr=1.81e-04
2026-07-17 09:30:10,962 [INFO] trainer: epoch 107 done train_loss=1.6897 dt=37.6s
2026-07-17 09:30:25,467 [INFO] trainer: epoch 108 step 50/135 loss=1.7340 lr=1.81e-04
2026-07-17 09:30:39,112 [INFO] trainer: epoch 108 step 100/135 loss=1.7001 lr=1.81e-04
2026-07-17 09:30:48,668 [INFO] trainer: epoch 108 done train_loss=1.7199 dt=37.7s
2026-07-17 09:31:03,122 [INFO] trainer: epoch 109 step 50/135 loss=1.7135 lr=1.81e-04
2026-07-17 09:31:16,889 [INFO] trainer: epoch 109 step 100/135 loss=1.6620 lr=1.81e-04
2026-07-17 09:31:26,459 [INFO] trainer: epoch 109 done train_loss=1.6752 dt=37.8s
2026-07-17 09:31:41,039 [INFO] trainer: epoch 110 step 50/135 loss=1.7443 lr=1.80e-04
2026-07-17 09:31:54,739 [INFO] trainer: epoch 110 step 100/135 loss=1.6849 lr=1.80e-04
2026-07-17 09:32:04,343 [INFO] trainer: epoch 110 done train_loss=1.7085 dt=37.9s
2026-07-17 09:32:19,376 [INFO] trainer: epoch 111 step 50/135 loss=1.7375 lr=1.80e-04
2026-07-17 09:32:33,065 [INFO] trainer: epoch 111 step 100/135 loss=1.6778 lr=1.80e-04
2026-07-17 09:32:42,631 [INFO] trainer: epoch 111 done train_loss=1.7106 dt=37.9s
2026-07-17 09:32:57,382 [INFO] trainer: epoch 112 step 50/135 loss=1.6836 lr=1.80e-04
2026-07-17 09:33:11,077 [INFO] trainer: epoch 112 step 100/135 loss=1.7014 lr=1.80e-04
2026-07-17 09:33:20,645 [INFO] trainer: epoch 112 done train_loss=1.6978 dt=38.0s
2026-07-17 09:33:35,531 [INFO] trainer: epoch 113 step 50/135 loss=1.7072 lr=1.79e-04
2026-07-17 09:33:49,218 [INFO] trainer: epoch 113 step 100/135 loss=1.7348 lr=1.79e-04
2026-07-17 09:33:58,778 [INFO] trainer: epoch 113 done train_loss=1.7238 dt=38.1s
2026-07-17 09:34:13,648 [INFO] trainer: epoch 114 step 50/135 loss=1.7150 lr=1.79e-04
2026-07-17 09:34:27,336 [INFO] trainer: epoch 114 step 100/135 loss=1.6352 lr=1.79e-04
2026-07-17 09:34:36,897 [INFO] trainer: epoch 114 done train_loss=1.6760 dt=38.1s
2026-07-17 09:34:51,484 [INFO] trainer: epoch 115 step 50/135 loss=1.6391 lr=1.79e-04
2026-07-17 09:35:05,168 [INFO] trainer: epoch 115 step 100/135 loss=1.6680 lr=1.78e-04
2026-07-17 09:35:14,725 [INFO] trainer: epoch 115 done train_loss=1.6549 dt=37.8s
2026-07-17 09:35:29,574 [INFO] trainer: epoch 116 step 50/135 loss=1.6732 lr=1.78e-04
2026-07-17 09:35:43,264 [INFO] trainer: epoch 116 step 100/135 loss=1.7496 lr=1.78e-04
2026-07-17 09:35:52,825 [INFO] trainer: epoch 116 done train_loss=1.7016 dt=38.1s
2026-07-17 09:36:07,535 [INFO] trainer: epoch 117 step 50/135 loss=1.7071 lr=1.78e-04
2026-07-17 09:36:21,225 [INFO] trainer: epoch 117 step 100/135 loss=1.6699 lr=1.78e-04
2026-07-17 09:36:30,793 [INFO] trainer: epoch 117 done train_loss=1.6687 dt=38.0s
2026-07-17 09:36:45,590 [INFO] trainer: epoch 118 step 50/135 loss=1.7081 lr=1.77e-04
2026-07-17 09:36:59,267 [INFO] trainer: epoch 118 step 100/135 loss=1.7444 lr=1.77e-04
2026-07-17 09:37:08,836 [INFO] trainer: epoch 118 done train_loss=1.6981 dt=38.0s
2026-07-17 09:37:23,295 [INFO] trainer: epoch 119 step 50/135 loss=1.6528 lr=1.77e-04
2026-07-17 09:37:36,987 [INFO] trainer: epoch 119 step 100/135 loss=1.6968 lr=1.77e-04
2026-07-17 09:37:46,548 [INFO] trainer: epoch 119 done train_loss=1.6670 dt=37.7s
2026-07-17 09:38:01,296 [INFO] trainer: epoch 120 step 50/135 loss=1.6830 lr=1.77e-04
2026-07-17 09:38:14,989 [INFO] trainer: epoch 120 step 100/135 loss=1.6518 lr=1.76e-04
2026-07-17 09:38:24,553 [INFO] trainer: epoch 120 done train_loss=1.6748 dt=38.0s
2026-07-17 09:38:39,379 [INFO] trainer: epoch 121 step 50/135 loss=1.6413 lr=1.76e-04
2026-07-17 09:38:53,058 [INFO] trainer: epoch 121 step 100/135 loss=1.6576 lr=1.76e-04
2026-07-17 09:39:02,984 [INFO] trainer: epoch 121 done train_loss=1.6729 dt=38.1s
2026-07-17 09:39:17,695 [INFO] trainer: epoch 122 step 50/135 loss=1.6954 lr=1.76e-04
2026-07-17 09:39:31,360 [INFO] trainer: epoch 122 step 100/135 loss=1.6849 lr=1.76e-04
2026-07-17 09:39:40,926 [INFO] trainer: epoch 122 done train_loss=1.6694 dt=37.9s
2026-07-17 09:39:55,321 [INFO] trainer: epoch 123 step 50/135 loss=1.6766 lr=1.75e-04
2026-07-17 09:40:08,990 [INFO] trainer: epoch 123 step 100/135 loss=1.6667 lr=1.75e-04
2026-07-17 09:40:18,550 [INFO] trainer: epoch 123 done train_loss=1.6767 dt=37.6s
2026-07-17 09:40:33,132 [INFO] trainer: epoch 124 step 50/135 loss=1.6423 lr=1.75e-04
2026-07-17 09:40:46,818 [INFO] trainer: epoch 124 step 100/135 loss=1.6636 lr=1.75e-04
2026-07-17 09:40:56,380 [INFO] trainer: epoch 124 done train_loss=1.6571 dt=37.8s
2026-07-17 09:41:10,911 [INFO] trainer: epoch 125 step 50/135 loss=1.6930 lr=1.74e-04
2026-07-17 09:41:24,597 [INFO] trainer: epoch 125 step 100/135 loss=1.6978 lr=1.74e-04
2026-07-17 09:41:34,154 [INFO] trainer: epoch 125 done train_loss=1.6945 dt=37.8s
2026-07-17 09:43:34,812 [INFO] trainer: epoch 125 val_mean_dice=0.6094
2026-07-17 09:43:49,795 [INFO] trainer: epoch 126 step 50/135 loss=1.6970 lr=1.74e-04
2026-07-17 09:44:03,490 [INFO] trainer: epoch 126 step 100/135 loss=1.6511 lr=1.74e-04
2026-07-17 09:44:13,055 [INFO] trainer: epoch 126 done train_loss=1.6737 dt=37.9s
2026-07-17 09:44:27,648 [INFO] trainer: epoch 127 step 50/135 loss=1.6630 lr=1.74e-04
2026-07-17 09:44:41,336 [INFO] trainer: epoch 127 step 100/135 loss=1.6438 lr=1.73e-04
2026-07-17 09:44:50,896 [INFO] trainer: epoch 127 done train_loss=1.6597 dt=37.8s
2026-07-17 09:45:05,620 [INFO] trainer: epoch 128 step 50/135 loss=1.6665 lr=1.73e-04
2026-07-17 09:45:19,288 [INFO] trainer: epoch 128 step 100/135 loss=1.6666 lr=1.73e-04
2026-07-17 09:45:28,840 [INFO] trainer: epoch 128 done train_loss=1.6699 dt=37.9s
2026-07-17 09:45:43,586 [INFO] trainer: epoch 129 step 50/135 loss=1.6754 lr=1.73e-04
2026-07-17 09:45:57,273 [INFO] trainer: epoch 129 step 100/135 loss=1.6892 lr=1.73e-04
2026-07-17 09:46:06,835 [INFO] trainer: epoch 129 done train_loss=1.6788 dt=38.0s
2026-07-17 09:46:21,358 [INFO] trainer: epoch 130 step 50/135 loss=1.6552 lr=1.72e-04
2026-07-17 09:46:35,049 [INFO] trainer: epoch 130 step 100/135 loss=1.6965 lr=1.72e-04
2026-07-17 09:46:44,615 [INFO] trainer: epoch 130 done train_loss=1.6802 dt=37.8s
2026-07-17 09:46:59,734 [INFO] trainer: epoch 131 step 50/135 loss=1.6557 lr=1.72e-04
2026-07-17 09:47:13,432 [INFO] trainer: epoch 131 step 100/135 loss=1.6622 lr=1.72e-04
2026-07-17 09:47:23,005 [INFO] trainer: epoch 131 done train_loss=1.6495 dt=38.0s
2026-07-17 09:47:37,429 [INFO] trainer: epoch 132 step 50/135 loss=1.6479 lr=1.71e-04
2026-07-17 09:47:51,098 [INFO] trainer: epoch 132 step 100/135 loss=1.6324 lr=1.71e-04
2026-07-17 09:48:00,662 [INFO] trainer: epoch 132 done train_loss=1.6382 dt=37.7s
2026-07-17 09:48:15,364 [INFO] trainer: epoch 133 step 50/135 loss=1.6534 lr=1.71e-04
2026-07-17 09:48:29,052 [INFO] trainer: epoch 133 step 100/135 loss=1.6616 lr=1.71e-04
2026-07-17 09:48:38,617 [INFO] trainer: epoch 133 done train_loss=1.6535 dt=38.0s
2026-07-17 09:48:53,271 [INFO] trainer: epoch 134 step 50/135 loss=1.6808 lr=1.70e-04
2026-07-17 09:49:06,958 [INFO] trainer: epoch 134 step 100/135 loss=1.6773 lr=1.70e-04
2026-07-17 09:49:16,532 [INFO] trainer: epoch 134 done train_loss=1.6736 dt=37.9s
2026-07-17 09:49:31,068 [INFO] trainer: epoch 135 step 50/135 loss=1.6746 lr=1.70e-04
2026-07-17 09:49:44,733 [INFO] trainer: epoch 135 step 100/135 loss=1.6339 lr=1.70e-04
2026-07-17 09:49:54,284 [INFO] trainer: epoch 135 done train_loss=1.6369 dt=37.8s
2026-07-17 09:50:08,757 [INFO] trainer: epoch 136 step 50/135 loss=1.6507 lr=1.70e-04
2026-07-17 09:50:22,448 [INFO] trainer: epoch 136 step 100/135 loss=1.6418 lr=1.69e-04
2026-07-17 09:50:32,025 [INFO] trainer: epoch 136 done train_loss=1.6385 dt=37.7s
2026-07-17 09:50:46,442 [INFO] trainer: epoch 137 step 50/135 loss=1.6289 lr=1.69e-04
2026-07-17 09:51:00,127 [INFO] trainer: epoch 137 step 100/135 loss=1.6348 lr=1.69e-04
2026-07-17 09:51:09,682 [INFO] trainer: epoch 137 done train_loss=1.6515 dt=37.7s
2026-07-17 09:51:24,117 [INFO] trainer: epoch 138 step 50/135 loss=1.6532 lr=1.69e-04
2026-07-17 09:51:37,787 [INFO] trainer: epoch 138 step 100/135 loss=1.6487 lr=1.68e-04
2026-07-17 09:51:47,341 [INFO] trainer: epoch 138 done train_loss=1.6365 dt=37.7s
2026-07-17 09:52:01,734 [INFO] trainer: epoch 139 step 50/135 loss=1.6389 lr=1.68e-04
2026-07-17 09:52:15,419 [INFO] trainer: epoch 139 step 100/135 loss=1.6365 lr=1.68e-04
2026-07-17 09:52:24,987 [INFO] trainer: epoch 139 done train_loss=1.6398 dt=37.6s
2026-07-17 09:52:39,572 [INFO] trainer: epoch 140 step 50/135 loss=1.6634 lr=1.68e-04
2026-07-17 09:52:53,242 [INFO] trainer: epoch 140 step 100/135 loss=1.6369 lr=1.68e-04
2026-07-17 09:53:02,797 [INFO] trainer: epoch 140 done train_loss=1.6547 dt=37.8s
2026-07-17 09:53:17,631 [INFO] trainer: epoch 141 step 50/135 loss=1.6398 lr=1.67e-04
2026-07-17 09:53:31,312 [INFO] trainer: epoch 141 step 100/135 loss=1.6583 lr=1.67e-04
2026-07-17 09:53:40,871 [INFO] trainer: epoch 141 done train_loss=1.6559 dt=37.7s
2026-07-17 09:53:55,338 [INFO] trainer: epoch 142 step 50/135 loss=1.6679 lr=1.67e-04
2026-07-17 09:54:09,005 [INFO] trainer: epoch 142 step 100/135 loss=1.6046 lr=1.67e-04
2026-07-17 09:54:18,558 [INFO] trainer: epoch 142 done train_loss=1.6350 dt=37.7s
2026-07-17 09:54:33,117 [INFO] trainer: epoch 143 step 50/135 loss=1.6613 lr=1.66e-04
2026-07-17 09:54:46,777 [INFO] trainer: epoch 143 step 100/135 loss=1.6066 lr=1.66e-04
2026-07-17 09:54:56,327 [INFO] trainer: epoch 143 done train_loss=1.6319 dt=37.8s
2026-07-17 09:55:10,740 [INFO] trainer: epoch 144 step 50/135 loss=1.6641 lr=1.66e-04
2026-07-17 09:55:24,412 [INFO] trainer: epoch 144 step 100/135 loss=1.6364 lr=1.66e-04
2026-07-17 09:55:33,969 [INFO] trainer: epoch 144 done train_loss=1.6422 dt=37.6s
2026-07-17 09:55:48,592 [INFO] trainer: epoch 145 step 50/135 loss=1.6311 lr=1.65e-04
2026-07-17 09:56:02,263 [INFO] trainer: epoch 145 step 100/135 loss=1.6738 lr=1.65e-04
2026-07-17 09:56:11,824 [INFO] trainer: epoch 145 done train_loss=1.6368 dt=37.9s
2026-07-17 09:56:26,179 [INFO] trainer: epoch 146 step 50/135 loss=1.6284 lr=1.65e-04
2026-07-17 09:56:39,856 [INFO] trainer: epoch 146 step 100/135 loss=1.6033 lr=1.65e-04
2026-07-17 09:56:49,418 [INFO] trainer: epoch 146 done train_loss=1.6261 dt=37.6s
2026-07-17 09:57:03,977 [INFO] trainer: epoch 147 step 50/135 loss=1.6426 lr=1.64e-04
2026-07-17 09:57:17,659 [INFO] trainer: epoch 147 step 100/135 loss=1.6510 lr=1.64e-04
2026-07-17 09:57:27,223 [INFO] trainer: epoch 147 done train_loss=1.6357 dt=37.8s
2026-07-17 09:57:41,752 [INFO] trainer: epoch 148 step 50/135 loss=1.6208 lr=1.64e-04
2026-07-17 09:57:55,421 [INFO] trainer: epoch 148 step 100/135 loss=1.6495 lr=1.64e-04
2026-07-17 09:58:04,984 [INFO] trainer: epoch 148 done train_loss=1.6546 dt=37.8s
2026-07-17 09:58:19,571 [INFO] trainer: epoch 149 step 50/135 loss=1.6678 lr=1.63e-04
2026-07-17 09:58:33,256 [INFO] trainer: epoch 149 step 100/135 loss=1.6229 lr=1.63e-04
2026-07-17 09:58:42,813 [INFO] trainer: epoch 149 done train_loss=1.6500 dt=37.8s
2026-07-17 09:58:57,218 [INFO] trainer: epoch 150 step 50/135 loss=1.6508 lr=1.63e-04
2026-07-17 09:59:10,897 [INFO] trainer: epoch 150 step 100/135 loss=1.6379 lr=1.63e-04
2026-07-17 09:59:20,451 [INFO] trainer: epoch 150 done train_loss=1.6396 dt=37.6s
2026-07-17 10:01:21,034 [INFO] trainer: epoch 150 val_mean_dice=0.6136
2026-07-17 10:01:37,199 [INFO] trainer: epoch 151 step 50/135 loss=1.6328 lr=1.62e-04
2026-07-17 10:01:50,873 [INFO] trainer: epoch 151 step 100/135 loss=1.6639 lr=1.62e-04
2026-07-17 10:02:00,437 [INFO] trainer: epoch 151 done train_loss=1.6304 dt=38.5s
2026-07-17 10:02:14,948 [INFO] trainer: epoch 152 step 50/135 loss=1.6171 lr=1.62e-04
2026-07-17 10:02:28,626 [INFO] trainer: epoch 152 step 100/135 loss=1.6565 lr=1.62e-04
2026-07-17 10:02:38,189 [INFO] trainer: epoch 152 done train_loss=1.6246 dt=37.8s
2026-07-17 10:02:52,675 [INFO] trainer: epoch 153 step 50/135 loss=1.6005 lr=1.61e-04
2026-07-17 10:03:06,355 [INFO] trainer: epoch 153 step 100/135 loss=1.6008 lr=1.61e-04
2026-07-17 10:03:15,928 [INFO] trainer: epoch 153 done train_loss=1.6050 dt=37.7s
2026-07-17 10:03:30,428 [INFO] trainer: epoch 154 step 50/135 loss=1.5680 lr=1.61e-04
2026-07-17 10:03:44,115 [INFO] trainer: epoch 154 step 100/135 loss=1.5958 lr=1.61e-04
2026-07-17 10:03:53,759 [INFO] trainer: epoch 154 done train_loss=1.6007 dt=37.8s
2026-07-17 10:04:08,251 [INFO] trainer: epoch 155 step 50/135 loss=1.5941 lr=1.60e-04
2026-07-17 10:04:21,949 [INFO] trainer: epoch 155 step 100/135 loss=1.6391 lr=1.60e-04
2026-07-17 10:04:31,527 [INFO] trainer: epoch 155 done train_loss=1.6177 dt=37.8s
2026-07-17 10:04:45,983 [INFO] trainer: epoch 156 step 50/135 loss=1.6101 lr=1.60e-04
2026-07-17 10:04:59,658 [INFO] trainer: epoch 156 step 100/135 loss=1.6172 lr=1.60e-04
2026-07-17 10:05:09,230 [INFO] trainer: epoch 156 done train_loss=1.5997 dt=37.7s
2026-07-17 10:05:23,681 [INFO] trainer: epoch 157 step 50/135 loss=1.6478 lr=1.59e-04
2026-07-17 10:05:37,364 [INFO] trainer: epoch 157 step 100/135 loss=1.5919 lr=1.59e-04
2026-07-17 10:05:46,920 [INFO] trainer: epoch 157 done train_loss=1.6243 dt=37.7s
2026-07-17 10:06:01,561 [INFO] trainer: epoch 158 step 50/135 loss=1.6135 lr=1.59e-04
2026-07-17 10:06:15,229 [INFO] trainer: epoch 158 step 100/135 loss=1.6551 lr=1.59e-04
2026-07-17 10:06:24,771 [INFO] trainer: epoch 158 done train_loss=1.6378 dt=37.8s
2026-07-17 10:06:39,163 [INFO] trainer: epoch 159 step 50/135 loss=1.6457 lr=1.58e-04
2026-07-17 10:06:52,863 [INFO] trainer: epoch 159 step 100/135 loss=1.6106 lr=1.58e-04
2026-07-17 10:07:02,435 [INFO] trainer: epoch 159 done train_loss=1.6296 dt=37.7s
2026-07-17 10:07:16,850 [INFO] trainer: epoch 160 step 50/135 loss=1.6134 lr=1.58e-04
2026-07-17 10:07:30,520 [INFO] trainer: epoch 160 step 100/135 loss=1.6304 lr=1.58e-04
2026-07-17 10:07:40,083 [INFO] trainer: epoch 160 done train_loss=1.6323 dt=37.6s
2026-07-17 10:07:54,837 [INFO] trainer: epoch 161 step 50/135 loss=1.5898 lr=1.57e-04
2026-07-17 10:08:08,513 [INFO] trainer: epoch 161 step 100/135 loss=1.6299 lr=1.57e-04
2026-07-17 10:08:18,069 [INFO] trainer: epoch 161 done train_loss=1.6065 dt=37.6s
2026-07-17 10:08:32,489 [INFO] trainer: epoch 162 step 50/135 loss=1.6034 lr=1.57e-04
2026-07-17 10:08:46,156 [INFO] trainer: epoch 162 step 100/135 loss=1.6243 lr=1.57e-04
2026-07-17 10:08:55,740 [INFO] trainer: epoch 162 done train_loss=1.6010 dt=37.7s
2026-07-17 10:09:10,281 [INFO] trainer: epoch 163 step 50/135 loss=1.5650 lr=1.56e-04
2026-07-17 10:09:23,975 [INFO] trainer: epoch 163 step 100/135 loss=1.6056 lr=1.56e-04
2026-07-17 10:09:33,555 [INFO] trainer: epoch 163 done train_loss=1.5946 dt=37.8s
2026-07-17 10:09:48,068 [INFO] trainer: epoch 164 step 50/135 loss=1.5918 lr=1.56e-04
2026-07-17 10:10:01,743 [INFO] trainer: epoch 164 step 100/135 loss=1.6141 lr=1.55e-04
2026-07-17 10:10:11,314 [INFO] trainer: epoch 164 done train_loss=1.6114 dt=37.8s
2026-07-17 10:10:25,729 [INFO] trainer: epoch 165 step 50/135 loss=1.6181 lr=1.55e-04
2026-07-17 10:10:39,412 [INFO] trainer: epoch 165 step 100/135 loss=1.6444 lr=1.55e-04
2026-07-17 10:10:48,988 [INFO] trainer: epoch 165 done train_loss=1.6243 dt=37.7s
2026-07-17 10:11:03,522 [INFO] trainer: epoch 166 step 50/135 loss=1.6154 lr=1.55e-04
2026-07-17 10:11:17,300 [INFO] trainer: epoch 166 step 100/135 loss=1.6150 lr=1.54e-04
2026-07-17 10:11:26,863 [INFO] trainer: epoch 166 done train_loss=1.6218 dt=37.9s
2026-07-17 10:11:41,296 [INFO] trainer: epoch 167 step 50/135 loss=1.6405 lr=1.54e-04
2026-07-17 10:11:54,980 [INFO] trainer: epoch 167 step 100/135 loss=1.5733 lr=1.54e-04
2026-07-17 10:12:04,555 [INFO] trainer: epoch 167 done train_loss=1.5924 dt=37.7s
2026-07-17 10:12:19,001 [INFO] trainer: epoch 168 step 50/135 loss=1.5892 lr=1.54e-04
2026-07-17 10:12:32,688 [INFO] trainer: epoch 168 step 100/135 loss=1.6415 lr=1.53e-04
2026-07-17 10:12:42,249 [INFO] trainer: epoch 168 done train_loss=1.6048 dt=37.7s
2026-07-17 10:12:56,607 [INFO] trainer: epoch 169 step 50/135 loss=1.5552 lr=1.53e-04
2026-07-17 10:13:10,290 [INFO] trainer: epoch 169 step 100/135 loss=1.6202 lr=1.53e-04
2026-07-17 10:13:19,864 [INFO] trainer: epoch 169 done train_loss=1.5878 dt=37.6s
2026-07-17 10:13:34,386 [INFO] trainer: epoch 170 step 50/135 loss=1.6058 lr=1.52e-04
2026-07-17 10:13:48,073 [INFO] trainer: epoch 170 step 100/135 loss=1.5708 lr=1.52e-04
2026-07-17 10:13:57,643 [INFO] trainer: epoch 170 done train_loss=1.5795 dt=37.8s
2026-07-17 10:14:12,400 [INFO] trainer: epoch 171 step 50/135 loss=1.5912 lr=1.52e-04
2026-07-17 10:14:26,078 [INFO] trainer: epoch 171 step 100/135 loss=1.5762 lr=1.52e-04
2026-07-17 10:14:35,628 [INFO] trainer: epoch 171 done train_loss=1.6000 dt=37.6s
2026-07-17 10:14:50,045 [INFO] trainer: epoch 172 step 50/135 loss=1.5657 lr=1.51e-04
2026-07-17 10:15:03,705 [INFO] trainer: epoch 172 step 100/135 loss=1.6217 lr=1.51e-04
2026-07-17 10:15:13,253 [INFO] trainer: epoch 172 done train_loss=1.5908 dt=37.6s
2026-07-17 10:15:27,729 [INFO] trainer: epoch 173 step 50/135 loss=1.6189 lr=1.51e-04
2026-07-17 10:15:41,414 [INFO] trainer: epoch 173 step 100/135 loss=1.5700 lr=1.51e-04
2026-07-17 10:15:50,972 [INFO] trainer: epoch 173 done train_loss=1.5954 dt=37.7s
2026-07-17 10:16:05,453 [INFO] trainer: epoch 174 step 50/135 loss=1.5967 lr=1.50e-04
2026-07-17 10:16:19,114 [INFO] trainer: epoch 174 step 100/135 loss=1.5632 lr=1.50e-04
2026-07-17 10:16:28,663 [INFO] trainer: epoch 174 done train_loss=1.5728 dt=37.7s
2026-07-17 10:16:43,222 [INFO] trainer: epoch 175 step 50/135 loss=1.5609 lr=1.50e-04
2026-07-17 10:16:56,875 [INFO] trainer: epoch 175 step 100/135 loss=1.6323 lr=1.49e-04
2026-07-17 10:17:06,419 [INFO] trainer: epoch 175 done train_loss=1.6066 dt=37.8s
2026-07-17 10:19:07,063 [INFO] trainer: epoch 175 val_mean_dice=0.6240
2026-07-17 10:19:22,099 [INFO] trainer: epoch 176 step 50/135 loss=1.5946 lr=1.49e-04
2026-07-17 10:19:35,786 [INFO] trainer: epoch 176 step 100/135 loss=1.6118 lr=1.49e-04
2026-07-17 10:19:45,355 [INFO] trainer: epoch 176 done train_loss=1.6130 dt=37.8s
2026-07-17 10:19:59,725 [INFO] trainer: epoch 177 step 50/135 loss=1.6096 lr=1.49e-04
2026-07-17 10:20:13,411 [INFO] trainer: epoch 177 step 100/135 loss=1.5747 lr=1.48e-04
2026-07-17 10:20:22,966 [INFO] trainer: epoch 177 done train_loss=1.5986 dt=37.6s
2026-07-17 10:20:37,512 [INFO] trainer: epoch 178 step 50/135 loss=1.5683 lr=1.48e-04
2026-07-17 10:20:51,214 [INFO] trainer: epoch 178 step 100/135 loss=1.5977 lr=1.48e-04
2026-07-17 10:21:00,794 [INFO] trainer: epoch 178 done train_loss=1.5862 dt=37.8s
2026-07-17 10:21:15,243 [INFO] trainer: epoch 179 step 50/135 loss=1.6063 lr=1.47e-04
2026-07-17 10:21:28,905 [INFO] trainer: epoch 179 step 100/135 loss=1.5482 lr=1.47e-04
2026-07-17 10:21:38,448 [INFO] trainer: epoch 179 done train_loss=1.5796 dt=37.7s
2026-07-17 10:21:52,905 [INFO] trainer: epoch 180 step 50/135 loss=1.5866 lr=1.47e-04
2026-07-17 10:22:06,535 [INFO] trainer: epoch 180 step 100/135 loss=1.6122 lr=1.47e-04
2026-07-17 10:22:16,229 [INFO] trainer: epoch 180 done train_loss=1.5864 dt=37.8s
2026-07-17 10:22:31,436 [INFO] trainer: epoch 181 step 50/135 loss=1.5787 lr=1.46e-04
2026-07-17 10:23:08,081 [INFO] trainer: epoch 181 step 100/135 loss=1.5891 lr=1.46e-04
2026-07-17 10:23:17,617 [INFO] trainer: epoch 181 done train_loss=1.5828 dt=61.0s
2026-07-17 10:23:31,846 [INFO] trainer: epoch 182 step 50/135 loss=1.5806 lr=1.46e-04
2026-07-17 10:23:46,851 [INFO] trainer: epoch 182 step 100/135 loss=1.6084 lr=1.46e-04
2026-07-17 10:23:56,418 [INFO] trainer: epoch 182 done train_loss=1.5849 dt=38.8s
2026-07-17 10:24:10,993 [INFO] trainer: epoch 183 step 50/135 loss=1.5518 lr=1.45e-04
2026-07-17 10:24:24,669 [INFO] trainer: epoch 183 step 100/135 loss=1.6170 lr=1.45e-04
2026-07-17 10:24:34,207 [INFO] trainer: epoch 183 done train_loss=1.5821 dt=37.8s
2026-07-17 10:24:48,812 [INFO] trainer: epoch 184 step 50/135 loss=1.6148 lr=1.45e-04
2026-07-17 10:25:02,484 [INFO] trainer: epoch 184 step 100/135 loss=1.5563 lr=1.44e-04
2026-07-17 10:25:12,047 [INFO] trainer: epoch 184 done train_loss=1.5899 dt=37.8s
2026-07-17 10:25:26,658 [INFO] trainer: epoch 185 step 50/135 loss=1.5365 lr=1.44e-04
2026-07-17 10:25:40,329 [INFO] trainer: epoch 185 step 100/135 loss=1.5953 lr=1.44e-04
2026-07-17 10:25:49,878 [INFO] trainer: epoch 185 done train_loss=1.5803 dt=37.8s
2026-07-17 10:26:04,295 [INFO] trainer: epoch 186 step 50/135 loss=1.6006 lr=1.43e-04
2026-07-17 10:26:17,974 [INFO] trainer: epoch 186 step 100/135 loss=1.5876 lr=1.43e-04
2026-07-17 10:26:27,525 [INFO] trainer: epoch 186 done train_loss=1.5891 dt=37.6s
2026-07-17 10:26:42,022 [INFO] trainer: epoch 187 step 50/135 loss=1.5990 lr=1.43e-04
2026-07-17 10:26:55,667 [INFO] trainer: epoch 187 step 100/135 loss=1.5977 lr=1.43e-04
2026-07-17 10:27:05,221 [INFO] trainer: epoch 187 done train_loss=1.6017 dt=37.7s
2026-07-17 10:27:19,661 [INFO] trainer: epoch 188 step 50/135 loss=1.5463 lr=1.42e-04
2026-07-17 10:27:33,339 [INFO] trainer: epoch 188 step 100/135 loss=1.5727 lr=1.42e-04
2026-07-17 10:27:42,885 [INFO] trainer: epoch 188 done train_loss=1.5637 dt=37.7s
2026-07-17 10:27:57,490 [INFO] trainer: epoch 189 step 50/135 loss=1.5925 lr=1.42e-04
2026-07-17 10:28:11,154 [INFO] trainer: epoch 189 step 100/135 loss=1.6307 lr=1.42e-04
2026-07-17 10:28:20,744 [INFO] trainer: epoch 189 done train_loss=1.6010 dt=37.9s
2026-07-17 10:28:35,428 [INFO] trainer: epoch 190 step 50/135 loss=1.5642 lr=1.41e-04
2026-07-17 10:28:49,064 [INFO] trainer: epoch 190 step 100/135 loss=1.5520 lr=1.41e-04
2026-07-17 10:28:58,604 [INFO] trainer: epoch 190 done train_loss=1.5648 dt=37.9s
2026-07-17 10:29:13,410 [INFO] trainer: epoch 191 step 50/135 loss=1.5635 lr=1.41e-04
2026-07-17 10:29:27,038 [INFO] trainer: epoch 191 step 100/135 loss=1.6112 lr=1.40e-04
2026-07-17 10:29:36,574 [INFO] trainer: epoch 191 done train_loss=1.5671 dt=37.6s
2026-07-17 10:29:59,449 [INFO] trainer: epoch 192 step 50/135 loss=1.5833 lr=1.40e-04
2026-07-17 10:30:13,098 [INFO] trainer: epoch 192 step 100/135 loss=1.5547 lr=1.40e-04
2026-07-17 10:30:22,640 [INFO] trainer: epoch 192 done train_loss=1.5689 dt=46.1s
2026-07-17 10:30:37,118 [INFO] trainer: epoch 193 step 50/135 loss=1.5919 lr=1.39e-04
2026-07-17 10:30:50,767 [INFO] trainer: epoch 193 step 100/135 loss=1.5721 lr=1.39e-04
2026-07-17 10:31:00,326 [INFO] trainer: epoch 193 done train_loss=1.5903 dt=37.7s
2026-07-17 10:31:14,821 [INFO] trainer: epoch 194 step 50/135 loss=1.5650 lr=1.39e-04
2026-07-17 10:31:28,462 [INFO] trainer: epoch 194 step 100/135 loss=1.5626 lr=1.39e-04
2026-07-17 10:31:38,010 [INFO] trainer: epoch 194 done train_loss=1.5556 dt=37.7s
2026-07-17 10:31:52,459 [INFO] trainer: epoch 195 step 50/135 loss=1.5760 lr=1.38e-04
2026-07-17 10:32:06,140 [INFO] trainer: epoch 195 step 100/135 loss=1.5370 lr=1.38e-04
2026-07-17 10:32:15,700 [INFO] trainer: epoch 195 done train_loss=1.5869 dt=37.7s
2026-07-17 10:32:30,278 [INFO] trainer: epoch 196 step 50/135 loss=1.5392 lr=1.38e-04
2026-07-17 10:32:43,962 [INFO] trainer: epoch 196 step 100/135 loss=1.5710 lr=1.37e-04
2026-07-17 10:32:53,529 [INFO] trainer: epoch 196 done train_loss=1.5586 dt=37.8s
2026-07-17 10:33:08,298 [INFO] trainer: epoch 197 step 50/135 loss=1.5831 lr=1.37e-04
2026-07-17 10:33:21,940 [INFO] trainer: epoch 197 step 100/135 loss=1.5649 lr=1.37e-04
2026-07-17 10:33:31,481 [INFO] trainer: epoch 197 done train_loss=1.5734 dt=38.0s
2026-07-17 10:33:46,192 [INFO] trainer: epoch 198 step 50/135 loss=1.5712 lr=1.36e-04
2026-07-17 10:33:59,851 [INFO] trainer: epoch 198 step 100/135 loss=1.5673 lr=1.36e-04
2026-07-17 10:34:09,413 [INFO] trainer: epoch 198 done train_loss=1.5876 dt=37.9s
2026-07-17 10:34:24,126 [INFO] trainer: epoch 199 step 50/135 loss=1.5294 lr=1.36e-04
2026-07-17 10:34:37,795 [INFO] trainer: epoch 199 step 100/135 loss=1.5656 lr=1.36e-04
2026-07-17 10:34:47,362 [INFO] trainer: epoch 199 done train_loss=1.5668 dt=37.9s
2026-07-17 10:35:02,065 [INFO] trainer: epoch 200 step 50/135 loss=1.5896 lr=1.35e-04
2026-07-17 10:35:15,725 [INFO] trainer: epoch 200 step 100/135 loss=1.5735 lr=1.35e-04
2026-07-17 10:35:25,275 [INFO] trainer: epoch 200 done train_loss=1.5785 dt=37.9s
2026-07-17 10:38:39,872 [INFO] trainer: epoch 200 val_mean_dice=0.6379
2026-07-17 10:38:55,189 [INFO] trainer: epoch 201 step 50/135 loss=1.5182 lr=1.35e-04
2026-07-17 10:39:08,825 [INFO] trainer: epoch 201 step 100/135 loss=1.5833 lr=1.34e-04
2026-07-17 10:39:18,358 [INFO] trainer: epoch 201 done train_loss=1.5501 dt=37.8s
2026-07-17 10:39:32,821 [INFO] trainer: epoch 202 step 50/135 loss=1.5731 lr=1.34e-04
2026-07-17 10:39:46,435 [INFO] trainer: epoch 202 step 100/135 loss=1.5708 lr=1.34e-04
2026-07-17 10:39:55,969 [INFO] trainer: epoch 202 done train_loss=1.5738 dt=37.6s
2026-07-17 10:40:10,417 [INFO] trainer: epoch 203 step 50/135 loss=1.5719 lr=1.33e-04
2026-07-17 10:40:24,055 [INFO] trainer: epoch 203 step 100/135 loss=1.5517 lr=1.33e-04
2026-07-17 10:40:33,584 [INFO] trainer: epoch 203 done train_loss=1.5621 dt=37.6s
2026-07-17 10:40:47,923 [INFO] trainer: epoch 204 step 50/135 loss=1.5610 lr=1.33e-04
2026-07-17 10:41:01,572 [INFO] trainer: epoch 204 step 100/135 loss=1.6091 lr=1.33e-04
2026-07-17 10:41:11,105 [INFO] trainer: epoch 204 done train_loss=1.5916 dt=37.5s
2026-07-17 10:41:25,406 [INFO] trainer: epoch 205 step 50/135 loss=1.5655 lr=1.32e-04
2026-07-17 10:41:39,050 [INFO] trainer: epoch 205 step 100/135 loss=1.5353 lr=1.32e-04
2026-07-17 10:41:48,591 [INFO] trainer: epoch 205 done train_loss=1.5406 dt=37.5s
2026-07-17 10:42:02,976 [INFO] trainer: epoch 206 step 50/135 loss=1.5994 lr=1.32e-04
2026-07-17 10:42:16,607 [INFO] trainer: epoch 206 step 100/135 loss=1.5356 lr=1.31e-04
2026-07-17 10:42:26,147 [INFO] trainer: epoch 206 done train_loss=1.5562 dt=37.6s
2026-07-17 10:42:40,538 [INFO] trainer: epoch 207 step 50/135 loss=1.5884 lr=1.31e-04
2026-07-17 10:42:54,186 [INFO] trainer: epoch 207 step 100/135 loss=1.5265 lr=1.31e-04
2026-07-17 10:43:03,722 [INFO] trainer: epoch 207 done train_loss=1.5689 dt=37.6s
2026-07-17 10:43:18,037 [INFO] trainer: epoch 208 step 50/135 loss=1.5445 lr=1.30e-04
2026-07-17 10:43:31,678 [INFO] trainer: epoch 208 step 100/135 loss=1.5501 lr=1.30e-04
2026-07-17 10:43:41,214 [INFO] trainer: epoch 208 done train_loss=1.5474 dt=37.5s
2026-07-17 10:43:55,539 [INFO] trainer: epoch 209 step 50/135 loss=1.5666 lr=1.30e-04
2026-07-17 10:44:09,179 [INFO] trainer: epoch 209 step 100/135 loss=1.6221 lr=1.30e-04
2026-07-17 10:44:18,726 [INFO] trainer: epoch 209 done train_loss=1.5946 dt=37.5s
2026-07-17 10:44:33,148 [INFO] trainer: epoch 210 step 50/135 loss=1.5509 lr=1.29e-04
2026-07-17 10:44:46,803 [INFO] trainer: epoch 210 step 100/135 loss=1.5920 lr=1.29e-04
2026-07-17 10:44:56,357 [INFO] trainer: epoch 210 done train_loss=1.5678 dt=37.6s
2026-07-17 10:45:11,197 [INFO] trainer: epoch 211 step 50/135 loss=1.5489 lr=1.29e-04
2026-07-17 10:45:24,842 [INFO] trainer: epoch 211 step 100/135 loss=1.5703 lr=1.28e-04
2026-07-17 10:45:34,384 [INFO] trainer: epoch 211 done train_loss=1.5638 dt=37.7s
2026-07-17 10:45:48,835 [INFO] trainer: epoch 212 step 50/135 loss=1.5483 lr=1.28e-04
2026-07-17 10:46:02,494 [INFO] trainer: epoch 212 step 100/135 loss=1.5491 lr=1.28e-04
2026-07-17 10:46:12,039 [INFO] trainer: epoch 212 done train_loss=1.5450 dt=37.7s
2026-07-17 10:46:26,507 [INFO] trainer: epoch 213 step 50/135 loss=1.5765 lr=1.27e-04
2026-07-17 10:46:40,157 [INFO] trainer: epoch 213 step 100/135 loss=1.5847 lr=1.27e-04
2026-07-17 10:46:49,702 [INFO] trainer: epoch 213 done train_loss=1.5735 dt=37.7s
2026-07-17 10:47:04,190 [INFO] trainer: epoch 214 step 50/135 loss=1.5554 lr=1.27e-04
2026-07-17 10:47:17,844 [INFO] trainer: epoch 214 step 100/135 loss=1.5098 lr=1.27e-04
2026-07-17 10:47:27,388 [INFO] trainer: epoch 214 done train_loss=1.5359 dt=37.7s
2026-07-17 10:47:41,818 [INFO] trainer: epoch 215 step 50/135 loss=1.5577 lr=1.26e-04
2026-07-17 10:47:55,458 [INFO] trainer: epoch 215 step 100/135 loss=1.5121 lr=1.26e-04
2026-07-17 10:48:04,995 [INFO] trainer: epoch 215 done train_loss=1.5279 dt=37.6s
2026-07-17 10:48:19,395 [INFO] trainer: epoch 216 step 50/135 loss=1.5305 lr=1.26e-04
2026-07-17 10:48:33,056 [INFO] trainer: epoch 216 step 100/135 loss=1.6218 lr=1.25e-04
2026-07-17 10:48:42,599 [INFO] trainer: epoch 216 done train_loss=1.5666 dt=37.6s
2026-07-17 10:48:57,156 [INFO] trainer: epoch 217 step 50/135 loss=1.5922 lr=1.25e-04
2026-07-17 10:49:10,794 [INFO] trainer: epoch 217 step 100/135 loss=1.5321 lr=1.25e-04
2026-07-17 10:49:20,327 [INFO] trainer: epoch 217 done train_loss=1.5402 dt=37.7s
2026-07-17 10:49:34,856 [INFO] trainer: epoch 218 step 50/135 loss=1.5371 lr=1.24e-04
2026-07-17 10:49:48,501 [INFO] trainer: epoch 218 step 100/135 loss=1.5686 lr=1.24e-04
2026-07-17 10:49:58,052 [INFO] trainer: epoch 218 done train_loss=1.5589 dt=37.7s
2026-07-17 10:50:12,724 [INFO] trainer: epoch 219 step 50/135 loss=1.5705 lr=1.24e-04
2026-07-17 10:50:26,373 [INFO] trainer: epoch 219 step 100/135 loss=1.5523 lr=1.23e-04
2026-07-17 10:50:35,920 [INFO] trainer: epoch 219 done train_loss=1.5516 dt=37.9s
2026-07-17 10:50:50,290 [INFO] trainer: epoch 220 step 50/135 loss=1.5444 lr=1.23e-04
2026-07-17 10:51:03,942 [INFO] trainer: epoch 220 step 100/135 loss=1.5438 lr=1.23e-04
2026-07-17 10:51:13,484 [INFO] trainer: epoch 220 done train_loss=1.5570 dt=37.6s
2026-07-17 10:51:28,296 [INFO] trainer: epoch 221 step 50/135 loss=1.5662 lr=1.22e-04
2026-07-17 10:51:41,917 [INFO] trainer: epoch 221 step 100/135 loss=1.5438 lr=1.22e-04
2026-07-17 10:51:51,464 [INFO] trainer: epoch 221 done train_loss=1.5619 dt=37.6s
2026-07-17 10:52:05,894 [INFO] trainer: epoch 222 step 50/135 loss=1.5140 lr=1.22e-04
2026-07-17 10:52:19,539 [INFO] trainer: epoch 222 step 100/135 loss=1.5663 lr=1.22e-04
2026-07-17 10:52:29,080 [INFO] trainer: epoch 222 done train_loss=1.5386 dt=37.6s
2026-07-17 10:52:43,520 [INFO] trainer: epoch 223 step 50/135 loss=1.5268 lr=1.21e-04
2026-07-17 10:52:57,154 [INFO] trainer: epoch 223 step 100/135 loss=1.5301 lr=1.21e-04
2026-07-17 10:53:06,683 [INFO] trainer: epoch 223 done train_loss=1.5293 dt=37.6s
2026-07-17 10:53:21,053 [INFO] trainer: epoch 224 step 50/135 loss=1.5310 lr=1.21e-04
2026-07-17 10:53:34,705 [INFO] trainer: epoch 224 step 100/135 loss=1.5876 lr=1.20e-04
2026-07-17 10:53:44,246 [INFO] trainer: epoch 224 done train_loss=1.5451 dt=37.6s
2026-07-17 10:53:58,615 [INFO] trainer: epoch 225 step 50/135 loss=1.5775 lr=1.20e-04
2026-07-17 10:54:12,250 [INFO] trainer: epoch 225 step 100/135 loss=1.4906 lr=1.20e-04
2026-07-17 10:54:21,798 [INFO] trainer: epoch 225 done train_loss=1.5594 dt=37.6s
2026-07-17 10:56:22,444 [INFO] trainer: epoch 225 val_mean_dice=0.6429
2026-07-17 10:56:37,345 [INFO] trainer: epoch 226 step 50/135 loss=1.5234 lr=1.19e-04
2026-07-17 10:56:51,004 [INFO] trainer: epoch 226 step 100/135 loss=1.5746 lr=1.19e-04
2026-07-17 10:57:00,538 [INFO] trainer: epoch 226 done train_loss=1.5688 dt=37.7s
2026-07-17 10:57:14,921 [INFO] trainer: epoch 227 step 50/135 loss=1.4929 lr=1.19e-04
2026-07-17 10:57:28,594 [INFO] trainer: epoch 227 step 100/135 loss=1.5837 lr=1.18e-04
2026-07-17 10:57:38,155 [INFO] trainer: epoch 227 done train_loss=1.5346 dt=37.6s
2026-07-17 10:57:52,556 [INFO] trainer: epoch 228 step 50/135 loss=1.5761 lr=1.18e-04
2026-07-17 10:58:06,196 [INFO] trainer: epoch 228 step 100/135 loss=1.5913 lr=1.18e-04
2026-07-17 10:58:15,750 [INFO] trainer: epoch 228 done train_loss=1.5711 dt=37.6s
2026-07-17 10:58:29,995 [INFO] trainer: epoch 229 step 50/135 loss=1.6204 lr=1.17e-04
2026-07-17 10:58:43,656 [INFO] trainer: epoch 229 step 100/135 loss=1.5592 lr=1.17e-04
2026-07-17 10:58:53,195 [INFO] trainer: epoch 229 done train_loss=1.5777 dt=37.4s
2026-07-17 10:59:07,699 [INFO] trainer: epoch 230 step 50/135 loss=1.5131 lr=1.17e-04
2026-07-17 10:59:21,354 [INFO] trainer: epoch 230 step 100/135 loss=1.5359 lr=1.17e-04
2026-07-17 10:59:30,902 [INFO] trainer: epoch 230 done train_loss=1.5346 dt=37.7s
2026-07-17 10:59:45,743 [INFO] trainer: epoch 231 step 50/135 loss=1.5320 lr=1.16e-04
2026-07-17 10:59:59,389 [INFO] trainer: epoch 231 step 100/135 loss=1.5163 lr=1.16e-04
2026-07-17 11:00:08,943 [INFO] trainer: epoch 231 done train_loss=1.5305 dt=37.7s
2026-07-17 11:00:23,382 [INFO] trainer: epoch 232 step 50/135 loss=1.5517 lr=1.16e-04
2026-07-17 11:00:37,022 [INFO] trainer: epoch 232 step 100/135 loss=1.5586 lr=1.15e-04
2026-07-17 11:00:46,575 [INFO] trainer: epoch 232 done train_loss=1.5464 dt=37.6s
2026-07-17 11:01:01,136 [INFO] trainer: epoch 233 step 50/135 loss=1.5089 lr=1.15e-04
2026-07-17 11:01:14,800 [INFO] trainer: epoch 233 step 100/135 loss=1.5618 lr=1.15e-04
2026-07-17 11:01:24,371 [INFO] trainer: epoch 233 done train_loss=1.5319 dt=37.8s
2026-07-17 11:01:38,910 [INFO] trainer: epoch 234 step 50/135 loss=1.5194 lr=1.14e-04
2026-07-17 11:01:52,563 [INFO] trainer: epoch 234 step 100/135 loss=1.5267 lr=1.14e-04
2026-07-17 11:02:02,109 [INFO] trainer: epoch 234 done train_loss=1.5255 dt=37.7s
2026-07-17 11:02:16,647 [INFO] trainer: epoch 235 step 50/135 loss=1.5277 lr=1.14e-04
2026-07-17 11:02:30,291 [INFO] trainer: epoch 235 step 100/135 loss=1.5713 lr=1.13e-04
2026-07-17 11:02:39,837 [INFO] trainer: epoch 235 done train_loss=1.5429 dt=37.7s
2026-07-17 11:02:54,347 [INFO] trainer: epoch 236 step 50/135 loss=1.5044 lr=1.13e-04
2026-07-17 11:03:07,994 [INFO] trainer: epoch 236 step 100/135 loss=1.5756 lr=1.13e-04
2026-07-17 11:03:17,538 [INFO] trainer: epoch 236 done train_loss=1.5395 dt=37.7s
2026-07-17 11:03:31,901 [INFO] trainer: epoch 237 step 50/135 loss=1.5346 lr=1.12e-04
2026-07-17 11:03:45,553 [INFO] trainer: epoch 237 step 100/135 loss=1.5180 lr=1.12e-04
2026-07-17 11:03:55,105 [INFO] trainer: epoch 237 done train_loss=1.5367 dt=37.6s
2026-07-17 11:04:09,738 [INFO] trainer: epoch 238 step 50/135 loss=1.5322 lr=1.12e-04
2026-07-17 11:04:23,401 [INFO] trainer: epoch 238 step 100/135 loss=1.5803 lr=1.11e-04
2026-07-17 11:04:32,952 [INFO] trainer: epoch 238 done train_loss=1.5522 dt=37.8s
2026-07-17 11:04:47,408 [INFO] trainer: epoch 239 step 50/135 loss=1.5235 lr=1.11e-04
2026-07-17 11:05:01,075 [INFO] trainer: epoch 239 step 100/135 loss=1.5550 lr=1.11e-04
2026-07-17 11:05:10,623 [INFO] trainer: epoch 239 done train_loss=1.5494 dt=37.7s
2026-07-17 11:05:24,917 [INFO] trainer: epoch 240 step 50/135 loss=1.5870 lr=1.10e-04
2026-07-17 11:05:38,677 [INFO] trainer: epoch 240 step 100/135 loss=1.5518 lr=1.10e-04
2026-07-17 11:05:48,230 [INFO] trainer: epoch 240 done train_loss=1.5559 dt=37.6s
2026-07-17 11:06:03,272 [INFO] trainer: epoch 241 step 50/135 loss=1.5368 lr=1.10e-04
2026-07-17 11:06:16,921 [INFO] trainer: epoch 241 step 100/135 loss=1.5460 lr=1.10e-04
2026-07-17 11:06:26,477 [INFO] trainer: epoch 241 done train_loss=1.5494 dt=37.8s
2026-07-17 11:06:40,947 [INFO] trainer: epoch 242 step 50/135 loss=1.5473 lr=1.09e-04
2026-07-17 11:06:54,601 [INFO] trainer: epoch 242 step 100/135 loss=1.5191 lr=1.09e-04
2026-07-17 11:07:04,141 [INFO] trainer: epoch 242 done train_loss=1.5304 dt=37.7s
2026-07-17 11:07:18,573 [INFO] trainer: epoch 243 step 50/135 loss=1.5091 lr=1.09e-04
2026-07-17 11:07:32,236 [INFO] trainer: epoch 243 step 100/135 loss=1.5342 lr=1.08e-04
2026-07-17 11:07:41,781 [INFO] trainer: epoch 243 done train_loss=1.5241 dt=37.6s
2026-07-17 11:07:56,262 [INFO] trainer: epoch 244 step 50/135 loss=1.5495 lr=1.08e-04
2026-07-17 11:08:09,901 [INFO] trainer: epoch 244 step 100/135 loss=1.5173 lr=1.08e-04
2026-07-17 11:08:19,454 [INFO] trainer: epoch 244 done train_loss=1.5402 dt=37.7s
2026-07-17 11:08:33,864 [INFO] trainer: epoch 245 step 50/135 loss=1.5519 lr=1.07e-04
2026-07-17 11:08:47,505 [INFO] trainer: epoch 245 step 100/135 loss=1.5913 lr=1.07e-04
2026-07-17 11:08:57,049 [INFO] trainer: epoch 245 done train_loss=1.5486 dt=37.6s
2026-07-17 11:09:11,525 [INFO] trainer: epoch 246 step 50/135 loss=1.5392 lr=1.07e-04
2026-07-17 11:09:25,189 [INFO] trainer: epoch 246 step 100/135 loss=1.5172 lr=1.06e-04
2026-07-17 11:09:34,738 [INFO] trainer: epoch 246 done train_loss=1.5495 dt=37.7s
2026-07-17 11:09:49,165 [INFO] trainer: epoch 247 step 50/135 loss=1.5277 lr=1.06e-04
2026-07-17 11:10:02,819 [INFO] trainer: epoch 247 step 100/135 loss=1.4790 lr=1.06e-04
2026-07-17 11:10:12,359 [INFO] trainer: epoch 247 done train_loss=1.5278 dt=37.6s
2026-07-17 11:10:26,698 [INFO] trainer: epoch 248 step 50/135 loss=1.5677 lr=1.05e-04
2026-07-17 11:10:40,355 [INFO] trainer: epoch 248 step 100/135 loss=1.4654 lr=1.05e-04
2026-07-17 11:10:49,911 [INFO] trainer: epoch 248 done train_loss=1.5269 dt=37.6s
2026-07-17 11:11:04,375 [INFO] trainer: epoch 249 step 50/135 loss=1.5306 lr=1.05e-04
2026-07-17 11:11:18,033 [INFO] trainer: epoch 249 step 100/135 loss=1.5451 lr=1.04e-04
2026-07-17 11:11:27,589 [INFO] trainer: epoch 249 done train_loss=1.5439 dt=37.7s
2026-07-17 11:11:42,027 [INFO] trainer: epoch 250 step 50/135 loss=1.5387 lr=1.04e-04
2026-07-17 11:11:55,669 [INFO] trainer: epoch 250 step 100/135 loss=1.5207 lr=1.04e-04
2026-07-17 11:12:05,218 [INFO] trainer: epoch 250 done train_loss=1.5190 dt=37.6s
2026-07-17 11:14:05,837 [INFO] trainer: epoch 250 val_mean_dice=0.6538
2026-07-17 11:14:21,035 [INFO] trainer: epoch 251 step 50/135 loss=1.5178 lr=1.03e-04
2026-07-17 11:14:34,682 [INFO] trainer: epoch 251 step 100/135 loss=1.5253 lr=1.03e-04
2026-07-17 11:14:44,226 [INFO] trainer: epoch 251 done train_loss=1.5271 dt=37.6s
2026-07-17 11:14:58,590 [INFO] trainer: epoch 252 step 50/135 loss=1.5452 lr=1.03e-04
2026-07-17 11:15:12,243 [INFO] trainer: epoch 252 step 100/135 loss=1.5260 lr=1.03e-04
2026-07-17 11:15:21,801 [INFO] trainer: epoch 252 done train_loss=1.5313 dt=37.6s
2026-07-17 11:15:36,353 [INFO] trainer: epoch 253 step 50/135 loss=1.5281 lr=1.02e-04
2026-07-17 11:15:50,007 [INFO] trainer: epoch 253 step 100/135 loss=1.4986 lr=1.02e-04
2026-07-17 11:15:59,576 [INFO] trainer: epoch 253 done train_loss=1.5134 dt=37.8s
2026-07-17 11:16:14,001 [INFO] trainer: epoch 254 step 50/135 loss=1.5890 lr=1.02e-04
2026-07-17 11:16:27,640 [INFO] trainer: epoch 254 step 100/135 loss=1.5571 lr=1.01e-04
2026-07-17 11:16:37,190 [INFO] trainer: epoch 254 done train_loss=1.5439 dt=37.6s
2026-07-17 11:16:51,578 [INFO] trainer: epoch 255 step 50/135 loss=1.5192 lr=1.01e-04
2026-07-17 11:17:05,255 [INFO] trainer: epoch 255 step 100/135 loss=1.5437 lr=1.01e-04
2026-07-17 11:17:14,811 [INFO] trainer: epoch 255 done train_loss=1.5143 dt=37.6s
2026-07-17 11:17:29,342 [INFO] trainer: epoch 256 step 50/135 loss=1.4664 lr=1.00e-04
2026-07-17 11:17:43,002 [INFO] trainer: epoch 256 step 100/135 loss=1.4925 lr=1.00e-04
2026-07-17 11:17:52,562 [INFO] trainer: epoch 256 done train_loss=1.4968 dt=37.8s
2026-07-17 11:18:06,995 [INFO] trainer: epoch 257 step 50/135 loss=1.5643 lr=9.96e-05
2026-07-17 11:18:20,669 [INFO] trainer: epoch 257 step 100/135 loss=1.5585 lr=9.94e-05
2026-07-17 11:18:30,221 [INFO] trainer: epoch 257 done train_loss=1.5269 dt=37.7s
2026-07-17 11:18:44,677 [INFO] trainer: epoch 258 step 50/135 loss=1.5123 lr=9.90e-05
2026-07-17 11:18:58,343 [INFO] trainer: epoch 258 step 100/135 loss=1.5249 lr=9.88e-05
2026-07-17 11:19:07,896 [INFO] trainer: epoch 258 done train_loss=1.5214 dt=37.7s
2026-07-17 11:19:22,467 [INFO] trainer: epoch 259 step 50/135 loss=1.5331 lr=9.84e-05
2026-07-17 11:19:36,125 [INFO] trainer: epoch 259 step 100/135 loss=1.5311 lr=9.81e-05
2026-07-17 11:19:45,676 [INFO] trainer: epoch 259 done train_loss=1.5277 dt=37.8s
2026-07-17 11:20:00,054 [INFO] trainer: epoch 260 step 50/135 loss=1.5372 lr=9.77e-05
2026-07-17 11:20:13,723 [INFO] trainer: epoch 260 step 100/135 loss=1.5249 lr=9.75e-05
2026-07-17 11:20:23,280 [INFO] trainer: epoch 260 done train_loss=1.5361 dt=37.6s
2026-07-17 11:20:38,325 [INFO] trainer: epoch 261 step 50/135 loss=1.4513 lr=9.71e-05
2026-07-17 11:20:51,983 [INFO] trainer: epoch 261 step 100/135 loss=1.4919 lr=9.68e-05
2026-07-17 11:21:01,535 [INFO] trainer: epoch 261 done train_loss=1.5013 dt=37.7s
2026-07-17 11:21:15,963 [INFO] trainer: epoch 262 step 50/135 loss=1.4934 lr=9.64e-05
2026-07-17 11:21:29,628 [INFO] trainer: epoch 262 step 100/135 loss=1.5443 lr=9.62e-05
2026-07-17 11:21:39,182 [INFO] trainer: epoch 262 done train_loss=1.5319 dt=37.6s
2026-07-17 11:21:53,872 [INFO] trainer: epoch 263 step 50/135 loss=1.5619 lr=9.58e-05
2026-07-17 11:22:07,533 [INFO] trainer: epoch 263 step 100/135 loss=1.5047 lr=9.56e-05
2026-07-17 11:22:17,079 [INFO] trainer: epoch 263 done train_loss=1.5320 dt=37.9s
2026-07-17 11:22:31,583 [INFO] trainer: epoch 264 step 50/135 loss=1.5540 lr=9.52e-05
2026-07-17 11:22:45,239 [INFO] trainer: epoch 264 step 100/135 loss=1.5393 lr=9.49e-05
2026-07-17 11:22:54,790 [INFO] trainer: epoch 264 done train_loss=1.5432 dt=37.7s
2026-07-17 11:23:09,363 [INFO] trainer: epoch 265 step 50/135 loss=1.5264 lr=9.45e-05
2026-07-17 11:23:23,028 [INFO] trainer: epoch 265 step 100/135 loss=1.5104 lr=9.43e-05
2026-07-17 11:23:32,576 [INFO] trainer: epoch 265 done train_loss=1.5321 dt=37.8s
2026-07-17 11:23:47,238 [INFO] trainer: epoch 266 step 50/135 loss=1.5478 lr=9.39e-05
2026-07-17 11:24:00,907 [INFO] trainer: epoch 266 step 100/135 loss=1.4728 lr=9.37e-05
2026-07-17 11:24:13,581 [INFO] trainer: epoch 266 done train_loss=1.5146 dt=41.0s
2026-07-17 11:24:28,045 [INFO] trainer: epoch 267 step 50/135 loss=1.5483 lr=9.33e-05
2026-07-17 11:24:41,706 [INFO] trainer: epoch 267 step 100/135 loss=1.5261 lr=9.30e-05
2026-07-17 11:24:51,256 [INFO] trainer: epoch 267 done train_loss=1.5458 dt=37.7s
2026-07-17 11:25:05,836 [INFO] trainer: epoch 268 step 50/135 loss=1.5394 lr=9.26e-05
2026-07-17 11:25:19,485 [INFO] trainer: epoch 268 step 100/135 loss=1.5050 lr=9.24e-05
2026-07-17 11:25:29,035 [INFO] trainer: epoch 268 done train_loss=1.5173 dt=37.8s
2026-07-17 11:25:43,580 [INFO] trainer: epoch 269 step 50/135 loss=1.5056 lr=9.20e-05
2026-07-17 11:25:57,240 [INFO] trainer: epoch 269 step 100/135 loss=1.5005 lr=9.17e-05
2026-07-17 11:26:06,786 [INFO] trainer: epoch 269 done train_loss=1.5061 dt=37.8s
2026-07-17 11:26:21,245 [INFO] trainer: epoch 270 step 50/135 loss=1.4898 lr=9.13e-05
2026-07-17 11:26:34,892 [INFO] trainer: epoch 270 step 100/135 loss=1.5322 lr=9.11e-05
2026-07-17 11:26:44,440 [INFO] trainer: epoch 270 done train_loss=1.5191 dt=37.7s
2026-07-17 11:26:59,320 [INFO] trainer: epoch 271 step 50/135 loss=1.4981 lr=9.07e-05
2026-07-17 11:27:12,986 [INFO] trainer: epoch 271 step 100/135 loss=1.5250 lr=9.05e-05
2026-07-17 11:27:22,529 [INFO] trainer: epoch 271 done train_loss=1.5314 dt=37.7s
2026-07-17 11:27:36,908 [INFO] trainer: epoch 272 step 50/135 loss=1.5019 lr=9.01e-05
2026-07-17 11:27:50,546 [INFO] trainer: epoch 272 step 100/135 loss=1.4949 lr=8.98e-05
2026-07-17 11:28:00,082 [INFO] trainer: epoch 272 done train_loss=1.4847 dt=37.6s
2026-07-17 11:28:14,483 [INFO] trainer: epoch 273 step 50/135 loss=1.5233 lr=8.94e-05
2026-07-17 11:28:28,104 [INFO] trainer: epoch 273 step 100/135 loss=1.4561 lr=8.92e-05
2026-07-17 11:28:37,659 [INFO] trainer: epoch 273 done train_loss=1.5100 dt=37.6s
2026-07-17 11:28:52,015 [INFO] trainer: epoch 274 step 50/135 loss=1.5217 lr=8.88e-05
2026-07-17 11:29:05,942 [INFO] trainer: epoch 274 step 100/135 loss=1.5377 lr=8.86e-05
2026-07-17 11:29:15,496 [INFO] trainer: epoch 274 done train_loss=1.5208 dt=37.8s
2026-07-17 11:29:31,774 [INFO] trainer: epoch 275 step 50/135 loss=1.5018 lr=8.82e-05
2026-07-17 11:29:45,432 [INFO] trainer: epoch 275 step 100/135 loss=1.5077 lr=8.79e-05
2026-07-17 11:29:54,969 [INFO] trainer: epoch 275 done train_loss=1.5136 dt=39.5s
2026-07-17 11:31:55,664 [INFO] trainer: epoch 275 val_mean_dice=0.6516
2026-07-17 11:32:09,977 [INFO] trainer: epoch 276 step 50/135 loss=1.5080 lr=8.75e-05
2026-07-17 11:32:23,629 [INFO] trainer: epoch 276 step 100/135 loss=1.5189 lr=8.73e-05
2026-07-17 11:32:33,174 [INFO] trainer: epoch 276 done train_loss=1.5196 dt=37.5s
2026-07-17 11:32:47,531 [INFO] trainer: epoch 277 step 50/135 loss=1.5060 lr=8.69e-05
2026-07-17 11:33:01,187 [INFO] trainer: epoch 277 step 100/135 loss=1.4653 lr=8.67e-05
2026-07-17 11:33:10,731 [INFO] trainer: epoch 277 done train_loss=1.4875 dt=37.6s
2026-07-17 11:33:25,120 [INFO] trainer: epoch 278 step 50/135 loss=1.5006 lr=8.63e-05
2026-07-17 11:33:38,786 [INFO] trainer: epoch 278 step 100/135 loss=1.5254 lr=8.60e-05
2026-07-17 11:33:48,340 [INFO] trainer: epoch 278 done train_loss=1.4983 dt=37.6s
2026-07-17 11:34:02,881 [INFO] trainer: epoch 279 step 50/135 loss=1.4939 lr=8.56e-05
2026-07-17 11:34:16,534 [INFO] trainer: epoch 279 step 100/135 loss=1.5106 lr=8.54e-05
2026-07-17 11:34:26,073 [INFO] trainer: epoch 279 done train_loss=1.4964 dt=37.7s
2026-07-17 11:34:40,596 [INFO] trainer: epoch 280 step 50/135 loss=1.5051 lr=8.50e-05
2026-07-17 11:34:54,241 [INFO] trainer: epoch 280 step 100/135 loss=1.5203 lr=8.48e-05
2026-07-17 11:35:11,920 [INFO] trainer: epoch 280 done train_loss=1.5062 dt=45.8s
2026-07-17 11:35:26,671 [INFO] trainer: epoch 281 step 50/135 loss=1.4902 lr=8.44e-05
2026-07-17 11:35:40,349 [INFO] trainer: epoch 281 step 100/135 loss=1.5395 lr=8.42e-05
2026-07-17 11:35:49,877 [INFO] trainer: epoch 281 done train_loss=1.5139 dt=37.6s
2026-07-17 11:36:04,441 [INFO] trainer: epoch 282 step 50/135 loss=1.5171 lr=8.38e-05
2026-07-17 11:36:18,106 [INFO] trainer: epoch 282 step 100/135 loss=1.5273 lr=8.35e-05
2026-07-17 11:36:27,652 [INFO] trainer: epoch 282 done train_loss=1.5071 dt=37.8s
2026-07-17 11:36:41,887 [INFO] trainer: epoch 283 step 50/135 loss=1.4975 lr=8.31e-05
2026-07-17 11:36:55,543 [INFO] trainer: epoch 283 step 100/135 loss=1.5232 lr=8.29e-05
2026-07-17 11:37:05,103 [INFO] trainer: epoch 283 done train_loss=1.5085 dt=37.5s
2026-07-17 11:37:19,562 [INFO] trainer: epoch 284 step 50/135 loss=1.5180 lr=8.25e-05
2026-07-17 11:37:33,204 [INFO] trainer: epoch 284 step 100/135 loss=1.4729 lr=8.23e-05
2026-07-17 11:37:42,748 [INFO] trainer: epoch 284 done train_loss=1.4957 dt=37.6s
2026-07-17 11:37:57,230 [INFO] trainer: epoch 285 step 50/135 loss=1.4797 lr=8.19e-05
2026-07-17 11:38:10,878 [INFO] trainer: epoch 285 step 100/135 loss=1.4914 lr=8.16e-05
2026-07-17 11:38:20,423 [INFO] trainer: epoch 285 done train_loss=1.4948 dt=37.7s
2026-07-17 11:38:34,847 [INFO] trainer: epoch 286 step 50/135 loss=1.4938 lr=8.12e-05
2026-07-17 11:38:48,507 [INFO] trainer: epoch 286 step 100/135 loss=1.4961 lr=8.10e-05
2026-07-17 11:38:58,056 [INFO] trainer: epoch 286 done train_loss=1.4997 dt=37.6s
2026-07-17 11:39:12,469 [INFO] trainer: epoch 287 step 50/135 loss=1.4774 lr=8.06e-05
2026-07-17 11:39:26,121 [INFO] trainer: epoch 287 step 100/135 loss=1.4880 lr=8.04e-05
2026-07-17 11:39:35,671 [INFO] trainer: epoch 287 done train_loss=1.4880 dt=37.6s
2026-07-17 11:39:50,069 [INFO] trainer: epoch 288 step 50/135 loss=1.4978 lr=8.00e-05
2026-07-17 11:40:03,736 [INFO] trainer: epoch 288 step 100/135 loss=1.4655 lr=7.98e-05
2026-07-17 11:40:13,290 [INFO] trainer: epoch 288 done train_loss=1.5037 dt=37.6s
2026-07-17 11:40:27,825 [INFO] trainer: epoch 289 step 50/135 loss=1.5358 lr=7.94e-05
2026-07-17 11:40:41,511 [INFO] trainer: epoch 289 step 100/135 loss=1.5016 lr=7.91e-05
2026-07-17 11:40:51,071 [INFO] trainer: epoch 289 done train_loss=1.4949 dt=37.8s
2026-07-17 11:41:05,505 [INFO] trainer: epoch 290 step 50/135 loss=1.4978 lr=7.88e-05
2026-07-17 11:41:19,168 [INFO] trainer: epoch 290 step 100/135 loss=1.5048 lr=7.85e-05
2026-07-17 11:41:28,725 [INFO] trainer: epoch 290 done train_loss=1.4926 dt=37.7s
2026-07-17 11:41:43,664 [INFO] trainer: epoch 291 step 50/135 loss=1.4875 lr=7.81e-05
2026-07-17 11:41:57,331 [INFO] trainer: epoch 291 step 100/135 loss=1.4592 lr=7.79e-05
2026-07-17 11:42:06,877 [INFO] trainer: epoch 291 done train_loss=1.4688 dt=37.8s
2026-07-17 11:42:21,345 [INFO] trainer: epoch 292 step 50/135 loss=1.4901 lr=7.75e-05
2026-07-17 11:42:35,012 [INFO] trainer: epoch 292 step 100/135 loss=1.5459 lr=7.73e-05
2026-07-17 11:42:44,565 [INFO] trainer: epoch 292 done train_loss=1.5104 dt=37.7s
2026-07-17 11:42:59,063 [INFO] trainer: epoch 293 step 50/135 loss=1.5152 lr=7.69e-05
2026-07-17 11:43:12,726 [INFO] trainer: epoch 293 step 100/135 loss=1.5013 lr=7.67e-05
2026-07-17 11:43:22,274 [INFO] trainer: epoch 293 done train_loss=1.5080 dt=37.7s
2026-07-17 11:43:36,728 [INFO] trainer: epoch 294 step 50/135 loss=1.5743 lr=7.63e-05
2026-07-17 11:43:50,410 [INFO] trainer: epoch 294 step 100/135 loss=1.4886 lr=7.60e-05
2026-07-17 11:43:59,964 [INFO] trainer: epoch 294 done train_loss=1.5202 dt=37.7s
2026-07-17 11:44:14,309 [INFO] trainer: epoch 295 step 50/135 loss=1.5172 lr=7.57e-05
2026-07-17 11:44:27,960 [INFO] trainer: epoch 295 step 100/135 loss=1.5197 lr=7.54e-05
2026-07-17 11:44:37,509 [INFO] trainer: epoch 295 done train_loss=1.5067 dt=37.5s
2026-07-17 11:44:52,042 [INFO] trainer: epoch 296 step 50/135 loss=1.4681 lr=7.50e-05
2026-07-17 11:45:05,711 [INFO] trainer: epoch 296 step 100/135 loss=1.5091 lr=7.48e-05
2026-07-17 11:45:15,275 [INFO] trainer: epoch 296 done train_loss=1.5056 dt=37.8s
2026-07-17 11:45:29,695 [INFO] trainer: epoch 297 step 50/135 loss=1.5055 lr=7.44e-05
2026-07-17 11:45:43,335 [INFO] trainer: epoch 297 step 100/135 loss=1.4740 lr=7.42e-05
2026-07-17 11:45:52,891 [INFO] trainer: epoch 297 done train_loss=1.5034 dt=37.6s
2026-07-17 11:46:07,500 [INFO] trainer: epoch 298 step 50/135 loss=1.5214 lr=7.38e-05
2026-07-17 11:46:21,154 [INFO] trainer: epoch 298 step 100/135 loss=1.4873 lr=7.36e-05
2026-07-17 11:46:30,709 [INFO] trainer: epoch 298 done train_loss=1.5105 dt=37.8s
2026-07-17 11:46:45,269 [INFO] trainer: epoch 299 step 50/135 loss=1.5037 lr=7.32e-05
2026-07-17 11:46:58,894 [INFO] trainer: epoch 299 step 100/135 loss=1.5140 lr=7.30e-05
2026-07-17 11:47:08,429 [INFO] trainer: epoch 299 done train_loss=1.5106 dt=37.7s
2026-07-17 11:47:23,171 [INFO] trainer: epoch 300 step 50/135 loss=1.4998 lr=7.26e-05
2026-07-17 11:47:36,790 [INFO] trainer: epoch 300 step 100/135 loss=1.4825 lr=7.24e-05
2026-07-17 11:47:46,322 [INFO] trainer: epoch 300 done train_loss=1.4828 dt=37.9s
2026-07-17 11:49:47,940 [INFO] trainer: epoch 300 val_mean_dice=0.6607
2026-07-17 11:50:03,796 [INFO] trainer: epoch 301 step 50/135 loss=1.5167 lr=7.20e-05
2026-07-17 11:50:17,434 [INFO] trainer: epoch 301 step 100/135 loss=1.4618 lr=7.17e-05
2026-07-17 11:50:26,970 [INFO] trainer: epoch 301 done train_loss=1.4955 dt=38.1s
2026-07-17 11:50:41,455 [INFO] trainer: epoch 302 step 50/135 loss=1.5126 lr=7.14e-05
2026-07-17 11:50:55,083 [INFO] trainer: epoch 302 step 100/135 loss=1.4997 lr=7.11e-05
2026-07-17 11:51:04,628 [INFO] trainer: epoch 302 done train_loss=1.5036 dt=37.7s
2026-07-17 11:51:19,222 [INFO] trainer: epoch 303 step 50/135 loss=1.4759 lr=7.07e-05
2026-07-17 11:51:33,002 [INFO] trainer: epoch 303 step 100/135 loss=1.4911 lr=7.05e-05
2026-07-17 11:51:42,543 [INFO] trainer: epoch 303 done train_loss=1.4736 dt=37.9s
2026-07-17 11:51:57,067 [INFO] trainer: epoch 304 step 50/135 loss=1.4864 lr=7.01e-05
2026-07-17 11:52:10,694 [INFO] trainer: epoch 304 step 100/135 loss=1.5040 lr=6.99e-05
2026-07-17 11:52:20,233 [INFO] trainer: epoch 304 done train_loss=1.4946 dt=37.7s
2026-07-17 11:52:34,803 [INFO] trainer: epoch 305 step 50/135 loss=1.4978 lr=6.95e-05
2026-07-17 11:52:48,438 [INFO] trainer: epoch 305 step 100/135 loss=1.4975 lr=6.93e-05
2026-07-17 11:52:57,978 [INFO] trainer: epoch 305 done train_loss=1.5032 dt=37.7s
2026-07-17 11:53:12,561 [INFO] trainer: epoch 306 step 50/135 loss=1.4814 lr=6.89e-05
2026-07-17 11:53:26,236 [INFO] trainer: epoch 306 step 100/135 loss=1.4859 lr=6.87e-05
2026-07-17 11:53:35,806 [INFO] trainer: epoch 306 done train_loss=1.4832 dt=37.8s
2026-07-17 11:53:50,332 [INFO] trainer: epoch 307 step 50/135 loss=1.5094 lr=6.83e-05
2026-07-17 11:54:03,995 [INFO] trainer: epoch 307 step 100/135 loss=1.5177 lr=6.81e-05
2026-07-17 11:54:13,542 [INFO] trainer: epoch 307 done train_loss=1.5135 dt=37.7s
2026-07-17 11:54:28,036 [INFO] trainer: epoch 308 step 50/135 loss=1.4606 lr=6.77e-05
2026-07-17 11:54:41,676 [INFO] trainer: epoch 308 step 100/135 loss=1.4496 lr=6.75e-05
2026-07-17 11:54:51,215 [INFO] trainer: epoch 308 done train_loss=1.4647 dt=37.7s
2026-07-17 11:55:05,750 [INFO] trainer: epoch 309 step 50/135 loss=1.4272 lr=6.71e-05
2026-07-17 11:55:19,389 [INFO] trainer: epoch 309 step 100/135 loss=1.4702 lr=6.69e-05
2026-07-17 11:55:28,934 [INFO] trainer: epoch 309 done train_loss=1.4578 dt=37.7s
2026-07-17 11:55:43,391 [INFO] trainer: epoch 310 step 50/135 loss=1.4885 lr=6.65e-05
2026-07-17 11:55:57,031 [INFO] trainer: epoch 310 step 100/135 loss=1.4959 lr=6.63e-05
2026-07-17 11:56:06,578 [INFO] trainer: epoch 310 done train_loss=1.4917 dt=37.6s
2026-07-17 11:56:21,518 [INFO] trainer: epoch 311 step 50/135 loss=1.5078 lr=6.59e-05
2026-07-17 11:56:35,167 [INFO] trainer: epoch 311 step 100/135 loss=1.4915 lr=6.57e-05
2026-07-17 11:56:44,711 [INFO] trainer: epoch 311 done train_loss=1.5013 dt=37.8s
2026-07-17 11:56:59,371 [INFO] trainer: epoch 312 step 50/135 loss=1.5008 lr=6.53e-05
2026-07-17 11:57:13,025 [INFO] trainer: epoch 312 step 100/135 loss=1.4670 lr=6.51e-05
2026-07-17 11:57:22,574 [INFO] trainer: epoch 312 done train_loss=1.4882 dt=37.9s
2026-07-17 11:57:37,070 [INFO] trainer: epoch 313 step 50/135 loss=1.4933 lr=6.47e-05
2026-07-17 11:57:50,713 [INFO] trainer: epoch 313 step 100/135 loss=1.4863 lr=6.45e-05
2026-07-17 11:58:00,257 [INFO] trainer: epoch 313 done train_loss=1.4837 dt=37.7s
2026-07-17 11:58:15,051 [INFO] trainer: epoch 314 step 50/135 loss=1.4836 lr=6.41e-05
2026-07-17 11:58:28,685 [INFO] trainer: epoch 314 step 100/135 loss=1.5405 lr=6.39e-05
2026-07-17 11:58:38,239 [INFO] trainer: epoch 314 done train_loss=1.5087 dt=38.0s
2026-07-17 11:58:52,825 [INFO] trainer: epoch 315 step 50/135 loss=1.4960 lr=6.35e-05
2026-07-17 11:59:06,466 [INFO] trainer: epoch 315 step 100/135 loss=1.4912 lr=6.33e-05
2026-07-17 11:59:16,019 [INFO] trainer: epoch 315 done train_loss=1.4803 dt=37.8s
2026-07-17 11:59:30,510 [INFO] trainer: epoch 316 step 50/135 loss=1.4933 lr=6.29e-05
2026-07-17 11:59:44,141 [INFO] trainer: epoch 316 step 100/135 loss=1.4823 lr=6.27e-05
2026-07-17 11:59:53,699 [INFO] trainer: epoch 316 done train_loss=1.4848 dt=37.7s
2026-07-17 12:00:08,314 [INFO] trainer: epoch 317 step 50/135 loss=1.5059 lr=6.24e-05
2026-07-17 12:00:21,964 [INFO] trainer: epoch 317 step 100/135 loss=1.4896 lr=6.21e-05
2026-07-17 12:00:31,513 [INFO] trainer: epoch 317 done train_loss=1.4879 dt=37.8s
2026-07-17 12:00:46,140 [INFO] trainer: epoch 318 step 50/135 loss=1.4688 lr=6.18e-05
2026-07-17 12:00:59,783 [INFO] trainer: epoch 318 step 100/135 loss=1.5058 lr=6.15e-05
2026-07-17 12:01:09,334 [INFO] trainer: epoch 318 done train_loss=1.4827 dt=37.8s
2026-07-17 12:01:23,910 [INFO] trainer: epoch 319 step 50/135 loss=1.5013 lr=6.12e-05
2026-07-17 12:01:37,541 [INFO] trainer: epoch 319 step 100/135 loss=1.4569 lr=6.10e-05
2026-07-17 12:01:47,087 [INFO] trainer: epoch 319 done train_loss=1.4942 dt=37.8s
2026-07-17 12:02:01,605 [INFO] trainer: epoch 320 step 50/135 loss=1.5000 lr=6.06e-05
2026-07-17 12:02:15,242 [INFO] trainer: epoch 320 step 100/135 loss=1.4545 lr=6.04e-05
2026-07-17 12:02:24,788 [INFO] trainer: epoch 320 done train_loss=1.4642 dt=37.7s
2026-07-17 12:02:39,765 [INFO] trainer: epoch 321 step 50/135 loss=1.4978 lr=6.00e-05
2026-07-17 12:02:53,434 [INFO] trainer: epoch 321 step 100/135 loss=1.4793 lr=5.98e-05
2026-07-17 12:03:02,969 [INFO] trainer: epoch 321 done train_loss=1.4819 dt=37.8s
2026-07-17 12:03:17,532 [INFO] trainer: epoch 322 step 50/135 loss=1.5014 lr=5.94e-05
2026-07-17 12:03:31,159 [INFO] trainer: epoch 322 step 100/135 loss=1.5314 lr=5.92e-05
2026-07-17 12:03:40,696 [INFO] trainer: epoch 322 done train_loss=1.5142 dt=37.7s
2026-07-17 12:03:55,408 [INFO] trainer: epoch 323 step 50/135 loss=1.4468 lr=5.88e-05
2026-07-17 12:04:09,054 [INFO] trainer: epoch 323 step 100/135 loss=1.4921 lr=5.86e-05
2026-07-17 12:04:18,587 [INFO] trainer: epoch 323 done train_loss=1.4811 dt=37.9s
2026-07-17 12:04:33,101 [INFO] trainer: epoch 324 step 50/135 loss=1.4856 lr=5.83e-05
2026-07-17 12:04:46,730 [INFO] trainer: epoch 324 step 100/135 loss=1.4842 lr=5.81e-05
2026-07-17 12:04:56,267 [INFO] trainer: epoch 324 done train_loss=1.4863 dt=37.7s
2026-07-17 12:05:10,831 [INFO] trainer: epoch 325 step 50/135 loss=1.4735 lr=5.77e-05
2026-07-17 12:05:24,483 [INFO] trainer: epoch 325 step 100/135 loss=1.5326 lr=5.75e-05
2026-07-17 12:05:34,023 [INFO] trainer: epoch 325 done train_loss=1.4932 dt=37.8s
2026-07-17 12:07:34,755 [INFO] trainer: epoch 325 val_mean_dice=0.6625
2026-07-17 12:07:49,654 [INFO] trainer: epoch 326 step 50/135 loss=1.4812 lr=5.71e-05
2026-07-17 12:08:03,295 [INFO] trainer: epoch 326 step 100/135 loss=1.4769 lr=5.69e-05
2026-07-17 12:08:12,831 [INFO] trainer: epoch 326 done train_loss=1.4792 dt=37.6s
2026-07-17 12:08:27,358 [INFO] trainer: epoch 327 step 50/135 loss=1.5205 lr=5.65e-05
2026-07-17 12:08:40,998 [INFO] trainer: epoch 327 step 100/135 loss=1.4879 lr=5.63e-05
2026-07-17 12:08:50,537 [INFO] trainer: epoch 327 done train_loss=1.4859 dt=37.7s
2026-07-17 12:09:05,216 [INFO] trainer: epoch 328 step 50/135 loss=1.4855 lr=5.60e-05
2026-07-17 12:09:18,841 [INFO] trainer: epoch 328 step 100/135 loss=1.4917 lr=5.58e-05
2026-07-17 12:09:28,379 [INFO] trainer: epoch 328 done train_loss=1.4895 dt=37.8s
2026-07-17 12:09:43,202 [INFO] trainer: epoch 329 step 50/135 loss=1.4916 lr=5.54e-05
2026-07-17 12:09:56,832 [INFO] trainer: epoch 329 step 100/135 loss=1.4684 lr=5.52e-05
2026-07-17 12:10:06,425 [INFO] trainer: epoch 329 done train_loss=1.4679 dt=38.0s
2026-07-17 12:10:20,922 [INFO] trainer: epoch 330 step 50/135 loss=1.4853 lr=5.48e-05
2026-07-17 12:10:34,577 [INFO] trainer: epoch 330 step 100/135 loss=1.4671 lr=5.46e-05
2026-07-17 12:10:44,143 [INFO] trainer: epoch 330 done train_loss=1.4652 dt=37.7s
2026-07-17 12:10:58,947 [INFO] trainer: epoch 331 step 50/135 loss=1.4673 lr=5.43e-05
2026-07-17 12:11:12,572 [INFO] trainer: epoch 331 step 100/135 loss=1.4873 lr=5.41e-05
2026-07-17 12:11:22,102 [INFO] trainer: epoch 331 done train_loss=1.4782 dt=37.6s
2026-07-17 12:11:36,745 [INFO] trainer: epoch 332 step 50/135 loss=1.4730 lr=5.37e-05
2026-07-17 12:11:50,396 [INFO] trainer: epoch 332 step 100/135 loss=1.4713 lr=5.35e-05
2026-07-17 12:11:59,939 [INFO] trainer: epoch 332 done train_loss=1.4721 dt=37.8s
2026-07-17 12:12:14,411 [INFO] trainer: epoch 333 step 50/135 loss=1.4936 lr=5.31e-05
2026-07-17 12:12:28,059 [INFO] trainer: epoch 333 step 100/135 loss=1.4495 lr=5.29e-05
2026-07-17 12:12:37,599 [INFO] trainer: epoch 333 done train_loss=1.4837 dt=37.7s
2026-07-17 12:12:52,024 [INFO] trainer: epoch 334 step 50/135 loss=1.4837 lr=5.26e-05
2026-07-17 12:13:05,689 [INFO] trainer: epoch 334 step 100/135 loss=1.5141 lr=5.24e-05
2026-07-17 12:13:15,243 [INFO] trainer: epoch 334 done train_loss=1.5032 dt=37.6s
2026-07-17 12:13:29,737 [INFO] trainer: epoch 335 step 50/135 loss=1.4318 lr=5.20e-05
2026-07-17 12:13:43,372 [INFO] trainer: epoch 335 step 100/135 loss=1.4888 lr=5.18e-05
2026-07-17 12:13:52,940 [INFO] trainer: epoch 335 done train_loss=1.4728 dt=37.7s
2026-07-17 12:14:07,705 [INFO] trainer: epoch 336 step 50/135 loss=1.4874 lr=5.15e-05
2026-07-17 12:14:21,401 [INFO] trainer: epoch 336 step 100/135 loss=1.4154 lr=5.13e-05
2026-07-17 12:14:30,970 [INFO] trainer: epoch 336 done train_loss=1.4614 dt=38.0s
2026-07-17 12:14:45,775 [INFO] trainer: epoch 337 step 50/135 loss=1.4538 lr=5.09e-05
2026-07-17 12:14:59,458 [INFO] trainer: epoch 337 step 100/135 loss=1.4210 lr=5.07e-05
2026-07-17 12:15:09,021 [INFO] trainer: epoch 337 done train_loss=1.4600 dt=38.1s
2026-07-17 12:15:23,821 [INFO] trainer: epoch 338 step 50/135 loss=1.4901 lr=5.04e-05
2026-07-17 12:15:37,466 [INFO] trainer: epoch 338 step 100/135 loss=1.5256 lr=5.02e-05
2026-07-17 12:15:47,018 [INFO] trainer: epoch 338 done train_loss=1.4968 dt=38.0s
2026-07-17 12:16:01,686 [INFO] trainer: epoch 339 step 50/135 loss=1.4611 lr=4.98e-05
2026-07-17 12:16:15,354 [INFO] trainer: epoch 339 step 100/135 loss=1.5193 lr=4.96e-05
2026-07-17 12:16:24,907 [INFO] trainer: epoch 339 done train_loss=1.4740 dt=37.9s
2026-07-17 12:16:39,727 [INFO] trainer: epoch 340 step 50/135 loss=1.5341 lr=4.93e-05
2026-07-17 12:16:53,392 [INFO] trainer: epoch 340 step 100/135 loss=1.4458 lr=4.91e-05
2026-07-17 12:17:02,946 [INFO] trainer: epoch 340 done train_loss=1.4687 dt=38.0s
2026-07-17 12:17:17,965 [INFO] trainer: epoch 341 step 50/135 loss=1.4670 lr=4.87e-05
2026-07-17 12:17:31,640 [INFO] trainer: epoch 341 step 100/135 loss=1.4726 lr=4.85e-05
2026-07-17 12:17:41,211 [INFO] trainer: epoch 341 done train_loss=1.4652 dt=37.9s
2026-07-17 12:17:55,810 [INFO] trainer: epoch 342 step 50/135 loss=1.4564 lr=4.82e-05
2026-07-17 12:18:09,463 [INFO] trainer: epoch 342 step 100/135 loss=1.4415 lr=4.80e-05
2026-07-17 12:18:19,021 [INFO] trainer: epoch 342 done train_loss=1.4401 dt=37.8s
2026-07-17 12:18:33,520 [INFO] trainer: epoch 343 step 50/135 loss=1.4933 lr=4.76e-05
2026-07-17 12:18:47,160 [INFO] trainer: epoch 343 step 100/135 loss=1.4881 lr=4.74e-05
2026-07-17 12:18:56,707 [INFO] trainer: epoch 343 done train_loss=1.4760 dt=37.7s
2026-07-17 12:19:11,453 [INFO] trainer: epoch 344 step 50/135 loss=1.4795 lr=4.71e-05
2026-07-17 12:19:25,107 [INFO] trainer: epoch 344 step 100/135 loss=1.4325 lr=4.69e-05
2026-07-17 12:19:34,650 [INFO] trainer: epoch 344 done train_loss=1.4582 dt=37.9s
2026-07-17 12:19:49,394 [INFO] trainer: epoch 345 step 50/135 loss=1.4350 lr=4.66e-05
2026-07-17 12:20:03,039 [INFO] trainer: epoch 345 step 100/135 loss=1.4888 lr=4.64e-05
2026-07-17 12:20:12,588 [INFO] trainer: epoch 345 done train_loss=1.4554 dt=37.9s
2026-07-17 12:20:27,362 [INFO] trainer: epoch 346 step 50/135 loss=1.4754 lr=4.60e-05
2026-07-17 12:20:41,026 [INFO] trainer: epoch 346 step 100/135 loss=1.4531 lr=4.58e-05
2026-07-17 12:20:50,580 [INFO] trainer: epoch 346 done train_loss=1.4511 dt=38.0s
2026-07-17 12:21:05,209 [INFO] trainer: epoch 347 step 50/135 loss=1.4615 lr=4.55e-05
2026-07-17 12:21:18,850 [INFO] trainer: epoch 347 step 100/135 loss=1.4961 lr=4.53e-05
2026-07-17 12:21:28,399 [INFO] trainer: epoch 347 done train_loss=1.4871 dt=37.8s
2026-07-17 12:21:43,023 [INFO] trainer: epoch 348 step 50/135 loss=1.4756 lr=4.50e-05
2026-07-17 12:21:56,647 [INFO] trainer: epoch 348 step 100/135 loss=1.4859 lr=4.48e-05
2026-07-17 12:22:06,184 [INFO] trainer: epoch 348 done train_loss=1.4771 dt=37.8s
2026-07-17 12:22:20,628 [INFO] trainer: epoch 349 step 50/135 loss=1.4961 lr=4.44e-05
2026-07-17 12:22:34,341 [INFO] trainer: epoch 349 step 100/135 loss=1.4869 lr=4.42e-05
2026-07-17 12:22:43,929 [INFO] trainer: epoch 349 done train_loss=1.4788 dt=37.7s
2026-07-17 12:22:58,302 [INFO] trainer: epoch 350 step 50/135 loss=1.4917 lr=4.39e-05
2026-07-17 12:23:11,961 [INFO] trainer: epoch 350 step 100/135 loss=1.4463 lr=4.37e-05
2026-07-17 12:23:21,517 [INFO] trainer: epoch 350 done train_loss=1.4791 dt=37.6s
2026-07-17 12:25:22,097 [INFO] trainer: epoch 350 val_mean_dice=0.6632
2026-07-17 12:25:37,326 [INFO] trainer: epoch 351 step 50/135 loss=1.4760 lr=4.34e-05
2026-07-17 12:25:50,988 [INFO] trainer: epoch 351 step 100/135 loss=1.4463 lr=4.32e-05
2026-07-17 12:26:00,553 [INFO] trainer: epoch 351 done train_loss=1.4806 dt=37.7s
2026-07-17 12:26:15,215 [INFO] trainer: epoch 352 step 50/135 loss=1.5489 lr=4.29e-05
2026-07-17 12:26:28,868 [INFO] trainer: epoch 352 step 100/135 loss=1.4591 lr=4.27e-05
2026-07-17 12:26:38,429 [INFO] trainer: epoch 352 done train_loss=1.5049 dt=37.9s
2026-07-17 12:26:53,171 [INFO] trainer: epoch 353 step 50/135 loss=1.5005 lr=4.23e-05
2026-07-17 12:27:06,826 [INFO] trainer: epoch 353 step 100/135 loss=1.4844 lr=4.22e-05
2026-07-17 12:27:16,386 [INFO] trainer: epoch 353 done train_loss=1.4768 dt=38.0s
2026-07-17 12:27:31,003 [INFO] trainer: epoch 354 step 50/135 loss=1.4403 lr=4.18e-05
2026-07-17 12:27:44,653 [INFO] trainer: epoch 354 step 100/135 loss=1.4669 lr=4.16e-05
2026-07-17 12:27:54,212 [INFO] trainer: epoch 354 done train_loss=1.4604 dt=37.8s
2026-07-17 12:28:08,774 [INFO] trainer: epoch 355 step 50/135 loss=1.4576 lr=4.13e-05
2026-07-17 12:28:22,423 [INFO] trainer: epoch 355 step 100/135 loss=1.4915 lr=4.11e-05
2026-07-17 12:28:31,977 [INFO] trainer: epoch 355 done train_loss=1.4551 dt=37.8s
2026-07-17 12:28:46,635 [INFO] trainer: epoch 356 step 50/135 loss=1.4446 lr=4.08e-05
2026-07-17 12:29:00,289 [INFO] trainer: epoch 356 step 100/135 loss=1.4182 lr=4.06e-05
2026-07-17 12:29:09,862 [INFO] trainer: epoch 356 done train_loss=1.4498 dt=37.9s
2026-07-17 12:29:24,297 [INFO] trainer: epoch 357 step 50/135 loss=1.4715 lr=4.03e-05
2026-07-17 12:29:37,960 [INFO] trainer: epoch 357 step 100/135 loss=1.4327 lr=4.01e-05
2026-07-17 12:29:47,501 [INFO] trainer: epoch 357 done train_loss=1.4708 dt=37.6s
2026-07-17 12:30:03,407 [INFO] trainer: epoch 358 step 50/135 loss=1.4844 lr=3.98e-05
2026-07-17 12:30:18,816 [INFO] trainer: epoch 358 step 100/135 loss=1.4639 lr=3.96e-05
2026-07-17 12:30:28,368 [INFO] trainer: epoch 358 done train_loss=1.4785 dt=40.9s
2026-07-17 12:30:43,010 [INFO] trainer: epoch 359 step 50/135 loss=1.4837 lr=3.93e-05
2026-07-17 12:30:56,653 [INFO] trainer: epoch 359 step 100/135 loss=1.4476 lr=3.91e-05
2026-07-17 12:31:06,208 [INFO] trainer: epoch 359 done train_loss=1.4631 dt=37.8s
2026-07-17 12:31:20,716 [INFO] trainer: epoch 360 step 50/135 loss=1.4446 lr=3.88e-05
2026-07-17 12:31:34,363 [INFO] trainer: epoch 360 step 100/135 loss=1.4542 lr=3.86e-05
2026-07-17 12:31:43,930 [INFO] trainer: epoch 360 done train_loss=1.4583 dt=37.7s
2026-07-17 12:31:58,838 [INFO] trainer: epoch 361 step 50/135 loss=1.4644 lr=3.83e-05
2026-07-17 12:32:12,487 [INFO] trainer: epoch 361 step 100/135 loss=1.4334 lr=3.81e-05
2026-07-17 12:32:22,038 [INFO] trainer: epoch 361 done train_loss=1.4544 dt=37.7s
2026-07-17 12:32:36,658 [INFO] trainer: epoch 362 step 50/135 loss=1.4145 lr=3.78e-05
2026-07-17 12:32:50,296 [INFO] trainer: epoch 362 step 100/135 loss=1.4449 lr=3.76e-05
2026-07-17 12:32:59,839 [INFO] trainer: epoch 362 done train_loss=1.4414 dt=37.8s
2026-07-17 12:33:14,646 [INFO] trainer: epoch 363 step 50/135 loss=1.4878 lr=3.73e-05
2026-07-17 12:33:28,293 [INFO] trainer: epoch 363 step 100/135 loss=1.4595 lr=3.71e-05
2026-07-17 12:33:37,843 [INFO] trainer: epoch 363 done train_loss=1.4811 dt=38.0s
2026-07-17 12:33:52,318 [INFO] trainer: epoch 364 step 50/135 loss=1.4896 lr=3.68e-05
2026-07-17 12:34:05,997 [INFO] trainer: epoch 364 step 100/135 loss=1.4335 lr=3.66e-05
2026-07-17 12:34:15,547 [INFO] trainer: epoch 364 done train_loss=1.4820 dt=37.7s
2026-07-17 12:34:30,002 [INFO] trainer: epoch 365 step 50/135 loss=1.4720 lr=3.63e-05
2026-07-17 12:34:43,637 [INFO] trainer: epoch 365 step 100/135 loss=1.4074 lr=3.61e-05
2026-07-17 12:34:53,189 [INFO] trainer: epoch 365 done train_loss=1.4446 dt=37.6s
2026-07-17 12:35:07,675 [INFO] trainer: epoch 366 step 50/135 loss=1.4382 lr=3.58e-05
2026-07-17 12:35:21,322 [INFO] trainer: epoch 366 step 100/135 loss=1.5066 lr=3.56e-05
2026-07-17 12:35:30,873 [INFO] trainer: epoch 366 done train_loss=1.4737 dt=37.7s
2026-07-17 12:35:45,313 [INFO] trainer: epoch 367 step 50/135 loss=1.4431 lr=3.53e-05
2026-07-17 12:35:58,949 [INFO] trainer: epoch 367 step 100/135 loss=1.4490 lr=3.52e-05
2026-07-17 12:36:08,496 [INFO] trainer: epoch 367 done train_loss=1.4384 dt=37.6s
2026-07-17 12:36:23,154 [INFO] trainer: epoch 368 step 50/135 loss=1.4334 lr=3.49e-05
2026-07-17 12:36:36,794 [INFO] trainer: epoch 368 step 100/135 loss=1.4940 lr=3.47e-05
2026-07-17 12:36:46,338 [INFO] trainer: epoch 368 done train_loss=1.4632 dt=37.8s
2026-07-17 12:37:00,920 [INFO] trainer: epoch 369 step 50/135 loss=1.4898 lr=3.44e-05
2026-07-17 12:37:14,557 [INFO] trainer: epoch 369 step 100/135 loss=1.4295 lr=3.42e-05
2026-07-17 12:37:24,103 [INFO] trainer: epoch 369 done train_loss=1.4594 dt=37.8s
2026-07-17 12:37:38,531 [INFO] trainer: epoch 370 step 50/135 loss=1.4550 lr=3.39e-05
2026-07-17 12:37:52,158 [INFO] trainer: epoch 370 step 100/135 loss=1.4910 lr=3.37e-05
2026-07-17 12:38:01,699 [INFO] trainer: epoch 370 done train_loss=1.4596 dt=37.6s
2026-07-17 12:38:16,634 [INFO] trainer: epoch 371 step 50/135 loss=1.4562 lr=3.34e-05
2026-07-17 12:38:30,287 [INFO] trainer: epoch 371 step 100/135 loss=1.4820 lr=3.33e-05
2026-07-17 12:38:39,835 [INFO] trainer: epoch 371 done train_loss=1.4636 dt=37.8s
2026-07-17 12:38:54,622 [INFO] trainer: epoch 372 step 50/135 loss=1.4067 lr=3.30e-05
2026-07-17 12:39:08,281 [INFO] trainer: epoch 372 step 100/135 loss=1.4516 lr=3.28e-05
2026-07-17 12:39:17,827 [INFO] trainer: epoch 372 done train_loss=1.4358 dt=38.0s
2026-07-17 12:39:32,350 [INFO] trainer: epoch 373 step 50/135 loss=1.5323 lr=3.25e-05
2026-07-17 12:39:45,994 [INFO] trainer: epoch 373 step 100/135 loss=1.4584 lr=3.23e-05
2026-07-17 12:39:55,541 [INFO] trainer: epoch 373 done train_loss=1.4720 dt=37.7s
2026-07-17 12:40:10,241 [INFO] trainer: epoch 374 step 50/135 loss=1.4861 lr=3.20e-05
2026-07-17 12:40:23,883 [INFO] trainer: epoch 374 step 100/135 loss=1.4223 lr=3.19e-05
2026-07-17 12:40:33,431 [INFO] trainer: epoch 374 done train_loss=1.4575 dt=37.9s
2026-07-17 12:40:47,947 [INFO] trainer: epoch 375 step 50/135 loss=1.4704 lr=3.16e-05
2026-07-17 12:41:01,587 [INFO] trainer: epoch 375 step 100/135 loss=1.4370 lr=3.14e-05
2026-07-17 12:41:11,127 [INFO] trainer: epoch 375 done train_loss=1.4526 dt=37.7s
2026-07-17 12:43:16,757 [INFO] trainer: epoch 375 val_mean_dice=0.6680
2026-07-17 12:43:32,095 [INFO] trainer: epoch 376 step 50/135 loss=1.4199 lr=3.11e-05
2026-07-17 12:43:45,730 [INFO] trainer: epoch 376 step 100/135 loss=1.4844 lr=3.09e-05
2026-07-17 12:43:55,265 [INFO] trainer: epoch 376 done train_loss=1.4528 dt=38.1s
2026-07-17 12:44:09,943 [INFO] trainer: epoch 377 step 50/135 loss=1.4546 lr=3.07e-05
2026-07-17 12:44:23,579 [INFO] trainer: epoch 377 step 100/135 loss=1.4283 lr=3.05e-05
2026-07-17 12:44:33,121 [INFO] trainer: epoch 377 done train_loss=1.4461 dt=37.9s
2026-07-17 12:44:47,810 [INFO] trainer: epoch 378 step 50/135 loss=1.5039 lr=3.02e-05
2026-07-17 12:45:01,460 [INFO] trainer: epoch 378 step 100/135 loss=1.4419 lr=3.00e-05
2026-07-17 12:45:11,010 [INFO] trainer: epoch 378 done train_loss=1.4671 dt=37.9s
2026-07-17 12:45:25,514 [INFO] trainer: epoch 379 step 50/135 loss=1.4544 lr=2.98e-05
2026-07-17 12:45:39,156 [INFO] trainer: epoch 379 step 100/135 loss=1.4881 lr=2.96e-05
2026-07-17 12:45:48,701 [INFO] trainer: epoch 379 done train_loss=1.4717 dt=37.7s
2026-07-17 12:46:03,290 [INFO] trainer: epoch 380 step 50/135 loss=1.4343 lr=2.93e-05
2026-07-17 12:46:16,930 [INFO] trainer: epoch 380 step 100/135 loss=1.4938 lr=2.91e-05
2026-07-17 12:46:26,480 [INFO] trainer: epoch 380 done train_loss=1.4581 dt=37.8s
2026-07-17 12:46:41,314 [INFO] trainer: epoch 381 step 50/135 loss=1.4646 lr=2.89e-05
2026-07-17 12:46:54,947 [INFO] trainer: epoch 381 step 100/135 loss=1.4465 lr=2.87e-05
2026-07-17 12:47:04,488 [INFO] trainer: epoch 381 done train_loss=1.4613 dt=37.7s
2026-07-17 12:47:18,922 [INFO] trainer: epoch 382 step 50/135 loss=1.4855 lr=2.84e-05
2026-07-17 12:47:32,557 [INFO] trainer: epoch 382 step 100/135 loss=1.4163 lr=2.83e-05
2026-07-17 12:47:42,099 [INFO] trainer: epoch 382 done train_loss=1.4540 dt=37.6s
2026-07-17 12:47:56,574 [INFO] trainer: epoch 383 step 50/135 loss=1.4279 lr=2.80e-05
2026-07-17 12:48:10,215 [INFO] trainer: epoch 383 step 100/135 loss=1.4823 lr=2.78e-05
2026-07-17 12:48:19,747 [INFO] trainer: epoch 383 done train_loss=1.4395 dt=37.6s
2026-07-17 12:48:34,306 [INFO] trainer: epoch 384 step 50/135 loss=1.4727 lr=2.75e-05
2026-07-17 12:48:47,959 [INFO] trainer: epoch 384 step 100/135 loss=1.4944 lr=2.74e-05
2026-07-17 12:48:57,472 [INFO] trainer: epoch 384 done train_loss=1.4691 dt=37.7s
2026-07-17 12:49:11,887 [INFO] trainer: epoch 385 step 50/135 loss=1.4541 lr=2.71e-05
2026-07-17 12:49:25,532 [INFO] trainer: epoch 385 step 100/135 loss=1.4757 lr=2.70e-05
2026-07-17 12:49:35,069 [INFO] trainer: epoch 385 done train_loss=1.4669 dt=37.6s
2026-07-17 12:49:49,677 [INFO] trainer: epoch 386 step 50/135 loss=1.4501 lr=2.67e-05
2026-07-17 12:50:03,311 [INFO] trainer: epoch 386 step 100/135 loss=1.4399 lr=2.65e-05
2026-07-17 12:50:12,853 [INFO] trainer: epoch 386 done train_loss=1.4250 dt=37.8s
2026-07-17 12:50:27,347 [INFO] trainer: epoch 387 step 50/135 loss=1.4291 lr=2.63e-05
2026-07-17 12:50:40,984 [INFO] trainer: epoch 387 step 100/135 loss=1.4845 lr=2.61e-05
2026-07-17 12:50:50,523 [INFO] trainer: epoch 387 done train_loss=1.4557 dt=37.7s
2026-07-17 12:51:05,022 [INFO] trainer: epoch 388 step 50/135 loss=1.4457 lr=2.58e-05
2026-07-17 12:51:18,657 [INFO] trainer: epoch 388 step 100/135 loss=1.4105 lr=2.57e-05
2026-07-17 12:51:28,231 [INFO] trainer: epoch 388 done train_loss=1.4484 dt=37.7s
2026-07-17 12:51:42,790 [INFO] trainer: epoch 389 step 50/135 loss=1.4673 lr=2.54e-05
2026-07-17 12:51:56,426 [INFO] trainer: epoch 389 step 100/135 loss=1.4606 lr=2.53e-05
2026-07-17 12:52:05,971 [INFO] trainer: epoch 389 done train_loss=1.4615 dt=37.7s
2026-07-17 12:52:20,387 [INFO] trainer: epoch 390 step 50/135 loss=1.4196 lr=2.50e-05
2026-07-17 12:52:34,009 [INFO] trainer: epoch 390 step 100/135 loss=1.4880 lr=2.48e-05
2026-07-17 12:52:43,555 [INFO] trainer: epoch 390 done train_loss=1.4480 dt=37.6s
2026-07-17 12:52:58,390 [INFO] trainer: epoch 391 step 50/135 loss=1.4629 lr=2.46e-05
2026-07-17 12:53:12,043 [INFO] trainer: epoch 391 step 100/135 loss=1.4409 lr=2.44e-05
2026-07-17 12:53:21,582 [INFO] trainer: epoch 391 done train_loss=1.4500 dt=37.7s
2026-07-17 12:53:36,047 [INFO] trainer: epoch 392 step 50/135 loss=1.4683 lr=2.42e-05
2026-07-17 12:53:49,687 [INFO] trainer: epoch 392 step 100/135 loss=1.4270 lr=2.40e-05
2026-07-17 12:53:59,220 [INFO] trainer: epoch 392 done train_loss=1.4460 dt=37.6s
2026-07-17 12:54:14,036 [INFO] trainer: epoch 393 step 50/135 loss=1.5010 lr=2.38e-05
2026-07-17 12:54:27,690 [INFO] trainer: epoch 393 step 100/135 loss=1.4516 lr=2.36e-05
2026-07-17 12:54:37,225 [INFO] trainer: epoch 393 done train_loss=1.4781 dt=38.0s
2026-07-17 12:54:51,798 [INFO] trainer: epoch 394 step 50/135 loss=1.4283 lr=2.34e-05
2026-07-17 12:55:05,447 [INFO] trainer: epoch 394 step 100/135 loss=1.4072 lr=2.32e-05
2026-07-17 12:55:14,990 [INFO] trainer: epoch 394 done train_loss=1.4200 dt=37.8s
2026-07-17 12:55:29,448 [INFO] trainer: epoch 395 step 50/135 loss=1.4250 lr=2.30e-05
2026-07-17 12:55:43,095 [INFO] trainer: epoch 395 step 100/135 loss=1.4813 lr=2.28e-05
2026-07-17 12:55:52,640 [INFO] trainer: epoch 395 done train_loss=1.4465 dt=37.6s
2026-07-17 12:56:07,277 [INFO] trainer: epoch 396 step 50/135 loss=1.4898 lr=2.26e-05
2026-07-17 12:56:20,912 [INFO] trainer: epoch 396 step 100/135 loss=1.4692 lr=2.24e-05
2026-07-17 12:56:30,457 [INFO] trainer: epoch 396 done train_loss=1.4640 dt=37.8s
2026-07-17 12:56:45,017 [INFO] trainer: epoch 397 step 50/135 loss=1.4876 lr=2.22e-05
2026-07-17 12:56:58,658 [INFO] trainer: epoch 397 step 100/135 loss=1.4489 lr=2.20e-05
2026-07-17 12:57:08,210 [INFO] trainer: epoch 397 done train_loss=1.4692 dt=37.8s
2026-07-17 12:57:22,789 [INFO] trainer: epoch 398 step 50/135 loss=1.4721 lr=2.18e-05
2026-07-17 12:57:36,434 [INFO] trainer: epoch 398 step 100/135 loss=1.4504 lr=2.16e-05
2026-07-17 12:57:45,974 [INFO] trainer: epoch 398 done train_loss=1.4605 dt=37.8s
2026-07-17 12:58:00,658 [INFO] trainer: epoch 399 step 50/135 loss=1.4540 lr=2.14e-05
2026-07-17 12:58:14,310 [INFO] trainer: epoch 399 step 100/135 loss=1.4349 lr=2.12e-05
2026-07-17 12:58:23,850 [INFO] trainer: epoch 399 done train_loss=1.4419 dt=37.9s
2026-07-17 12:58:38,567 [INFO] trainer: epoch 400 step 50/135 loss=1.4714 lr=2.10e-05
2026-07-17 12:58:52,202 [INFO] trainer: epoch 400 step 100/135 loss=1.4441 lr=2.09e-05
2026-07-17 12:59:01,738 [INFO] trainer: epoch 400 done train_loss=1.4623 dt=37.9s
2026-07-17 13:01:02,543 [INFO] trainer: epoch 400 val_mean_dice=0.6719
2026-07-17 13:01:17,940 [INFO] trainer: epoch 401 step 50/135 loss=1.4361 lr=2.06e-05
2026-07-17 13:01:31,678 [INFO] trainer: epoch 401 step 100/135 loss=1.4842 lr=2.05e-05
2026-07-17 13:01:41,206 [INFO] trainer: epoch 401 done train_loss=1.4409 dt=37.9s
2026-07-17 13:01:55,750 [INFO] trainer: epoch 402 step 50/135 loss=1.4341 lr=2.02e-05
2026-07-17 13:02:09,402 [INFO] trainer: epoch 402 step 100/135 loss=1.4675 lr=2.01e-05
2026-07-17 13:02:18,957 [INFO] trainer: epoch 402 done train_loss=1.4691 dt=37.8s
2026-07-17 13:02:33,560 [INFO] trainer: epoch 403 step 50/135 loss=1.4516 lr=1.99e-05
2026-07-17 13:02:47,222 [INFO] trainer: epoch 403 step 100/135 loss=1.4308 lr=1.97e-05
2026-07-17 13:02:56,773 [INFO] trainer: epoch 403 done train_loss=1.4285 dt=37.8s
2026-07-17 13:03:11,309 [INFO] trainer: epoch 404 step 50/135 loss=1.4238 lr=1.95e-05
2026-07-17 13:03:24,957 [INFO] trainer: epoch 404 step 100/135 loss=1.3970 lr=1.94e-05
2026-07-17 13:03:34,504 [INFO] trainer: epoch 404 done train_loss=1.4113 dt=37.7s
2026-07-17 13:03:49,184 [INFO] trainer: epoch 405 step 50/135 loss=1.4262 lr=1.91e-05
2026-07-17 13:04:02,829 [INFO] trainer: epoch 405 step 100/135 loss=1.4655 lr=1.90e-05
2026-07-17 13:04:12,370 [INFO] trainer: epoch 405 done train_loss=1.4384 dt=37.9s
2026-07-17 13:04:26,824 [INFO] trainer: epoch 406 step 50/135 loss=1.4133 lr=1.88e-05
2026-07-17 13:04:40,485 [INFO] trainer: epoch 406 step 100/135 loss=1.4596 lr=1.86e-05
2026-07-17 13:04:50,031 [INFO] trainer: epoch 406 done train_loss=1.4402 dt=37.7s
2026-07-17 13:05:04,372 [INFO] trainer: epoch 407 step 50/135 loss=1.4430 lr=1.84e-05
2026-07-17 13:05:18,015 [INFO] trainer: epoch 407 step 100/135 loss=1.4627 lr=1.83e-05
2026-07-17 13:05:27,543 [INFO] trainer: epoch 407 done train_loss=1.4284 dt=37.5s
2026-07-17 13:05:42,061 [INFO] trainer: epoch 408 step 50/135 loss=1.4196 lr=1.80e-05
2026-07-17 13:05:55,681 [INFO] trainer: epoch 408 step 100/135 loss=1.4410 lr=1.79e-05
2026-07-17 13:06:05,219 [INFO] trainer: epoch 408 done train_loss=1.4314 dt=37.7s
2026-07-17 13:06:19,797 [INFO] trainer: epoch 409 step 50/135 loss=1.4337 lr=1.77e-05
2026-07-17 13:06:33,430 [INFO] trainer: epoch 409 step 100/135 loss=1.4376 lr=1.76e-05
2026-07-17 13:06:42,972 [INFO] trainer: epoch 409 done train_loss=1.4559 dt=37.8s
2026-07-17 13:06:57,481 [INFO] trainer: epoch 410 step 50/135 loss=1.4342 lr=1.73e-05
2026-07-17 13:07:11,133 [INFO] trainer: epoch 410 step 100/135 loss=1.4507 lr=1.72e-05
2026-07-17 13:07:20,684 [INFO] trainer: epoch 410 done train_loss=1.4391 dt=37.7s
2026-07-17 13:07:35,846 [INFO] trainer: epoch 411 step 50/135 loss=1.3970 lr=1.70e-05
2026-07-17 13:07:49,493 [INFO] trainer: epoch 411 step 100/135 loss=1.4297 lr=1.69e-05
2026-07-17 13:07:59,038 [INFO] trainer: epoch 411 done train_loss=1.4163 dt=38.0s
2026-07-17 13:08:13,805 [INFO] trainer: epoch 412 step 50/135 loss=1.4384 lr=1.66e-05
2026-07-17 13:08:27,442 [INFO] trainer: epoch 412 step 100/135 loss=1.4507 lr=1.65e-05
2026-07-17 13:08:36,991 [INFO] trainer: epoch 412 done train_loss=1.4591 dt=38.0s
2026-07-17 13:08:51,562 [INFO] trainer: epoch 413 step 50/135 loss=1.4428 lr=1.63e-05
2026-07-17 13:09:05,197 [INFO] trainer: epoch 413 step 100/135 loss=1.4303 lr=1.62e-05
2026-07-17 13:09:14,742 [INFO] trainer: epoch 413 done train_loss=1.4344 dt=37.7s
2026-07-17 13:09:29,499 [INFO] trainer: epoch 414 step 50/135 loss=1.4219 lr=1.60e-05
2026-07-17 13:09:43,129 [INFO] trainer: epoch 414 step 100/135 loss=1.4504 lr=1.58e-05
2026-07-17 13:09:52,667 [INFO] trainer: epoch 414 done train_loss=1.4185 dt=37.9s
2026-07-17 13:10:07,182 [INFO] trainer: epoch 415 step 50/135 loss=1.4660 lr=1.56e-05
2026-07-17 13:10:20,841 [INFO] trainer: epoch 415 step 100/135 loss=1.3915 lr=1.55e-05
2026-07-17 13:10:30,536 [INFO] trainer: epoch 415 done train_loss=1.4530 dt=37.9s
2026-07-17 13:10:45,076 [INFO] trainer: epoch 416 step 50/135 loss=1.4817 lr=1.53e-05
2026-07-17 13:10:58,711 [INFO] trainer: epoch 416 step 100/135 loss=1.4533 lr=1.52e-05
2026-07-17 13:11:08,246 [INFO] trainer: epoch 416 done train_loss=1.4599 dt=37.7s
2026-07-17 13:11:22,794 [INFO] trainer: epoch 417 step 50/135 loss=1.4225 lr=1.50e-05
2026-07-17 13:11:36,436 [INFO] trainer: epoch 417 step 100/135 loss=1.4401 lr=1.48e-05
2026-07-17 13:11:45,974 [INFO] trainer: epoch 417 done train_loss=1.4310 dt=37.7s
2026-07-17 13:12:00,394 [INFO] trainer: epoch 418 step 50/135 loss=1.4148 lr=1.46e-05
2026-07-17 13:12:14,032 [INFO] trainer: epoch 418 step 100/135 loss=1.4133 lr=1.45e-05
2026-07-17 13:12:23,585 [INFO] trainer: epoch 418 done train_loss=1.4396 dt=37.6s
2026-07-17 13:12:38,071 [INFO] trainer: epoch 419 step 50/135 loss=1.4731 lr=1.43e-05
2026-07-17 13:12:51,705 [INFO] trainer: epoch 419 step 100/135 loss=1.4337 lr=1.42e-05
2026-07-17 13:13:01,252 [INFO] trainer: epoch 419 done train_loss=1.4658 dt=37.7s
2026-07-17 13:13:15,877 [INFO] trainer: epoch 420 step 50/135 loss=1.4430 lr=1.40e-05
2026-07-17 13:13:29,512 [INFO] trainer: epoch 420 step 100/135 loss=1.4654 lr=1.39e-05
2026-07-17 13:13:39,057 [INFO] trainer: epoch 420 done train_loss=1.4449 dt=37.8s
2026-07-17 13:13:54,019 [INFO] trainer: epoch 421 step 50/135 loss=1.4249 lr=1.37e-05
2026-07-17 13:14:07,662 [INFO] trainer: epoch 421 step 100/135 loss=1.4450 lr=1.36e-05
2026-07-17 13:14:17,199 [INFO] trainer: epoch 421 done train_loss=1.4362 dt=37.8s
2026-07-17 13:14:31,684 [INFO] trainer: epoch 422 step 50/135 loss=1.4168 lr=1.34e-05
2026-07-17 13:14:45,325 [INFO] trainer: epoch 422 step 100/135 loss=1.4184 lr=1.33e-05
2026-07-17 13:14:54,862 [INFO] trainer: epoch 422 done train_loss=1.4254 dt=37.7s
2026-07-17 13:15:09,467 [INFO] trainer: epoch 423 step 50/135 loss=1.4869 lr=1.31e-05
2026-07-17 13:15:23,095 [INFO] trainer: epoch 423 step 100/135 loss=1.4284 lr=1.30e-05
2026-07-17 13:15:32,632 [INFO] trainer: epoch 423 done train_loss=1.4456 dt=37.8s
2026-07-17 13:15:47,098 [INFO] trainer: epoch 424 step 50/135 loss=1.4743 lr=1.28e-05
2026-07-17 13:16:00,729 [INFO] trainer: epoch 424 step 100/135 loss=1.4569 lr=1.27e-05
2026-07-17 13:16:10,268 [INFO] trainer: epoch 424 done train_loss=1.4718 dt=37.6s
2026-07-17 13:16:25,035 [INFO] trainer: epoch 425 step 50/135 loss=1.4349 lr=1.25e-05
2026-07-17 13:16:38,682 [INFO] trainer: epoch 425 step 100/135 loss=1.4330 lr=1.24e-05
2026-07-17 13:16:48,221 [INFO] trainer: epoch 425 done train_loss=1.4463 dt=38.0s
2026-07-17 13:18:48,825 [INFO] trainer: epoch 425 val_mean_dice=0.6722
2026-07-17 13:19:03,884 [INFO] trainer: epoch 426 step 50/135 loss=1.4732 lr=1.22e-05
2026-07-17 13:19:17,541 [INFO] trainer: epoch 426 step 100/135 loss=1.4014 lr=1.21e-05
2026-07-17 13:19:27,087 [INFO] trainer: epoch 426 done train_loss=1.4383 dt=37.8s
2026-07-17 13:19:41,517 [INFO] trainer: epoch 427 step 50/135 loss=1.4517 lr=1.19e-05
2026-07-17 13:19:55,162 [INFO] trainer: epoch 427 step 100/135 loss=1.4946 lr=1.18e-05
2026-07-17 13:20:04,697 [INFO] trainer: epoch 427 done train_loss=1.4565 dt=37.6s
2026-07-17 13:20:19,245 [INFO] trainer: epoch 428 step 50/135 loss=1.5055 lr=1.16e-05
2026-07-17 13:20:32,874 [INFO] trainer: epoch 428 step 100/135 loss=1.3654 lr=1.15e-05
2026-07-17 13:20:42,412 [INFO] trainer: epoch 428 done train_loss=1.4513 dt=37.7s
2026-07-17 13:20:56,909 [INFO] trainer: epoch 429 step 50/135 loss=1.4635 lr=1.13e-05
2026-07-17 13:21:10,551 [INFO] trainer: epoch 429 step 100/135 loss=1.4859 lr=1.12e-05
2026-07-17 13:21:20,088 [INFO] trainer: epoch 429 done train_loss=1.4710 dt=37.7s
2026-07-17 13:21:34,794 [INFO] trainer: epoch 430 step 50/135 loss=1.4328 lr=1.10e-05
2026-07-17 13:21:48,428 [INFO] trainer: epoch 430 step 100/135 loss=1.4611 lr=1.09e-05
2026-07-17 13:21:57,965 [INFO] trainer: epoch 430 done train_loss=1.4538 dt=37.9s
2026-07-17 13:22:12,911 [INFO] trainer: epoch 431 step 50/135 loss=1.4219 lr=1.08e-05
2026-07-17 13:22:26,561 [INFO] trainer: epoch 431 step 100/135 loss=1.4536 lr=1.07e-05
2026-07-17 13:22:36,097 [INFO] trainer: epoch 431 done train_loss=1.4339 dt=37.8s
2026-07-17 13:22:50,719 [INFO] trainer: epoch 432 step 50/135 loss=1.4480 lr=1.05e-05
2026-07-17 13:23:04,357 [INFO] trainer: epoch 432 step 100/135 loss=1.4848 lr=1.04e-05
2026-07-17 13:23:13,902 [INFO] trainer: epoch 432 done train_loss=1.4658 dt=37.8s
2026-07-17 13:23:28,623 [INFO] trainer: epoch 433 step 50/135 loss=1.4865 lr=1.02e-05
2026-07-17 13:23:42,267 [INFO] trainer: epoch 433 step 100/135 loss=1.4603 lr=1.01e-05
2026-07-17 13:23:51,816 [INFO] trainer: epoch 433 done train_loss=1.4642 dt=37.9s
2026-07-17 13:24:06,416 [INFO] trainer: epoch 434 step 50/135 loss=1.3964 lr=9.94e-06
2026-07-17 13:24:20,069 [INFO] trainer: epoch 434 step 100/135 loss=1.4896 lr=9.85e-06
2026-07-17 13:24:29,626 [INFO] trainer: epoch 434 done train_loss=1.4382 dt=37.8s
2026-07-17 13:24:44,081 [INFO] trainer: epoch 435 step 50/135 loss=1.4411 lr=9.68e-06
2026-07-17 13:24:57,969 [INFO] trainer: epoch 435 step 100/135 loss=1.4508 lr=9.58e-06
2026-07-17 13:25:07,559 [INFO] trainer: epoch 435 done train_loss=1.4543 dt=37.9s
2026-07-17 13:25:21,992 [INFO] trainer: epoch 436 step 50/135 loss=1.4434 lr=9.42e-06
2026-07-17 13:25:35,626 [INFO] trainer: epoch 436 step 100/135 loss=1.4296 lr=9.33e-06
2026-07-17 13:25:45,168 [INFO] trainer: epoch 436 done train_loss=1.4414 dt=37.6s
2026-07-17 13:25:59,790 [INFO] trainer: epoch 437 step 50/135 loss=1.4668 lr=9.17e-06
2026-07-17 13:26:13,434 [INFO] trainer: epoch 437 step 100/135 loss=1.4833 lr=9.07e-06
2026-07-17 13:26:22,991 [INFO] trainer: epoch 437 done train_loss=1.4521 dt=37.8s
2026-07-17 13:26:37,750 [INFO] trainer: epoch 438 step 50/135 loss=1.4336 lr=8.92e-06
2026-07-17 13:26:51,388 [INFO] trainer: epoch 438 step 100/135 loss=1.4984 lr=8.82e-06
2026-07-17 13:27:00,941 [INFO] trainer: epoch 438 done train_loss=1.4527 dt=37.9s
2026-07-17 13:27:15,600 [INFO] trainer: epoch 439 step 50/135 loss=1.4396 lr=8.67e-06
2026-07-17 13:27:29,242 [INFO] trainer: epoch 439 step 100/135 loss=1.4661 lr=8.58e-06
2026-07-17 13:27:38,793 [INFO] trainer: epoch 439 done train_loss=1.4527 dt=37.9s
2026-07-17 13:27:53,458 [INFO] trainer: epoch 440 step 50/135 loss=1.4732 lr=8.42e-06
2026-07-17 13:28:07,122 [INFO] trainer: epoch 440 step 100/135 loss=1.4162 lr=8.34e-06
2026-07-17 13:28:16,667 [INFO] trainer: epoch 440 done train_loss=1.4305 dt=37.9s
2026-07-17 13:28:31,677 [INFO] trainer: epoch 441 step 50/135 loss=1.4460 lr=8.18e-06
2026-07-17 13:28:45,313 [INFO] trainer: epoch 441 step 100/135 loss=1.4617 lr=8.10e-06
2026-07-17 13:28:54,803 [INFO] trainer: epoch 441 done train_loss=1.4491 dt=37.7s
2026-07-17 13:29:09,171 [INFO] trainer: epoch 442 step 50/135 loss=1.4509 lr=7.95e-06
2026-07-17 13:29:22,817 [INFO] trainer: epoch 442 step 100/135 loss=1.4201 lr=7.86e-06
2026-07-17 13:29:32,363 [INFO] trainer: epoch 442 done train_loss=1.4411 dt=37.6s
2026-07-17 13:29:46,741 [INFO] trainer: epoch 443 step 50/135 loss=1.4011 lr=7.72e-06
2026-07-17 13:30:00,376 [INFO] trainer: epoch 443 step 100/135 loss=1.4793 lr=7.63e-06
2026-07-17 13:30:10,860 [INFO] trainer: epoch 443 done train_loss=1.4516 dt=38.5s
2026-07-17 13:30:25,452 [INFO] trainer: epoch 444 step 50/135 loss=1.4496 lr=7.49e-06
2026-07-17 13:30:39,103 [INFO] trainer: epoch 444 step 100/135 loss=1.4694 lr=7.40e-06
2026-07-17 13:30:48,643 [INFO] trainer: epoch 444 done train_loss=1.4749 dt=37.8s
2026-07-17 13:31:03,053 [INFO] trainer: epoch 445 step 50/135 loss=1.4291 lr=7.26e-06
2026-07-17 13:31:16,688 [INFO] trainer: epoch 445 step 100/135 loss=1.4548 lr=7.18e-06
2026-07-17 13:31:26,232 [INFO] trainer: epoch 445 done train_loss=1.4456 dt=37.6s
2026-07-17 13:31:40,862 [INFO] trainer: epoch 446 step 50/135 loss=1.4697 lr=7.04e-06
2026-07-17 13:31:54,507 [INFO] trainer: epoch 446 step 100/135 loss=1.4470 lr=6.96e-06
2026-07-17 13:32:04,060 [INFO] trainer: epoch 446 done train_loss=1.4520 dt=37.8s
2026-07-17 13:32:18,617 [INFO] trainer: epoch 447 step 50/135 loss=1.3888 lr=6.82e-06
2026-07-17 13:32:32,259 [INFO] trainer: epoch 447 step 100/135 loss=1.4487 lr=6.75e-06
2026-07-17 13:32:41,803 [INFO] trainer: epoch 447 done train_loss=1.4247 dt=37.7s
2026-07-17 13:32:56,241 [INFO] trainer: epoch 448 step 50/135 loss=1.4398 lr=6.61e-06
2026-07-17 13:33:09,881 [INFO] trainer: epoch 448 step 100/135 loss=1.4285 lr=6.53e-06
2026-07-17 13:33:19,424 [INFO] trainer: epoch 448 done train_loss=1.4442 dt=37.6s
2026-07-17 13:33:33,889 [INFO] trainer: epoch 449 step 50/135 loss=1.3765 lr=6.40e-06
2026-07-17 13:33:47,521 [INFO] trainer: epoch 449 step 100/135 loss=1.4464 lr=6.33e-06
2026-07-17 13:33:57,064 [INFO] trainer: epoch 449 done train_loss=1.4160 dt=37.6s
2026-07-17 13:34:11,779 [INFO] trainer: epoch 450 step 50/135 loss=1.4741 lr=6.20e-06
2026-07-17 13:34:25,412 [INFO] trainer: epoch 450 step 100/135 loss=1.4148 lr=6.12e-06
2026-07-17 13:34:34,958 [INFO] trainer: epoch 450 done train_loss=1.4392 dt=37.9s
2026-07-17 13:36:35,541 [INFO] trainer: epoch 450 val_mean_dice=0.6728
2026-07-17 13:36:51,000 [INFO] trainer: epoch 451 step 50/135 loss=1.4564 lr=6.00e-06
2026-07-17 13:37:04,649 [INFO] trainer: epoch 451 step 100/135 loss=1.4592 lr=5.92e-06
2026-07-17 13:37:14,208 [INFO] trainer: epoch 451 done train_loss=1.4672 dt=37.9s
2026-07-17 13:37:28,916 [INFO] trainer: epoch 452 step 50/135 loss=1.4454 lr=5.80e-06
2026-07-17 13:37:42,548 [INFO] trainer: epoch 452 step 100/135 loss=1.4600 lr=5.73e-06
2026-07-17 13:37:52,091 [INFO] trainer: epoch 452 done train_loss=1.4431 dt=37.9s
2026-07-17 13:38:06,920 [INFO] trainer: epoch 453 step 50/135 loss=1.4233 lr=5.60e-06
2026-07-17 13:38:20,558 [INFO] trainer: epoch 453 step 100/135 loss=1.4030 lr=5.53e-06
2026-07-17 13:38:30,126 [INFO] trainer: epoch 453 done train_loss=1.4289 dt=38.0s
2026-07-17 13:38:44,568 [INFO] trainer: epoch 454 step 50/135 loss=1.4095 lr=5.41e-06
2026-07-17 13:38:58,233 [INFO] trainer: epoch 454 step 100/135 loss=1.4779 lr=5.35e-06
2026-07-17 13:39:07,778 [INFO] trainer: epoch 454 done train_loss=1.4431 dt=37.7s
2026-07-17 13:39:22,334 [INFO] trainer: epoch 455 step 50/135 loss=1.4233 lr=5.23e-06
2026-07-17 13:39:35,979 [INFO] trainer: epoch 455 step 100/135 loss=1.5068 lr=5.16e-06
2026-07-17 13:39:45,514 [INFO] trainer: epoch 455 done train_loss=1.4581 dt=37.7s
2026-07-17 13:40:00,130 [INFO] trainer: epoch 456 step 50/135 loss=1.4188 lr=5.05e-06
2026-07-17 13:40:13,776 [INFO] trainer: epoch 456 step 100/135 loss=1.4691 lr=4.98e-06
2026-07-17 13:40:23,325 [INFO] trainer: epoch 456 done train_loss=1.4501 dt=37.8s
2026-07-17 13:40:37,908 [INFO] trainer: epoch 457 step 50/135 loss=1.4770 lr=4.87e-06
2026-07-17 13:40:51,556 [INFO] trainer: epoch 457 step 100/135 loss=1.4344 lr=4.80e-06
2026-07-17 13:41:01,104 [INFO] trainer: epoch 457 done train_loss=1.4373 dt=37.8s
2026-07-17 13:41:15,528 [INFO] trainer: epoch 458 step 50/135 loss=1.4378 lr=4.69e-06
2026-07-17 13:41:29,158 [INFO] trainer: epoch 458 step 100/135 loss=1.4971 lr=4.63e-06
2026-07-17 13:41:38,717 [INFO] trainer: epoch 458 done train_loss=1.4651 dt=37.6s
2026-07-17 13:41:53,147 [INFO] trainer: epoch 459 step 50/135 loss=1.4266 lr=4.52e-06
2026-07-17 13:42:06,797 [INFO] trainer: epoch 459 step 100/135 loss=1.4360 lr=4.46e-06
2026-07-17 13:42:16,337 [INFO] trainer: epoch 459 done train_loss=1.4241 dt=37.6s
2026-07-17 13:42:30,833 [INFO] trainer: epoch 460 step 50/135 loss=1.4774 lr=4.36e-06
2026-07-17 13:42:44,460 [INFO] trainer: epoch 460 step 100/135 loss=1.4271 lr=4.30e-06
2026-07-17 13:42:53,991 [INFO] trainer: epoch 460 done train_loss=1.4487 dt=37.7s
2026-07-17 13:43:09,226 [INFO] trainer: epoch 461 step 50/135 loss=1.4215 lr=4.19e-06
2026-07-17 13:43:22,882 [INFO] trainer: epoch 461 step 100/135 loss=1.4286 lr=4.14e-06
2026-07-17 13:43:32,440 [INFO] trainer: epoch 461 done train_loss=1.4278 dt=38.1s
2026-07-17 13:43:47,150 [INFO] trainer: epoch 462 step 50/135 loss=1.4721 lr=4.04e-06
2026-07-17 13:44:00,781 [INFO] trainer: epoch 462 step 100/135 loss=1.4137 lr=3.98e-06
2026-07-17 13:44:10,311 [INFO] trainer: epoch 462 done train_loss=1.4286 dt=37.9s
2026-07-17 13:44:24,858 [INFO] trainer: epoch 463 step 50/135 loss=1.4309 lr=3.88e-06
2026-07-17 13:44:38,493 [INFO] trainer: epoch 463 step 100/135 loss=1.4641 lr=3.83e-06
2026-07-17 13:44:48,050 [INFO] trainer: epoch 463 done train_loss=1.4424 dt=37.7s
2026-07-17 13:45:02,502 [INFO] trainer: epoch 464 step 50/135 loss=1.4025 lr=3.73e-06
2026-07-17 13:45:16,146 [INFO] trainer: epoch 464 step 100/135 loss=1.4790 lr=3.68e-06
2026-07-17 13:45:25,691 [INFO] trainer: epoch 464 done train_loss=1.4414 dt=37.6s
2026-07-17 13:45:40,150 [INFO] trainer: epoch 465 step 50/135 loss=1.4952 lr=3.59e-06
2026-07-17 13:45:53,777 [INFO] trainer: epoch 465 step 100/135 loss=1.4594 lr=3.53e-06
2026-07-17 13:46:03,311 [INFO] trainer: epoch 465 done train_loss=1.4711 dt=37.6s
2026-07-17 13:46:17,872 [INFO] trainer: epoch 466 step 50/135 loss=1.4922 lr=3.44e-06
2026-07-17 13:46:31,508 [INFO] trainer: epoch 466 step 100/135 loss=1.4030 lr=3.39e-06
2026-07-17 13:46:41,051 [INFO] trainer: epoch 466 done train_loss=1.4530 dt=37.7s
2026-07-17 13:46:55,625 [INFO] trainer: epoch 467 step 50/135 loss=1.4517 lr=3.30e-06
2026-07-17 13:47:09,266 [INFO] trainer: epoch 467 step 100/135 loss=1.4464 lr=3.25e-06
2026-07-17 13:47:18,805 [INFO] trainer: epoch 467 done train_loss=1.4337 dt=37.8s
2026-07-17 13:47:33,399 [INFO] trainer: epoch 468 step 50/135 loss=1.4340 lr=3.17e-06
2026-07-17 13:47:47,050 [INFO] trainer: epoch 468 step 100/135 loss=1.4300 lr=3.12e-06
2026-07-17 13:47:56,594 [INFO] trainer: epoch 468 done train_loss=1.4366 dt=37.8s
2026-07-17 13:48:11,031 [INFO] trainer: epoch 469 step 50/135 loss=1.4185 lr=3.04e-06
2026-07-17 13:48:24,677 [INFO] trainer: epoch 469 step 100/135 loss=1.4805 lr=2.99e-06
2026-07-17 13:48:34,326 [INFO] trainer: epoch 469 done train_loss=1.4505 dt=37.7s
2026-07-17 13:48:48,727 [INFO] trainer: epoch 470 step 50/135 loss=1.3892 lr=2.91e-06
2026-07-17 13:49:02,366 [INFO] trainer: epoch 470 step 100/135 loss=1.4523 lr=2.87e-06
2026-07-17 13:49:11,927 [INFO] trainer: epoch 470 done train_loss=1.4255 dt=37.6s
2026-07-17 13:49:26,571 [INFO] trainer: epoch 471 step 50/135 loss=1.4221 lr=2.79e-06
2026-07-17 13:49:40,193 [INFO] trainer: epoch 471 step 100/135 loss=1.4157 lr=2.75e-06
2026-07-17 13:49:49,717 [INFO] trainer: epoch 471 done train_loss=1.4160 dt=37.4s
2026-07-17 13:50:04,330 [INFO] trainer: epoch 472 step 50/135 loss=1.4548 lr=2.67e-06
2026-07-17 13:50:18,005 [INFO] trainer: epoch 472 step 100/135 loss=1.4746 lr=2.63e-06
2026-07-17 13:50:27,555 [INFO] trainer: epoch 472 done train_loss=1.4366 dt=37.8s
2026-07-17 13:50:42,213 [INFO] trainer: epoch 473 step 50/135 loss=1.4486 lr=2.56e-06
2026-07-17 13:50:55,836 [INFO] trainer: epoch 473 step 100/135 loss=1.4833 lr=2.52e-06
2026-07-17 13:51:05,371 [INFO] trainer: epoch 473 done train_loss=1.4638 dt=37.8s
2026-07-17 13:51:20,225 [INFO] trainer: epoch 474 step 50/135 loss=1.3832 lr=2.45e-06
2026-07-17 13:51:33,853 [INFO] trainer: epoch 474 step 100/135 loss=1.4332 lr=2.41e-06
2026-07-17 13:51:43,391 [INFO] trainer: epoch 474 done train_loss=1.4238 dt=38.0s
2026-07-17 13:51:57,880 [INFO] trainer: epoch 475 step 50/135 loss=1.4280 lr=2.34e-06
2026-07-17 13:52:11,518 [INFO] trainer: epoch 475 step 100/135 loss=1.4518 lr=2.30e-06
2026-07-17 13:52:21,042 [INFO] trainer: epoch 475 done train_loss=1.4486 dt=37.7s
2026-07-17 13:54:22,508 [INFO] trainer: epoch 475 val_mean_dice=0.6735
2026-07-17 13:54:37,712 [INFO] trainer: epoch 476 step 50/135 loss=1.4489 lr=2.24e-06
2026-07-17 13:54:51,350 [INFO] trainer: epoch 476 step 100/135 loss=1.4037 lr=2.20e-06
2026-07-17 13:55:00,878 [INFO] trainer: epoch 476 done train_loss=1.4240 dt=37.9s
2026-07-17 13:55:15,416 [INFO] trainer: epoch 477 step 50/135 loss=1.4529 lr=2.14e-06
2026-07-17 13:55:29,047 [INFO] trainer: epoch 477 step 100/135 loss=1.4485 lr=2.10e-06
2026-07-17 13:55:38,582 [INFO] trainer: epoch 477 done train_loss=1.4502 dt=37.7s
2026-07-17 13:55:53,037 [INFO] trainer: epoch 478 step 50/135 loss=1.3810 lr=2.05e-06
2026-07-17 13:56:06,656 [INFO] trainer: epoch 478 step 100/135 loss=1.4762 lr=2.01e-06
2026-07-17 13:56:16,187 [INFO] trainer: epoch 478 done train_loss=1.4397 dt=37.6s
2026-07-17 13:56:30,828 [INFO] trainer: epoch 479 step 50/135 loss=1.4567 lr=1.96e-06
2026-07-17 13:56:44,457 [INFO] trainer: epoch 479 step 100/135 loss=1.4523 lr=1.92e-06
2026-07-17 13:56:53,983 [INFO] trainer: epoch 479 done train_loss=1.4330 dt=37.8s
2026-07-17 13:57:08,608 [INFO] trainer: epoch 480 step 50/135 loss=1.4533 lr=1.87e-06
2026-07-17 13:57:22,252 [INFO] trainer: epoch 480 step 100/135 loss=1.4230 lr=1.84e-06
2026-07-17 13:57:31,784 [INFO] trainer: epoch 480 done train_loss=1.4306 dt=37.8s
2026-07-17 13:57:46,990 [INFO] trainer: epoch 481 step 50/135 loss=1.4654 lr=1.79e-06
2026-07-17 13:58:00,681 [INFO] trainer: epoch 481 step 100/135 loss=1.4779 lr=1.76e-06
2026-07-17 13:58:10,231 [INFO] trainer: epoch 481 done train_loss=1.4480 dt=38.1s
2026-07-17 13:58:24,659 [INFO] trainer: epoch 482 step 50/135 loss=1.4286 lr=1.71e-06
2026-07-17 13:58:38,276 [INFO] trainer: epoch 482 step 100/135 loss=1.4100 lr=1.68e-06
2026-07-17 13:58:47,808 [INFO] trainer: epoch 482 done train_loss=1.4141 dt=37.6s
2026-07-17 13:59:02,565 [INFO] trainer: epoch 483 step 50/135 loss=1.4568 lr=1.64e-06
2026-07-17 13:59:16,176 [INFO] trainer: epoch 483 step 100/135 loss=1.4266 lr=1.61e-06
2026-07-17 13:59:25,706 [INFO] trainer: epoch 483 done train_loss=1.4401 dt=37.9s
2026-07-17 13:59:40,455 [INFO] trainer: epoch 484 step 50/135 loss=1.4221 lr=1.57e-06
2026-07-17 13:59:54,112 [INFO] trainer: epoch 484 step 100/135 loss=1.4357 lr=1.54e-06
2026-07-17 14:00:03,652 [INFO] trainer: epoch 484 done train_loss=1.4349 dt=37.9s
2026-07-17 14:00:18,514 [INFO] trainer: epoch 485 step 50/135 loss=1.4212 lr=1.50e-06
2026-07-17 14:00:32,152 [INFO] trainer: epoch 485 step 100/135 loss=1.4417 lr=1.48e-06
2026-07-17 14:00:41,692 [INFO] trainer: epoch 485 done train_loss=1.4329 dt=38.0s
2026-07-17 14:00:56,174 [INFO] trainer: epoch 486 step 50/135 loss=1.4332 lr=1.44e-06
2026-07-17 14:01:09,828 [INFO] trainer: epoch 486 step 100/135 loss=1.4231 lr=1.42e-06
2026-07-17 14:01:19,378 [INFO] trainer: epoch 486 done train_loss=1.4356 dt=37.7s
2026-07-17 14:01:33,924 [INFO] trainer: epoch 487 step 50/135 loss=1.4602 lr=1.38e-06
2026-07-17 14:01:47,567 [INFO] trainer: epoch 487 step 100/135 loss=1.4457 lr=1.36e-06
2026-07-17 14:01:57,123 [INFO] trainer: epoch 487 done train_loss=1.4438 dt=37.7s
2026-07-17 14:02:11,706 [INFO] trainer: epoch 488 step 50/135 loss=1.4345 lr=1.33e-06
2026-07-17 14:02:25,327 [INFO] trainer: epoch 488 step 100/135 loss=1.4490 lr=1.31e-06
2026-07-17 14:02:34,865 [INFO] trainer: epoch 488 done train_loss=1.4484 dt=37.7s
2026-07-17 14:02:49,502 [INFO] trainer: epoch 489 step 50/135 loss=1.4662 lr=1.28e-06
2026-07-17 14:03:03,138 [INFO] trainer: epoch 489 step 100/135 loss=1.4174 lr=1.26e-06
2026-07-17 14:03:12,672 [INFO] trainer: epoch 489 done train_loss=1.4331 dt=37.8s
2026-07-17 14:03:27,159 [INFO] trainer: epoch 490 step 50/135 loss=1.4531 lr=1.23e-06
2026-07-17 14:03:40,794 [INFO] trainer: epoch 490 step 100/135 loss=1.4949 lr=1.22e-06
2026-07-17 14:03:50,333 [INFO] trainer: epoch 490 done train_loss=1.4509 dt=37.7s
2026-07-17 14:04:05,232 [INFO] trainer: epoch 491 step 50/135 loss=1.4225 lr=1.19e-06
2026-07-17 14:04:18,922 [INFO] trainer: epoch 491 step 100/135 loss=1.4330 lr=1.18e-06
2026-07-17 14:04:28,467 [INFO] trainer: epoch 491 done train_loss=1.4250 dt=37.7s
2026-07-17 14:04:43,153 [INFO] trainer: epoch 492 step 50/135 loss=1.4210 lr=1.15e-06
2026-07-17 14:04:56,781 [INFO] trainer: epoch 492 step 100/135 loss=1.4261 lr=1.14e-06
2026-07-17 14:05:06,329 [INFO] trainer: epoch 492 done train_loss=1.4255 dt=37.9s
2026-07-17 14:05:20,810 [INFO] trainer: epoch 493 step 50/135 loss=1.4281 lr=1.12e-06
2026-07-17 14:05:34,457 [INFO] trainer: epoch 493 step 100/135 loss=1.4348 lr=1.11e-06
2026-07-17 14:05:43,998 [INFO] trainer: epoch 493 done train_loss=1.4495 dt=37.7s
2026-07-17 14:05:58,450 [INFO] trainer: epoch 494 step 50/135 loss=1.4158 lr=1.09e-06
2026-07-17 14:06:12,091 [INFO] trainer: epoch 494 step 100/135 loss=1.4165 lr=1.08e-06
2026-07-17 14:06:21,651 [INFO] trainer: epoch 494 done train_loss=1.4130 dt=37.7s
2026-07-17 14:06:36,276 [INFO] trainer: epoch 495 step 50/135 loss=1.4431 lr=1.06e-06
2026-07-17 14:06:49,913 [INFO] trainer: epoch 495 step 100/135 loss=1.4291 lr=1.06e-06
2026-07-17 14:06:59,466 [INFO] trainer: epoch 495 done train_loss=1.4482 dt=37.8s
2026-07-17 14:07:13,973 [INFO] trainer: epoch 496 step 50/135 loss=1.5082 lr=1.04e-06
2026-07-17 14:07:27,607 [INFO] trainer: epoch 496 step 100/135 loss=1.3770 lr=1.04e-06
2026-07-17 14:07:37,149 [INFO] trainer: epoch 496 done train_loss=1.4436 dt=37.7s
2026-07-17 14:07:51,886 [INFO] trainer: epoch 497 step 50/135 loss=1.4186 lr=1.03e-06
2026-07-17 14:08:05,535 [INFO] trainer: epoch 497 step 100/135 loss=1.4746 lr=1.02e-06
2026-07-17 14:08:15,083 [INFO] trainer: epoch 497 done train_loss=1.4398 dt=37.9s
2026-07-17 14:08:29,846 [INFO] trainer: epoch 498 step 50/135 loss=1.4422 lr=1.01e-06
2026-07-17 14:08:43,506 [INFO] trainer: epoch 498 step 100/135 loss=1.4164 lr=1.01e-06
2026-07-17 14:08:53,078 [INFO] trainer: epoch 498 done train_loss=1.4368 dt=38.0s
2026-07-17 14:09:07,623 [INFO] trainer: epoch 499 step 50/135 loss=1.4431 lr=1.01e-06
2026-07-17 14:09:21,244 [INFO] trainer: epoch 499 step 100/135 loss=1.3805 lr=1.00e-06
2026-07-17 14:09:30,785 [INFO] trainer: epoch 499 done train_loss=1.4157 dt=37.7s
2026-07-17 14:09:45,239 [INFO] trainer: epoch 500 step 50/135 loss=1.4502 lr=1.00e-06
2026-07-17 14:09:58,918 [INFO] trainer: epoch 500 step 100/135 loss=1.4541 lr=1.00e-06
2026-07-17 14:10:08,485 [INFO] trainer: epoch 500 done train_loss=1.4465 dt=37.7s
2026-07-17 14:12:09,600 [INFO] trainer: epoch 500 val_mean_dice=0.6746
2026-07-17 14:12:10,535 [INFO] trainer: total time 21488.9 s, best dice 0.6746 (epochs 1-500 / 500)
