2026-07-17 07:57:48,986 [INFO] train: ========================================================================
2026-07-17 07:57:48,987 [INFO] train: model=voco_b config=configs/lowshot/ls_vocoB_frz_pt_f025.yaml
2026-07-17 07:57:48,987 [INFO] train: output=/scratch/lskrlj/runs/ls_vocoB_frz_pt_f025 device=cuda (NVIDIA A100-SXM4-40GB)
2026-07-17 07:57:48,987 [INFO] train: epochs=500 batch_size=2 grad_accum=2 eff_batch=4 lr=0.0002 amp=True
2026-07-17 07:57:48,987 [INFO] train: ========================================================================
2026-07-17 07:57:48,990 [INFO] train: splits: train=1082 val=57 classes=117
2026-07-17 07:57:48,990 [INFO] train: low-shot: train_fraction=0.2500 seed=1234 -> 270/1082 train cases
2026-07-17 07:57:49,344 [INFO] train: disk cache: /scratch/lskrlj/cache/TotalSeg/833d9d046402 (fingerprint=833d9d046402)
2026-07-17 07:58:12,636 [INFO] train: model voco_b, trainable params: 8965752 / 27603114 total (freeze_backbone=True)
2026-07-17 07:58:14,256 [WARNING] trainer: --resume set but no checkpoint found in /scratch/lskrlj/runs/ls_vocoB_frz_pt_f025; starting fresh
2026-07-17 07:58:14,257 [INFO] trainer: start: epochs 1-500/500 device=cuda amp=bf16 train_batches=135 val_batches=57
2026-07-17 07:58:29,679 [INFO] trainer: epoch 1 step 50/135 loss=10.3191 lr=7.35e-06
2026-07-17 07:58:42,889 [INFO] trainer: epoch 1 step 100/135 loss=9.8564 lr=1.47e-05
2026-07-17 07:58:52,133 [INFO] trainer: epoch 1 done train_loss=9.8690 dt=37.9s
2026-07-17 07:59:06,560 [INFO] trainer: epoch 2 step 50/135 loss=8.7210 lr=2.74e-05
2026-07-17 07:59:19,821 [INFO] trainer: epoch 2 step 100/135 loss=8.1744 lr=3.47e-05
2026-07-17 07:59:29,094 [INFO] trainer: epoch 2 done train_loss=8.2672 dt=37.0s
2026-07-17 07:59:43,336 [INFO] trainer: epoch 3 step 50/135 loss=7.4249 lr=4.74e-05
2026-07-17 07:59:56,631 [INFO] trainer: epoch 3 step 100/135 loss=7.1366 lr=5.47e-05
2026-07-17 08:00:05,907 [INFO] trainer: epoch 3 done train_loss=7.1624 dt=36.8s
2026-07-17 08:00:21,059 [INFO] trainer: epoch 4 step 50/135 loss=6.5416 lr=6.74e-05
2026-07-17 08:00:34,319 [INFO] trainer: epoch 4 step 100/135 loss=6.3382 lr=7.47e-05
2026-07-17 08:00:43,590 [INFO] trainer: epoch 4 done train_loss=6.3425 dt=37.7s
2026-07-17 08:00:57,768 [INFO] trainer: epoch 5 step 50/135 loss=5.8226 lr=8.74e-05
2026-07-17 08:01:11,056 [INFO] trainer: epoch 5 step 100/135 loss=5.5895 lr=9.47e-05
2026-07-17 08:01:20,340 [INFO] trainer: epoch 5 done train_loss=5.6152 dt=36.7s
2026-07-17 08:01:34,400 [INFO] trainer: epoch 6 step 50/135 loss=5.1373 lr=1.07e-04
2026-07-17 08:01:47,678 [INFO] trainer: epoch 6 step 100/135 loss=5.0034 lr=1.15e-04
2026-07-17 08:01:56,965 [INFO] trainer: epoch 6 done train_loss=4.9921 dt=36.6s
2026-07-17 08:02:10,961 [INFO] trainer: epoch 7 step 50/135 loss=4.5963 lr=1.27e-04
2026-07-17 08:02:24,236 [INFO] trainer: epoch 7 step 100/135 loss=4.4203 lr=1.35e-04
2026-07-17 08:02:33,533 [INFO] trainer: epoch 7 done train_loss=4.4372 dt=36.6s
2026-07-17 08:02:47,690 [INFO] trainer: epoch 8 step 50/135 loss=4.1485 lr=1.47e-04
2026-07-17 08:03:00,996 [INFO] trainer: epoch 8 step 100/135 loss=3.9501 lr=1.55e-04
2026-07-17 08:03:10,291 [INFO] trainer: epoch 8 done train_loss=3.9685 dt=36.8s
2026-07-17 08:03:24,368 [INFO] trainer: epoch 9 step 50/135 loss=3.6677 lr=1.67e-04
2026-07-17 08:03:37,658 [INFO] trainer: epoch 9 step 100/135 loss=3.5759 lr=1.75e-04
2026-07-17 08:03:46,942 [INFO] trainer: epoch 9 done train_loss=3.5672 dt=36.7s
2026-07-17 08:04:01,036 [INFO] trainer: epoch 10 step 50/135 loss=3.3598 lr=1.87e-04
2026-07-17 08:04:14,318 [INFO] trainer: epoch 10 step 100/135 loss=3.2792 lr=1.95e-04
2026-07-17 08:04:23,604 [INFO] trainer: epoch 10 done train_loss=3.3023 dt=36.7s
2026-07-17 08:04:37,954 [INFO] trainer: epoch 11 step 50/135 loss=3.1813 lr=2.00e-04
2026-07-17 08:04:51,368 [INFO] trainer: epoch 11 step 100/135 loss=3.0700 lr=2.00e-04
2026-07-17 08:05:00,649 [INFO] trainer: epoch 11 done train_loss=3.1083 dt=36.8s
2026-07-17 08:05:14,650 [INFO] trainer: epoch 12 step 50/135 loss=2.9405 lr=2.00e-04
2026-07-17 08:05:27,933 [INFO] trainer: epoch 12 step 100/135 loss=2.9038 lr=2.00e-04
2026-07-17 08:05:37,212 [INFO] trainer: epoch 12 done train_loss=2.9245 dt=36.6s
2026-07-17 08:05:51,350 [INFO] trainer: epoch 13 step 50/135 loss=2.8342 lr=2.00e-04
2026-07-17 08:06:04,634 [INFO] trainer: epoch 13 step 100/135 loss=2.8264 lr=2.00e-04
2026-07-17 08:06:13,922 [INFO] trainer: epoch 13 done train_loss=2.8181 dt=36.7s
2026-07-17 08:06:28,093 [INFO] trainer: epoch 14 step 50/135 loss=2.7132 lr=2.00e-04
2026-07-17 08:06:41,382 [INFO] trainer: epoch 14 step 100/135 loss=2.7178 lr=2.00e-04
2026-07-17 08:06:50,660 [INFO] trainer: epoch 14 done train_loss=2.7135 dt=36.7s
2026-07-17 08:07:04,743 [INFO] trainer: epoch 15 step 50/135 loss=2.6529 lr=2.00e-04
2026-07-17 08:07:18,042 [INFO] trainer: epoch 15 step 100/135 loss=2.6388 lr=2.00e-04
2026-07-17 08:07:27,341 [INFO] trainer: epoch 15 done train_loss=2.6374 dt=36.7s
2026-07-17 08:07:41,420 [INFO] trainer: epoch 16 step 50/135 loss=2.5419 lr=2.00e-04
2026-07-17 08:07:54,707 [INFO] trainer: epoch 16 step 100/135 loss=2.5726 lr=2.00e-04
2026-07-17 08:08:03,984 [INFO] trainer: epoch 16 done train_loss=2.5502 dt=36.6s
2026-07-17 08:08:18,016 [INFO] trainer: epoch 17 step 50/135 loss=2.4965 lr=2.00e-04
2026-07-17 08:08:31,293 [INFO] trainer: epoch 17 step 100/135 loss=2.4848 lr=2.00e-04
2026-07-17 08:08:40,565 [INFO] trainer: epoch 17 done train_loss=2.4737 dt=36.6s
2026-07-17 08:08:54,572 [INFO] trainer: epoch 18 step 50/135 loss=2.4255 lr=2.00e-04
2026-07-17 08:09:07,849 [INFO] trainer: epoch 18 step 100/135 loss=2.4065 lr=2.00e-04
2026-07-17 08:09:17,126 [INFO] trainer: epoch 18 done train_loss=2.4274 dt=36.6s
2026-07-17 08:09:31,119 [INFO] trainer: epoch 19 step 50/135 loss=2.3587 lr=2.00e-04
2026-07-17 08:09:44,423 [INFO] trainer: epoch 19 step 100/135 loss=2.3518 lr=2.00e-04
2026-07-17 08:09:53,713 [INFO] trainer: epoch 19 done train_loss=2.3418 dt=36.6s
2026-07-17 08:10:07,784 [INFO] trainer: epoch 20 step 50/135 loss=2.3329 lr=2.00e-04
2026-07-17 08:10:21,071 [INFO] trainer: epoch 20 step 100/135 loss=2.2872 lr=2.00e-04
2026-07-17 08:10:30,363 [INFO] trainer: epoch 20 done train_loss=2.2966 dt=36.6s
2026-07-17 08:10:44,673 [INFO] trainer: epoch 21 step 50/135 loss=2.2939 lr=2.00e-04
2026-07-17 08:10:57,951 [INFO] trainer: epoch 21 step 100/135 loss=2.2206 lr=2.00e-04
2026-07-17 08:11:07,226 [INFO] trainer: epoch 21 done train_loss=2.2485 dt=36.6s
2026-07-17 08:11:21,359 [INFO] trainer: epoch 22 step 50/135 loss=2.2354 lr=2.00e-04
2026-07-17 08:11:34,659 [INFO] trainer: epoch 22 step 100/135 loss=2.1782 lr=2.00e-04
2026-07-17 08:11:43,936 [INFO] trainer: epoch 22 done train_loss=2.2059 dt=36.7s
2026-07-17 08:11:58,102 [INFO] trainer: epoch 23 step 50/135 loss=2.1994 lr=2.00e-04
2026-07-17 08:12:11,386 [INFO] trainer: epoch 23 step 100/135 loss=2.1838 lr=2.00e-04
2026-07-17 08:12:20,662 [INFO] trainer: epoch 23 done train_loss=2.1793 dt=36.7s
2026-07-17 08:12:35,020 [INFO] trainer: epoch 24 step 50/135 loss=2.1026 lr=2.00e-04
2026-07-17 08:12:48,320 [INFO] trainer: epoch 24 step 100/135 loss=2.1111 lr=2.00e-04
2026-07-17 08:12:57,606 [INFO] trainer: epoch 24 done train_loss=2.1015 dt=36.9s
2026-07-17 08:13:11,635 [INFO] trainer: epoch 25 step 50/135 loss=2.0545 lr=2.00e-04
2026-07-17 08:13:24,927 [INFO] trainer: epoch 25 step 100/135 loss=2.0802 lr=2.00e-04
2026-07-17 08:13:34,222 [INFO] trainer: epoch 25 done train_loss=2.0718 dt=36.6s
2026-07-17 08:15:00,772 [INFO] trainer: epoch 25 val_mean_dice=0.3094
2026-07-17 08:15:15,217 [INFO] trainer: epoch 26 step 50/135 loss=2.0424 lr=2.00e-04
2026-07-17 08:15:28,482 [INFO] trainer: epoch 26 step 100/135 loss=2.0264 lr=1.99e-04
2026-07-17 08:15:37,754 [INFO] trainer: epoch 26 done train_loss=2.0378 dt=36.7s
2026-07-17 08:15:52,076 [INFO] trainer: epoch 27 step 50/135 loss=2.0074 lr=1.99e-04
2026-07-17 08:16:05,337 [INFO] trainer: epoch 27 step 100/135 loss=1.9947 lr=1.99e-04
2026-07-17 08:16:14,610 [INFO] trainer: epoch 27 done train_loss=2.0004 dt=36.9s
2026-07-17 08:16:28,819 [INFO] trainer: epoch 28 step 50/135 loss=1.9808 lr=1.99e-04
2026-07-17 08:16:42,096 [INFO] trainer: epoch 28 step 100/135 loss=1.9986 lr=1.99e-04
2026-07-17 08:16:51,372 [INFO] trainer: epoch 28 done train_loss=1.9820 dt=36.8s
2026-07-17 08:17:05,403 [INFO] trainer: epoch 29 step 50/135 loss=1.9127 lr=1.99e-04
2026-07-17 08:17:18,672 [INFO] trainer: epoch 29 step 100/135 loss=1.9627 lr=1.99e-04
2026-07-17 08:17:27,954 [INFO] trainer: epoch 29 done train_loss=1.9300 dt=36.6s
2026-07-17 08:17:42,010 [INFO] trainer: epoch 30 step 50/135 loss=1.9181 lr=1.99e-04
2026-07-17 08:17:55,270 [INFO] trainer: epoch 30 step 100/135 loss=1.8690 lr=1.99e-04
2026-07-17 08:18:04,550 [INFO] trainer: epoch 30 done train_loss=1.8942 dt=36.6s
2026-07-17 08:18:18,943 [INFO] trainer: epoch 31 step 50/135 loss=1.8497 lr=1.99e-04
2026-07-17 08:18:32,213 [INFO] trainer: epoch 31 step 100/135 loss=1.8702 lr=1.99e-04
2026-07-17 08:18:41,494 [INFO] trainer: epoch 31 done train_loss=1.8563 dt=36.6s
2026-07-17 08:18:55,525 [INFO] trainer: epoch 32 step 50/135 loss=1.8790 lr=1.99e-04
2026-07-17 08:19:08,786 [INFO] trainer: epoch 32 step 100/135 loss=1.7820 lr=1.99e-04
2026-07-17 08:19:18,060 [INFO] trainer: epoch 32 done train_loss=1.8226 dt=36.6s
2026-07-17 08:19:32,139 [INFO] trainer: epoch 33 step 50/135 loss=1.7888 lr=1.99e-04
2026-07-17 08:19:45,413 [INFO] trainer: epoch 33 step 100/135 loss=1.8337 lr=1.99e-04
2026-07-17 08:19:54,694 [INFO] trainer: epoch 33 done train_loss=1.8205 dt=36.6s
2026-07-17 08:20:08,890 [INFO] trainer: epoch 34 step 50/135 loss=1.7611 lr=1.99e-04
2026-07-17 08:20:22,159 [INFO] trainer: epoch 34 step 100/135 loss=1.7798 lr=1.99e-04
2026-07-17 08:20:31,437 [INFO] trainer: epoch 34 done train_loss=1.7675 dt=36.7s
2026-07-17 08:20:45,503 [INFO] trainer: epoch 35 step 50/135 loss=1.7117 lr=1.99e-04
2026-07-17 08:20:58,779 [INFO] trainer: epoch 35 step 100/135 loss=1.7393 lr=1.99e-04
2026-07-17 08:21:08,059 [INFO] trainer: epoch 35 done train_loss=1.7368 dt=36.6s
2026-07-17 08:21:22,355 [INFO] trainer: epoch 36 step 50/135 loss=1.7468 lr=1.99e-04
2026-07-17 08:21:35,638 [INFO] trainer: epoch 36 step 100/135 loss=1.7253 lr=1.99e-04
2026-07-17 08:21:44,928 [INFO] trainer: epoch 36 done train_loss=1.7382 dt=36.9s
2026-07-17 08:21:59,023 [INFO] trainer: epoch 37 step 50/135 loss=1.7174 lr=1.99e-04
2026-07-17 08:22:12,289 [INFO] trainer: epoch 37 step 100/135 loss=1.6834 lr=1.99e-04
2026-07-17 08:22:21,570 [INFO] trainer: epoch 37 done train_loss=1.7094 dt=36.6s
2026-07-17 08:22:35,709 [INFO] trainer: epoch 38 step 50/135 loss=1.6718 lr=1.98e-04
2026-07-17 08:22:49,006 [INFO] trainer: epoch 38 step 100/135 loss=1.7124 lr=1.98e-04
2026-07-17 08:22:58,306 [INFO] trainer: epoch 38 done train_loss=1.6925 dt=36.7s
2026-07-17 08:23:12,387 [INFO] trainer: epoch 39 step 50/135 loss=1.6500 lr=1.98e-04
2026-07-17 08:23:25,674 [INFO] trainer: epoch 39 step 100/135 loss=1.6924 lr=1.98e-04
2026-07-17 08:23:34,963 [INFO] trainer: epoch 39 done train_loss=1.6844 dt=36.7s
2026-07-17 08:23:49,052 [INFO] trainer: epoch 40 step 50/135 loss=1.6754 lr=1.98e-04
2026-07-17 08:24:02,337 [INFO] trainer: epoch 40 step 100/135 loss=1.6344 lr=1.98e-04
2026-07-17 08:24:11,628 [INFO] trainer: epoch 40 done train_loss=1.6473 dt=36.7s
2026-07-17 08:24:25,888 [INFO] trainer: epoch 41 step 50/135 loss=1.6217 lr=1.98e-04
2026-07-17 08:24:39,168 [INFO] trainer: epoch 41 step 100/135 loss=1.6578 lr=1.98e-04
2026-07-17 08:24:48,452 [INFO] trainer: epoch 41 done train_loss=1.6304 dt=36.5s
2026-07-17 08:25:02,623 [INFO] trainer: epoch 42 step 50/135 loss=1.6318 lr=1.98e-04
2026-07-17 08:25:15,917 [INFO] trainer: epoch 42 step 100/135 loss=1.6168 lr=1.98e-04
2026-07-17 08:25:25,207 [INFO] trainer: epoch 42 done train_loss=1.6295 dt=36.8s
2026-07-17 08:25:39,512 [INFO] trainer: epoch 43 step 50/135 loss=1.6125 lr=1.98e-04
2026-07-17 08:25:52,798 [INFO] trainer: epoch 43 step 100/135 loss=1.6230 lr=1.98e-04
2026-07-17 08:26:02,082 [INFO] trainer: epoch 43 done train_loss=1.6080 dt=36.9s
2026-07-17 08:26:16,111 [INFO] trainer: epoch 44 step 50/135 loss=1.5763 lr=1.98e-04
2026-07-17 08:26:29,391 [INFO] trainer: epoch 44 step 100/135 loss=1.5530 lr=1.98e-04
2026-07-17 08:26:38,680 [INFO] trainer: epoch 44 done train_loss=1.5715 dt=36.6s
2026-07-17 08:26:52,858 [INFO] trainer: epoch 45 step 50/135 loss=1.5743 lr=1.98e-04
2026-07-17 08:27:06,130 [INFO] trainer: epoch 45 step 100/135 loss=1.5836 lr=1.98e-04
2026-07-17 08:27:15,417 [INFO] trainer: epoch 45 done train_loss=1.5716 dt=36.7s
2026-07-17 08:27:29,322 [INFO] trainer: epoch 46 step 50/135 loss=1.5461 lr=1.97e-04
2026-07-17 08:27:42,598 [INFO] trainer: epoch 46 step 100/135 loss=1.5858 lr=1.97e-04
2026-07-17 08:27:51,883 [INFO] trainer: epoch 46 done train_loss=1.5649 dt=36.5s
2026-07-17 08:28:06,083 [INFO] trainer: epoch 47 step 50/135 loss=1.5850 lr=1.97e-04
2026-07-17 08:28:19,362 [INFO] trainer: epoch 47 step 100/135 loss=1.5433 lr=1.97e-04
2026-07-17 08:28:28,650 [INFO] trainer: epoch 47 done train_loss=1.5763 dt=36.8s
2026-07-17 08:28:43,029 [INFO] trainer: epoch 48 step 50/135 loss=1.5682 lr=1.97e-04
2026-07-17 08:28:56,295 [INFO] trainer: epoch 48 step 100/135 loss=1.5434 lr=1.97e-04
2026-07-17 08:29:05,573 [INFO] trainer: epoch 48 done train_loss=1.5517 dt=36.9s
2026-07-17 08:29:19,641 [INFO] trainer: epoch 49 step 50/135 loss=1.5683 lr=1.97e-04
2026-07-17 08:29:32,917 [INFO] trainer: epoch 49 step 100/135 loss=1.5660 lr=1.97e-04
2026-07-17 08:29:42,211 [INFO] trainer: epoch 49 done train_loss=1.5707 dt=36.6s
2026-07-17 08:29:56,382 [INFO] trainer: epoch 50 step 50/135 loss=1.5393 lr=1.97e-04
2026-07-17 08:30:09,663 [INFO] trainer: epoch 50 step 100/135 loss=1.5400 lr=1.97e-04
2026-07-17 08:30:18,952 [INFO] trainer: epoch 50 done train_loss=1.5397 dt=36.7s
2026-07-17 08:31:41,072 [INFO] trainer: epoch 50 val_mean_dice=0.6854
2026-07-17 08:31:55,894 [INFO] trainer: epoch 51 step 50/135 loss=1.5156 lr=1.97e-04
2026-07-17 08:32:09,190 [INFO] trainer: epoch 51 step 100/135 loss=1.5784 lr=1.97e-04
2026-07-17 08:32:18,485 [INFO] trainer: epoch 51 done train_loss=1.5484 dt=36.7s
2026-07-17 08:32:32,638 [INFO] trainer: epoch 52 step 50/135 loss=1.5457 lr=1.97e-04
2026-07-17 08:32:45,932 [INFO] trainer: epoch 52 step 100/135 loss=1.5224 lr=1.96e-04
2026-07-17 08:32:55,239 [INFO] trainer: epoch 52 done train_loss=1.5340 dt=36.8s
2026-07-17 08:33:09,419 [INFO] trainer: epoch 53 step 50/135 loss=1.5309 lr=1.96e-04
2026-07-17 08:33:22,711 [INFO] trainer: epoch 53 step 100/135 loss=1.4524 lr=1.96e-04
2026-07-17 08:33:32,002 [INFO] trainer: epoch 53 done train_loss=1.5040 dt=36.8s
2026-07-17 08:33:46,196 [INFO] trainer: epoch 54 step 50/135 loss=1.5537 lr=1.96e-04
2026-07-17 08:33:59,517 [INFO] trainer: epoch 54 step 100/135 loss=1.5180 lr=1.96e-04
2026-07-17 08:34:08,807 [INFO] trainer: epoch 54 done train_loss=1.5306 dt=36.8s
2026-07-17 08:34:22,903 [INFO] trainer: epoch 55 step 50/135 loss=1.5036 lr=1.96e-04
2026-07-17 08:34:36,198 [INFO] trainer: epoch 55 step 100/135 loss=1.5193 lr=1.96e-04
2026-07-17 08:34:45,492 [INFO] trainer: epoch 55 done train_loss=1.5180 dt=36.7s
2026-07-17 08:34:59,866 [INFO] trainer: epoch 56 step 50/135 loss=1.5451 lr=1.96e-04
2026-07-17 08:35:13,164 [INFO] trainer: epoch 56 step 100/135 loss=1.4830 lr=1.96e-04
2026-07-17 08:35:22,455 [INFO] trainer: epoch 56 done train_loss=1.4929 dt=37.0s
2026-07-17 08:35:36,473 [INFO] trainer: epoch 57 step 50/135 loss=1.4922 lr=1.96e-04
2026-07-17 08:35:49,766 [INFO] trainer: epoch 57 step 100/135 loss=1.4614 lr=1.96e-04
2026-07-17 08:35:59,068 [INFO] trainer: epoch 57 done train_loss=1.4947 dt=36.6s
2026-07-17 08:36:13,253 [INFO] trainer: epoch 58 step 50/135 loss=1.4907 lr=1.95e-04
2026-07-17 08:36:26,548 [INFO] trainer: epoch 58 step 100/135 loss=1.5481 lr=1.95e-04
2026-07-17 08:36:35,836 [INFO] trainer: epoch 58 done train_loss=1.5101 dt=36.8s
2026-07-17 08:36:49,948 [INFO] trainer: epoch 59 step 50/135 loss=1.4946 lr=1.95e-04
2026-07-17 08:37:03,251 [INFO] trainer: epoch 59 step 100/135 loss=1.4843 lr=1.95e-04
2026-07-17 08:37:12,547 [INFO] trainer: epoch 59 done train_loss=1.4881 dt=36.7s
2026-07-17 08:37:26,614 [INFO] trainer: epoch 60 step 50/135 loss=1.4872 lr=1.95e-04
2026-07-17 08:37:39,922 [INFO] trainer: epoch 60 step 100/135 loss=1.5047 lr=1.95e-04
2026-07-17 08:37:49,223 [INFO] trainer: epoch 60 done train_loss=1.4909 dt=36.7s
2026-07-17 08:38:03,773 [INFO] trainer: epoch 61 step 50/135 loss=1.4951 lr=1.95e-04
2026-07-17 08:38:17,053 [INFO] trainer: epoch 61 step 100/135 loss=1.4399 lr=1.95e-04
2026-07-17 08:38:26,341 [INFO] trainer: epoch 61 done train_loss=1.4525 dt=36.8s
2026-07-17 08:38:40,345 [INFO] trainer: epoch 62 step 50/135 loss=1.4847 lr=1.95e-04
2026-07-17 08:38:53,617 [INFO] trainer: epoch 62 step 100/135 loss=1.4739 lr=1.95e-04
2026-07-17 08:39:02,914 [INFO] trainer: epoch 62 done train_loss=1.4715 dt=36.6s
2026-07-17 08:39:17,157 [INFO] trainer: epoch 63 step 50/135 loss=1.4557 lr=1.94e-04
2026-07-17 08:39:30,450 [INFO] trainer: epoch 63 step 100/135 loss=1.4661 lr=1.94e-04
2026-07-17 08:39:39,738 [INFO] trainer: epoch 63 done train_loss=1.4613 dt=36.8s
2026-07-17 08:39:53,771 [INFO] trainer: epoch 64 step 50/135 loss=1.4799 lr=1.94e-04
2026-07-17 08:40:07,075 [INFO] trainer: epoch 64 step 100/135 loss=1.4745 lr=1.94e-04
2026-07-17 08:40:16,366 [INFO] trainer: epoch 64 done train_loss=1.4709 dt=36.6s
2026-07-17 08:40:30,687 [INFO] trainer: epoch 65 step 50/135 loss=1.4510 lr=1.94e-04
2026-07-17 08:40:43,959 [INFO] trainer: epoch 65 step 100/135 loss=1.4854 lr=1.94e-04
2026-07-17 08:40:53,237 [INFO] trainer: epoch 65 done train_loss=1.4766 dt=36.9s
2026-07-17 08:41:07,468 [INFO] trainer: epoch 66 step 50/135 loss=1.4788 lr=1.94e-04
2026-07-17 08:41:20,762 [INFO] trainer: epoch 66 step 100/135 loss=1.4952 lr=1.94e-04
2026-07-17 08:41:30,053 [INFO] trainer: epoch 66 done train_loss=1.4700 dt=36.8s
2026-07-17 08:41:44,139 [INFO] trainer: epoch 67 step 50/135 loss=1.4173 lr=1.94e-04
2026-07-17 08:41:57,450 [INFO] trainer: epoch 67 step 100/135 loss=1.4694 lr=1.93e-04
2026-07-17 08:42:06,751 [INFO] trainer: epoch 67 done train_loss=1.4623 dt=36.7s
2026-07-17 08:42:20,957 [INFO] trainer: epoch 68 step 50/135 loss=1.4765 lr=1.93e-04
2026-07-17 08:42:34,242 [INFO] trainer: epoch 68 step 100/135 loss=1.4042 lr=1.93e-04
2026-07-17 08:42:43,525 [INFO] trainer: epoch 68 done train_loss=1.4491 dt=36.8s
2026-07-17 08:42:57,736 [INFO] trainer: epoch 69 step 50/135 loss=1.4582 lr=1.93e-04
2026-07-17 08:43:11,043 [INFO] trainer: epoch 69 step 100/135 loss=1.4778 lr=1.93e-04
2026-07-17 08:43:20,342 [INFO] trainer: epoch 69 done train_loss=1.4674 dt=36.8s
2026-07-17 08:43:34,708 [INFO] trainer: epoch 70 step 50/135 loss=1.5079 lr=1.93e-04
2026-07-17 08:43:48,005 [INFO] trainer: epoch 70 step 100/135 loss=1.4935 lr=1.93e-04
2026-07-17 08:43:57,300 [INFO] trainer: epoch 70 done train_loss=1.4737 dt=37.0s
2026-07-17 08:44:11,892 [INFO] trainer: epoch 71 step 50/135 loss=1.4597 lr=1.93e-04
2026-07-17 08:44:25,185 [INFO] trainer: epoch 71 step 100/135 loss=1.4270 lr=1.93e-04
2026-07-17 08:44:34,467 [INFO] trainer: epoch 71 done train_loss=1.4273 dt=36.8s
2026-07-17 08:44:48,563 [INFO] trainer: epoch 72 step 50/135 loss=1.4506 lr=1.92e-04
2026-07-17 08:45:01,848 [INFO] trainer: epoch 72 step 100/135 loss=1.4103 lr=1.92e-04
2026-07-17 08:45:11,142 [INFO] trainer: epoch 72 done train_loss=1.4190 dt=36.7s
2026-07-17 08:45:25,323 [INFO] trainer: epoch 73 step 50/135 loss=1.4108 lr=1.92e-04
2026-07-17 08:45:38,625 [INFO] trainer: epoch 73 step 100/135 loss=1.4900 lr=1.92e-04
2026-07-17 08:45:47,921 [INFO] trainer: epoch 73 done train_loss=1.4583 dt=36.8s
2026-07-17 08:46:02,105 [INFO] trainer: epoch 74 step 50/135 loss=1.3876 lr=1.92e-04
2026-07-17 08:46:15,401 [INFO] trainer: epoch 74 step 100/135 loss=1.4339 lr=1.92e-04
2026-07-17 08:46:24,693 [INFO] trainer: epoch 74 done train_loss=1.4196 dt=36.8s
2026-07-17 08:46:38,879 [INFO] trainer: epoch 75 step 50/135 loss=1.4775 lr=1.92e-04
2026-07-17 08:46:52,179 [INFO] trainer: epoch 75 step 100/135 loss=1.3948 lr=1.92e-04
2026-07-17 08:47:01,468 [INFO] trainer: epoch 75 done train_loss=1.4395 dt=36.8s
2026-07-17 08:48:23,741 [INFO] trainer: epoch 75 val_mean_dice=0.7315
2026-07-17 08:48:38,187 [INFO] trainer: epoch 76 step 50/135 loss=1.4572 lr=1.91e-04
2026-07-17 08:48:51,470 [INFO] trainer: epoch 76 step 100/135 loss=1.4178 lr=1.91e-04
2026-07-17 08:49:00,754 [INFO] trainer: epoch 76 done train_loss=1.4320 dt=36.7s
2026-07-17 08:49:14,904 [INFO] trainer: epoch 77 step 50/135 loss=1.3949 lr=1.91e-04
2026-07-17 08:49:28,184 [INFO] trainer: epoch 77 step 100/135 loss=1.3775 lr=1.91e-04
2026-07-17 08:49:37,475 [INFO] trainer: epoch 77 done train_loss=1.4069 dt=36.7s
2026-07-17 08:49:51,529 [INFO] trainer: epoch 78 step 50/135 loss=1.3520 lr=1.91e-04
2026-07-17 08:50:04,817 [INFO] trainer: epoch 78 step 100/135 loss=1.4563 lr=1.91e-04
2026-07-17 08:50:14,105 [INFO] trainer: epoch 78 done train_loss=1.4064 dt=36.6s
2026-07-17 08:50:28,307 [INFO] trainer: epoch 79 step 50/135 loss=1.3992 lr=1.91e-04
2026-07-17 08:50:41,602 [INFO] trainer: epoch 79 step 100/135 loss=1.4203 lr=1.90e-04
2026-07-17 08:50:50,908 [INFO] trainer: epoch 79 done train_loss=1.4241 dt=36.8s
2026-07-17 08:51:05,008 [INFO] trainer: epoch 80 step 50/135 loss=1.4155 lr=1.90e-04
2026-07-17 08:51:18,306 [INFO] trainer: epoch 80 step 100/135 loss=1.4477 lr=1.90e-04
2026-07-17 08:51:27,602 [INFO] trainer: epoch 80 done train_loss=1.4207 dt=36.7s
2026-07-17 08:51:42,171 [INFO] trainer: epoch 81 step 50/135 loss=1.4335 lr=1.90e-04
2026-07-17 08:51:55,462 [INFO] trainer: epoch 81 step 100/135 loss=1.3697 lr=1.90e-04
2026-07-17 08:52:04,752 [INFO] trainer: epoch 81 done train_loss=1.4076 dt=36.9s
2026-07-17 08:52:19,035 [INFO] trainer: epoch 82 step 50/135 loss=1.4322 lr=1.90e-04
2026-07-17 08:52:32,321 [INFO] trainer: epoch 82 step 100/135 loss=1.3743 lr=1.90e-04
2026-07-17 08:52:41,609 [INFO] trainer: epoch 82 done train_loss=1.3916 dt=36.9s
2026-07-17 08:52:55,692 [INFO] trainer: epoch 83 step 50/135 loss=1.4289 lr=1.89e-04
2026-07-17 08:53:08,977 [INFO] trainer: epoch 83 step 100/135 loss=1.3878 lr=1.89e-04
2026-07-17 08:53:18,281 [INFO] trainer: epoch 83 done train_loss=1.4111 dt=36.7s
2026-07-17 08:53:32,287 [INFO] trainer: epoch 84 step 50/135 loss=1.4418 lr=1.89e-04
2026-07-17 08:53:45,585 [INFO] trainer: epoch 84 step 100/135 loss=1.4074 lr=1.89e-04
2026-07-17 08:53:54,872 [INFO] trainer: epoch 84 done train_loss=1.4307 dt=36.6s
2026-07-17 08:54:08,895 [INFO] trainer: epoch 85 step 50/135 loss=1.4340 lr=1.89e-04
2026-07-17 08:54:22,205 [INFO] trainer: epoch 85 step 100/135 loss=1.3970 lr=1.89e-04
2026-07-17 08:54:31,497 [INFO] trainer: epoch 85 done train_loss=1.4099 dt=36.6s
2026-07-17 08:54:45,694 [INFO] trainer: epoch 86 step 50/135 loss=1.3416 lr=1.89e-04
2026-07-17 08:54:58,972 [INFO] trainer: epoch 86 step 100/135 loss=1.3974 lr=1.88e-04
2026-07-17 08:55:08,256 [INFO] trainer: epoch 86 done train_loss=1.3814 dt=36.8s
2026-07-17 08:55:22,378 [INFO] trainer: epoch 87 step 50/135 loss=1.3844 lr=1.88e-04
2026-07-17 08:55:35,664 [INFO] trainer: epoch 87 step 100/135 loss=1.3811 lr=1.88e-04
2026-07-17 08:55:44,952 [INFO] trainer: epoch 87 done train_loss=1.3966 dt=36.7s
2026-07-17 08:55:59,201 [INFO] trainer: epoch 88 step 50/135 loss=1.4411 lr=1.88e-04
2026-07-17 08:56:12,488 [INFO] trainer: epoch 88 step 100/135 loss=1.4086 lr=1.88e-04
2026-07-17 08:56:21,785 [INFO] trainer: epoch 88 done train_loss=1.4025 dt=36.8s
2026-07-17 08:56:36,022 [INFO] trainer: epoch 89 step 50/135 loss=1.3680 lr=1.88e-04
2026-07-17 08:56:49,317 [INFO] trainer: epoch 89 step 100/135 loss=1.4038 lr=1.88e-04
2026-07-17 08:56:58,605 [INFO] trainer: epoch 89 done train_loss=1.3833 dt=36.8s
2026-07-17 08:57:12,778 [INFO] trainer: epoch 90 step 50/135 loss=1.3569 lr=1.87e-04
2026-07-17 08:57:26,073 [INFO] trainer: epoch 90 step 100/135 loss=1.3768 lr=1.87e-04
2026-07-17 08:57:35,362 [INFO] trainer: epoch 90 done train_loss=1.3706 dt=36.8s
2026-07-17 08:57:49,715 [INFO] trainer: epoch 91 step 50/135 loss=1.3618 lr=1.87e-04
2026-07-17 08:58:03,013 [INFO] trainer: epoch 91 step 100/135 loss=1.4162 lr=1.87e-04
2026-07-17 08:58:12,304 [INFO] trainer: epoch 91 done train_loss=1.3850 dt=36.6s
2026-07-17 08:58:26,508 [INFO] trainer: epoch 92 step 50/135 loss=1.3783 lr=1.87e-04
2026-07-17 08:58:39,801 [INFO] trainer: epoch 92 step 100/135 loss=1.3762 lr=1.87e-04
2026-07-17 08:58:49,097 [INFO] trainer: epoch 92 done train_loss=1.3800 dt=36.8s
2026-07-17 08:59:03,206 [INFO] trainer: epoch 93 step 50/135 loss=1.3447 lr=1.86e-04
2026-07-17 08:59:16,499 [INFO] trainer: epoch 93 step 100/135 loss=1.4142 lr=1.86e-04
2026-07-17 08:59:25,798 [INFO] trainer: epoch 93 done train_loss=1.3975 dt=36.7s
2026-07-17 08:59:40,106 [INFO] trainer: epoch 94 step 50/135 loss=1.3763 lr=1.86e-04
2026-07-17 08:59:53,402 [INFO] trainer: epoch 94 step 100/135 loss=1.3882 lr=1.86e-04
2026-07-17 09:00:02,692 [INFO] trainer: epoch 94 done train_loss=1.3871 dt=36.9s
2026-07-17 09:00:16,708 [INFO] trainer: epoch 95 step 50/135 loss=1.4331 lr=1.86e-04
2026-07-17 09:00:30,002 [INFO] trainer: epoch 95 step 100/135 loss=1.3833 lr=1.86e-04
2026-07-17 09:00:39,290 [INFO] trainer: epoch 95 done train_loss=1.4113 dt=36.6s
2026-07-17 09:00:53,381 [INFO] trainer: epoch 96 step 50/135 loss=1.3902 lr=1.85e-04
2026-07-17 09:01:06,666 [INFO] trainer: epoch 96 step 100/135 loss=1.3845 lr=1.85e-04
2026-07-17 09:01:15,953 [INFO] trainer: epoch 96 done train_loss=1.3927 dt=36.7s
2026-07-17 09:01:30,107 [INFO] trainer: epoch 97 step 50/135 loss=1.4195 lr=1.85e-04
2026-07-17 09:01:45,077 [INFO] trainer: epoch 97 step 100/135 loss=1.3799 lr=1.85e-04
2026-07-17 09:01:54,377 [INFO] trainer: epoch 97 done train_loss=1.3820 dt=38.4s
2026-07-17 09:02:08,415 [INFO] trainer: epoch 98 step 50/135 loss=1.4027 lr=1.85e-04
2026-07-17 09:02:21,712 [INFO] trainer: epoch 98 step 100/135 loss=1.4064 lr=1.85e-04
2026-07-17 09:02:31,011 [INFO] trainer: epoch 98 done train_loss=1.3907 dt=36.6s
2026-07-17 09:02:45,119 [INFO] trainer: epoch 99 step 50/135 loss=1.4168 lr=1.84e-04
2026-07-17 09:02:58,422 [INFO] trainer: epoch 99 step 100/135 loss=1.3829 lr=1.84e-04
2026-07-17 09:03:07,719 [INFO] trainer: epoch 99 done train_loss=1.3936 dt=36.7s
2026-07-17 09:03:22,161 [INFO] trainer: epoch 100 step 50/135 loss=1.3419 lr=1.84e-04
2026-07-17 09:03:35,441 [INFO] trainer: epoch 100 step 100/135 loss=1.3980 lr=1.84e-04
2026-07-17 09:03:44,741 [INFO] trainer: epoch 100 done train_loss=1.3554 dt=37.0s
2026-07-17 09:05:10,437 [INFO] trainer: epoch 100 val_mean_dice=0.7498
2026-07-17 09:05:25,034 [INFO] trainer: epoch 101 step 50/135 loss=1.3743 lr=1.84e-04
2026-07-17 09:05:38,305 [INFO] trainer: epoch 101 step 100/135 loss=1.3476 lr=1.84e-04
2026-07-17 09:05:47,574 [INFO] trainer: epoch 101 done train_loss=1.3537 dt=36.5s
2026-07-17 09:06:01,655 [INFO] trainer: epoch 102 step 50/135 loss=1.3897 lr=1.83e-04
2026-07-17 09:06:14,925 [INFO] trainer: epoch 102 step 100/135 loss=1.3618 lr=1.83e-04
2026-07-17 09:06:24,208 [INFO] trainer: epoch 102 done train_loss=1.3812 dt=36.6s
2026-07-17 09:06:38,416 [INFO] trainer: epoch 103 step 50/135 loss=1.3728 lr=1.83e-04
2026-07-17 09:06:51,707 [INFO] trainer: epoch 103 step 100/135 loss=1.3737 lr=1.83e-04
2026-07-17 09:07:00,996 [INFO] trainer: epoch 103 done train_loss=1.3859 dt=36.8s
2026-07-17 09:07:15,084 [INFO] trainer: epoch 104 step 50/135 loss=1.3695 lr=1.83e-04
2026-07-17 09:07:28,361 [INFO] trainer: epoch 104 step 100/135 loss=1.3430 lr=1.83e-04
2026-07-17 09:07:37,658 [INFO] trainer: epoch 104 done train_loss=1.3430 dt=36.7s
2026-07-17 09:07:51,655 [INFO] trainer: epoch 105 step 50/135 loss=1.3812 lr=1.82e-04
2026-07-17 09:08:04,933 [INFO] trainer: epoch 105 step 100/135 loss=1.3780 lr=1.82e-04
2026-07-17 09:08:14,223 [INFO] trainer: epoch 105 done train_loss=1.3680 dt=36.6s
2026-07-17 09:08:28,263 [INFO] trainer: epoch 106 step 50/135 loss=1.3307 lr=1.82e-04
2026-07-17 09:08:41,532 [INFO] trainer: epoch 106 step 100/135 loss=1.3891 lr=1.82e-04
2026-07-17 09:08:50,807 [INFO] trainer: epoch 106 done train_loss=1.3569 dt=36.6s
2026-07-17 09:09:04,781 [INFO] trainer: epoch 107 step 50/135 loss=1.3478 lr=1.82e-04
2026-07-17 09:09:18,031 [INFO] trainer: epoch 107 step 100/135 loss=1.3575 lr=1.81e-04
2026-07-17 09:09:27,309 [INFO] trainer: epoch 107 done train_loss=1.3540 dt=36.5s
2026-07-17 09:09:41,340 [INFO] trainer: epoch 108 step 50/135 loss=1.3683 lr=1.81e-04
2026-07-17 09:09:54,614 [INFO] trainer: epoch 108 step 100/135 loss=1.3860 lr=1.81e-04
2026-07-17 09:10:03,900 [INFO] trainer: epoch 108 done train_loss=1.3751 dt=36.6s
2026-07-17 09:10:17,858 [INFO] trainer: epoch 109 step 50/135 loss=1.3534 lr=1.81e-04
2026-07-17 09:10:31,125 [INFO] trainer: epoch 109 step 100/135 loss=1.3476 lr=1.81e-04
2026-07-17 09:10:40,410 [INFO] trainer: epoch 109 done train_loss=1.3625 dt=36.5s
2026-07-17 09:10:54,804 [INFO] trainer: epoch 110 step 50/135 loss=1.3367 lr=1.80e-04
2026-07-17 09:11:08,068 [INFO] trainer: epoch 110 step 100/135 loss=1.3773 lr=1.80e-04
2026-07-17 09:11:17,342 [INFO] trainer: epoch 110 done train_loss=1.3656 dt=36.9s
2026-07-17 09:11:31,730 [INFO] trainer: epoch 111 step 50/135 loss=1.3858 lr=1.80e-04
2026-07-17 09:11:44,990 [INFO] trainer: epoch 111 step 100/135 loss=1.3987 lr=1.80e-04
2026-07-17 09:11:54,269 [INFO] trainer: epoch 111 done train_loss=1.3902 dt=36.6s
2026-07-17 09:12:08,425 [INFO] trainer: epoch 112 step 50/135 loss=1.3132 lr=1.80e-04
2026-07-17 09:12:21,695 [INFO] trainer: epoch 112 step 100/135 loss=1.3233 lr=1.80e-04
2026-07-17 09:12:30,974 [INFO] trainer: epoch 112 done train_loss=1.3223 dt=36.7s
2026-07-17 09:12:45,053 [INFO] trainer: epoch 113 step 50/135 loss=1.3781 lr=1.79e-04
2026-07-17 09:12:58,319 [INFO] trainer: epoch 113 step 100/135 loss=1.3344 lr=1.79e-04
2026-07-17 09:13:07,596 [INFO] trainer: epoch 113 done train_loss=1.3641 dt=36.6s
2026-07-17 09:13:21,851 [INFO] trainer: epoch 114 step 50/135 loss=1.3068 lr=1.79e-04
2026-07-17 09:13:35,106 [INFO] trainer: epoch 114 step 100/135 loss=1.3565 lr=1.79e-04
2026-07-17 09:13:44,385 [INFO] trainer: epoch 114 done train_loss=1.3460 dt=36.8s
2026-07-17 09:13:58,504 [INFO] trainer: epoch 115 step 50/135 loss=1.3346 lr=1.79e-04
2026-07-17 09:14:11,776 [INFO] trainer: epoch 115 step 100/135 loss=1.3382 lr=1.78e-04
2026-07-17 09:14:21,051 [INFO] trainer: epoch 115 done train_loss=1.3322 dt=36.7s
2026-07-17 09:14:35,192 [INFO] trainer: epoch 116 step 50/135 loss=1.3860 lr=1.78e-04
2026-07-17 09:14:48,463 [INFO] trainer: epoch 116 step 100/135 loss=1.3776 lr=1.78e-04
2026-07-17 09:14:57,741 [INFO] trainer: epoch 116 done train_loss=1.3716 dt=36.7s
2026-07-17 09:15:11,757 [INFO] trainer: epoch 117 step 50/135 loss=1.3743 lr=1.78e-04
2026-07-17 09:15:25,028 [INFO] trainer: epoch 117 step 100/135 loss=1.3280 lr=1.78e-04
2026-07-17 09:15:34,308 [INFO] trainer: epoch 117 done train_loss=1.3394 dt=36.6s
2026-07-17 09:15:48,535 [INFO] trainer: epoch 118 step 50/135 loss=1.3255 lr=1.77e-04
2026-07-17 09:16:01,807 [INFO] trainer: epoch 118 step 100/135 loss=1.3754 lr=1.77e-04
2026-07-17 09:16:11,079 [INFO] trainer: epoch 118 done train_loss=1.3361 dt=36.8s
2026-07-17 09:16:25,268 [INFO] trainer: epoch 119 step 50/135 loss=1.3241 lr=1.77e-04
2026-07-17 09:16:38,532 [INFO] trainer: epoch 119 step 100/135 loss=1.3317 lr=1.77e-04
2026-07-17 09:16:47,818 [INFO] trainer: epoch 119 done train_loss=1.3448 dt=36.7s
2026-07-17 09:17:01,986 [INFO] trainer: epoch 120 step 50/135 loss=1.3232 lr=1.77e-04
2026-07-17 09:17:15,257 [INFO] trainer: epoch 120 step 100/135 loss=1.3340 lr=1.76e-04
2026-07-17 09:17:24,530 [INFO] trainer: epoch 120 done train_loss=1.3417 dt=36.7s
2026-07-17 09:17:39,000 [INFO] trainer: epoch 121 step 50/135 loss=1.3689 lr=1.76e-04
2026-07-17 09:17:52,284 [INFO] trainer: epoch 121 step 100/135 loss=1.3370 lr=1.76e-04
2026-07-17 09:18:01,561 [INFO] trainer: epoch 121 done train_loss=1.3587 dt=36.7s
2026-07-17 09:18:15,654 [INFO] trainer: epoch 122 step 50/135 loss=1.3323 lr=1.76e-04
2026-07-17 09:18:28,914 [INFO] trainer: epoch 122 step 100/135 loss=1.3691 lr=1.76e-04
2026-07-17 09:18:38,200 [INFO] trainer: epoch 122 done train_loss=1.3542 dt=36.6s
2026-07-17 09:18:52,221 [INFO] trainer: epoch 123 step 50/135 loss=1.3017 lr=1.75e-04
2026-07-17 09:19:05,492 [INFO] trainer: epoch 123 step 100/135 loss=1.3634 lr=1.75e-04
2026-07-17 09:19:14,769 [INFO] trainer: epoch 123 done train_loss=1.3244 dt=36.6s
2026-07-17 09:19:28,998 [INFO] trainer: epoch 124 step 50/135 loss=1.3190 lr=1.75e-04
2026-07-17 09:19:42,278 [INFO] trainer: epoch 124 step 100/135 loss=1.3653 lr=1.75e-04
2026-07-17 09:19:51,558 [INFO] trainer: epoch 124 done train_loss=1.3254 dt=36.8s
2026-07-17 09:20:05,810 [INFO] trainer: epoch 125 step 50/135 loss=1.3409 lr=1.74e-04
2026-07-17 09:20:19,071 [INFO] trainer: epoch 125 step 100/135 loss=1.3662 lr=1.74e-04
2026-07-17 09:20:28,348 [INFO] trainer: epoch 125 done train_loss=1.3333 dt=36.8s
2026-07-17 09:21:50,558 [INFO] trainer: epoch 125 val_mean_dice=0.7662
2026-07-17 09:22:05,177 [INFO] trainer: epoch 126 step 50/135 loss=1.2916 lr=1.74e-04
2026-07-17 09:22:18,431 [INFO] trainer: epoch 126 step 100/135 loss=1.3102 lr=1.74e-04
2026-07-17 09:22:27,708 [INFO] trainer: epoch 126 done train_loss=1.3039 dt=36.9s
2026-07-17 09:22:41,697 [INFO] trainer: epoch 127 step 50/135 loss=1.2915 lr=1.74e-04
2026-07-17 09:22:54,988 [INFO] trainer: epoch 127 step 100/135 loss=1.3680 lr=1.73e-04
2026-07-17 09:23:04,273 [INFO] trainer: epoch 127 done train_loss=1.3362 dt=36.6s
2026-07-17 09:23:18,431 [INFO] trainer: epoch 128 step 50/135 loss=1.3183 lr=1.73e-04
2026-07-17 09:23:31,708 [INFO] trainer: epoch 128 step 100/135 loss=1.3137 lr=1.73e-04
2026-07-17 09:23:40,988 [INFO] trainer: epoch 128 done train_loss=1.3284 dt=36.7s
2026-07-17 09:23:55,078 [INFO] trainer: epoch 129 step 50/135 loss=1.2481 lr=1.73e-04
2026-07-17 09:24:08,350 [INFO] trainer: epoch 129 step 100/135 loss=1.3846 lr=1.73e-04
2026-07-17 09:24:17,622 [INFO] trainer: epoch 129 done train_loss=1.3252 dt=36.6s
2026-07-17 09:24:31,842 [INFO] trainer: epoch 130 step 50/135 loss=1.3182 lr=1.72e-04
2026-07-17 09:24:45,114 [INFO] trainer: epoch 130 step 100/135 loss=1.3407 lr=1.72e-04
2026-07-17 09:24:54,395 [INFO] trainer: epoch 130 done train_loss=1.3320 dt=36.8s
2026-07-17 09:25:08,831 [INFO] trainer: epoch 131 step 50/135 loss=1.2905 lr=1.72e-04
2026-07-17 09:25:22,112 [INFO] trainer: epoch 131 step 100/135 loss=1.3484 lr=1.72e-04
2026-07-17 09:25:31,380 [INFO] trainer: epoch 131 done train_loss=1.3229 dt=36.7s
2026-07-17 09:25:45,687 [INFO] trainer: epoch 132 step 50/135 loss=1.3009 lr=1.71e-04
2026-07-17 09:25:58,974 [INFO] trainer: epoch 132 step 100/135 loss=1.3676 lr=1.71e-04
2026-07-17 09:26:08,245 [INFO] trainer: epoch 132 done train_loss=1.3369 dt=36.9s
2026-07-17 09:26:22,658 [INFO] trainer: epoch 133 step 50/135 loss=1.3285 lr=1.71e-04
2026-07-17 09:26:35,943 [INFO] trainer: epoch 133 step 100/135 loss=1.3545 lr=1.71e-04
2026-07-17 09:26:45,228 [INFO] trainer: epoch 133 done train_loss=1.3405 dt=37.0s
2026-07-17 09:26:59,463 [INFO] trainer: epoch 134 step 50/135 loss=1.2953 lr=1.70e-04
2026-07-17 09:27:12,774 [INFO] trainer: epoch 134 step 100/135 loss=1.3774 lr=1.70e-04
2026-07-17 09:27:22,080 [INFO] trainer: epoch 134 done train_loss=1.3375 dt=36.9s
2026-07-17 09:27:36,630 [INFO] trainer: epoch 135 step 50/135 loss=1.2914 lr=1.70e-04
2026-07-17 09:27:49,906 [INFO] trainer: epoch 135 step 100/135 loss=1.3479 lr=1.70e-04
2026-07-17 09:27:59,203 [INFO] trainer: epoch 135 done train_loss=1.3193 dt=37.1s
2026-07-17 09:28:13,483 [INFO] trainer: epoch 136 step 50/135 loss=1.3348 lr=1.70e-04
2026-07-17 09:28:26,771 [INFO] trainer: epoch 136 step 100/135 loss=1.2710 lr=1.69e-04
2026-07-17 09:28:36,052 [INFO] trainer: epoch 136 done train_loss=1.3005 dt=36.8s
2026-07-17 09:28:50,266 [INFO] trainer: epoch 137 step 50/135 loss=1.3161 lr=1.69e-04
2026-07-17 09:29:03,548 [INFO] trainer: epoch 137 step 100/135 loss=1.3439 lr=1.69e-04
2026-07-17 09:29:12,830 [INFO] trainer: epoch 137 done train_loss=1.3404 dt=36.8s
2026-07-17 09:29:27,166 [INFO] trainer: epoch 138 step 50/135 loss=1.3015 lr=1.69e-04
2026-07-17 09:29:40,451 [INFO] trainer: epoch 138 step 100/135 loss=1.2972 lr=1.68e-04
2026-07-17 09:29:49,726 [INFO] trainer: epoch 138 done train_loss=1.3026 dt=36.9s
2026-07-17 09:30:04,128 [INFO] trainer: epoch 139 step 50/135 loss=1.2550 lr=1.68e-04
2026-07-17 09:30:17,410 [INFO] trainer: epoch 139 step 100/135 loss=1.3209 lr=1.68e-04
2026-07-17 09:30:26,691 [INFO] trainer: epoch 139 done train_loss=1.3066 dt=37.0s
2026-07-17 09:30:41,023 [INFO] trainer: epoch 140 step 50/135 loss=1.2571 lr=1.68e-04
2026-07-17 09:30:54,296 [INFO] trainer: epoch 140 step 100/135 loss=1.3371 lr=1.68e-04
2026-07-17 09:31:03,584 [INFO] trainer: epoch 140 done train_loss=1.3015 dt=36.9s
2026-07-17 09:31:18,169 [INFO] trainer: epoch 141 step 50/135 loss=1.3467 lr=1.67e-04
2026-07-17 09:31:31,457 [INFO] trainer: epoch 141 step 100/135 loss=1.3433 lr=1.67e-04
2026-07-17 09:31:40,749 [INFO] trainer: epoch 141 done train_loss=1.3377 dt=36.9s
2026-07-17 09:31:54,988 [INFO] trainer: epoch 142 step 50/135 loss=1.2894 lr=1.67e-04
2026-07-17 09:32:08,293 [INFO] trainer: epoch 142 step 100/135 loss=1.3407 lr=1.67e-04
2026-07-17 09:32:17,583 [INFO] trainer: epoch 142 done train_loss=1.3101 dt=36.8s
2026-07-17 09:32:31,857 [INFO] trainer: epoch 143 step 50/135 loss=1.2774 lr=1.66e-04
2026-07-17 09:32:45,149 [INFO] trainer: epoch 143 step 100/135 loss=1.3303 lr=1.66e-04
2026-07-17 09:32:54,452 [INFO] trainer: epoch 143 done train_loss=1.3184 dt=36.9s
2026-07-17 09:33:08,630 [INFO] trainer: epoch 144 step 50/135 loss=1.3597 lr=1.66e-04
2026-07-17 09:33:21,929 [INFO] trainer: epoch 144 step 100/135 loss=1.2950 lr=1.66e-04
2026-07-17 09:33:31,217 [INFO] trainer: epoch 144 done train_loss=1.3334 dt=36.8s
2026-07-17 09:33:45,609 [INFO] trainer: epoch 145 step 50/135 loss=1.2954 lr=1.65e-04
2026-07-17 09:33:58,894 [INFO] trainer: epoch 145 step 100/135 loss=1.3767 lr=1.65e-04
2026-07-17 09:34:08,195 [INFO] trainer: epoch 145 done train_loss=1.3341 dt=37.0s
2026-07-17 09:34:22,465 [INFO] trainer: epoch 146 step 50/135 loss=1.3115 lr=1.65e-04
2026-07-17 09:34:35,767 [INFO] trainer: epoch 146 step 100/135 loss=1.3270 lr=1.65e-04
2026-07-17 09:34:45,063 [INFO] trainer: epoch 146 done train_loss=1.3087 dt=36.9s
2026-07-17 09:34:59,560 [INFO] trainer: epoch 147 step 50/135 loss=1.2630 lr=1.64e-04
2026-07-17 09:35:12,872 [INFO] trainer: epoch 147 step 100/135 loss=1.3293 lr=1.64e-04
2026-07-17 09:35:22,167 [INFO] trainer: epoch 147 done train_loss=1.3082 dt=37.1s
2026-07-17 09:35:36,566 [INFO] trainer: epoch 148 step 50/135 loss=1.3122 lr=1.64e-04
2026-07-17 09:35:49,849 [INFO] trainer: epoch 148 step 100/135 loss=1.3409 lr=1.64e-04
2026-07-17 09:35:59,140 [INFO] trainer: epoch 148 done train_loss=1.3164 dt=37.0s
2026-07-17 09:36:13,561 [INFO] trainer: epoch 149 step 50/135 loss=1.3487 lr=1.63e-04
2026-07-17 09:36:26,859 [INFO] trainer: epoch 149 step 100/135 loss=1.3426 lr=1.63e-04
2026-07-17 09:36:36,151 [INFO] trainer: epoch 149 done train_loss=1.3299 dt=37.0s
2026-07-17 09:36:50,512 [INFO] trainer: epoch 150 step 50/135 loss=1.3595 lr=1.63e-04
2026-07-17 09:37:03,805 [INFO] trainer: epoch 150 step 100/135 loss=1.3700 lr=1.63e-04
2026-07-17 09:37:13,089 [INFO] trainer: epoch 150 done train_loss=1.3562 dt=36.9s
2026-07-17 09:38:35,376 [INFO] trainer: epoch 150 val_mean_dice=0.7693
2026-07-17 09:38:50,189 [INFO] trainer: epoch 151 step 50/135 loss=1.3222 lr=1.62e-04
2026-07-17 09:39:03,686 [INFO] trainer: epoch 151 step 100/135 loss=1.2812 lr=1.62e-04
2026-07-17 09:39:13,079 [INFO] trainer: epoch 151 done train_loss=1.2830 dt=37.1s
2026-07-17 09:39:27,188 [INFO] trainer: epoch 152 step 50/135 loss=1.3109 lr=1.62e-04
2026-07-17 09:39:40,458 [INFO] trainer: epoch 152 step 100/135 loss=1.2623 lr=1.62e-04
2026-07-17 09:39:49,746 [INFO] trainer: epoch 152 done train_loss=1.2986 dt=36.7s
2026-07-17 09:40:03,792 [INFO] trainer: epoch 153 step 50/135 loss=1.2911 lr=1.61e-04
2026-07-17 09:40:17,068 [INFO] trainer: epoch 153 step 100/135 loss=1.3071 lr=1.61e-04
2026-07-17 09:40:26,349 [INFO] trainer: epoch 153 done train_loss=1.2915 dt=36.6s
2026-07-17 09:40:40,514 [INFO] trainer: epoch 154 step 50/135 loss=1.3150 lr=1.61e-04
2026-07-17 09:40:53,793 [INFO] trainer: epoch 154 step 100/135 loss=1.3280 lr=1.61e-04
2026-07-17 09:41:03,067 [INFO] trainer: epoch 154 done train_loss=1.3192 dt=36.7s
2026-07-17 09:41:17,220 [INFO] trainer: epoch 155 step 50/135 loss=1.2851 lr=1.60e-04
2026-07-17 09:41:30,486 [INFO] trainer: epoch 155 step 100/135 loss=1.2733 lr=1.60e-04
2026-07-17 09:41:39,760 [INFO] trainer: epoch 155 done train_loss=1.2801 dt=36.7s
2026-07-17 09:41:53,833 [INFO] trainer: epoch 156 step 50/135 loss=1.3331 lr=1.60e-04
2026-07-17 09:42:07,103 [INFO] trainer: epoch 156 step 100/135 loss=1.3208 lr=1.60e-04
2026-07-17 09:42:16,632 [INFO] trainer: epoch 156 done train_loss=1.3199 dt=36.9s
2026-07-17 09:42:30,769 [INFO] trainer: epoch 157 step 50/135 loss=1.3435 lr=1.59e-04
2026-07-17 09:42:44,040 [INFO] trainer: epoch 157 step 100/135 loss=1.2999 lr=1.59e-04
2026-07-17 09:42:53,314 [INFO] trainer: epoch 157 done train_loss=1.3044 dt=36.7s
2026-07-17 09:43:07,330 [INFO] trainer: epoch 158 step 50/135 loss=1.2556 lr=1.59e-04
2026-07-17 09:43:20,619 [INFO] trainer: epoch 158 step 100/135 loss=1.2666 lr=1.59e-04
2026-07-17 09:43:29,897 [INFO] trainer: epoch 158 done train_loss=1.2735 dt=36.6s
2026-07-17 09:43:44,132 [INFO] trainer: epoch 159 step 50/135 loss=1.3191 lr=1.58e-04
2026-07-17 09:43:57,412 [INFO] trainer: epoch 159 step 100/135 loss=1.2851 lr=1.58e-04
2026-07-17 09:44:06,692 [INFO] trainer: epoch 159 done train_loss=1.3140 dt=36.8s
2026-07-17 09:44:21,155 [INFO] trainer: epoch 160 step 50/135 loss=1.3452 lr=1.58e-04
2026-07-17 09:44:34,467 [INFO] trainer: epoch 160 step 100/135 loss=1.2736 lr=1.58e-04
2026-07-17 09:44:43,762 [INFO] trainer: epoch 160 done train_loss=1.3115 dt=37.1s
2026-07-17 09:44:58,281 [INFO] trainer: epoch 161 step 50/135 loss=1.3256 lr=1.57e-04
2026-07-17 09:45:11,559 [INFO] trainer: epoch 161 step 100/135 loss=1.2804 lr=1.57e-04
2026-07-17 09:45:20,850 [INFO] trainer: epoch 161 done train_loss=1.2958 dt=36.8s
2026-07-17 09:45:35,099 [INFO] trainer: epoch 162 step 50/135 loss=1.3079 lr=1.57e-04
2026-07-17 09:45:48,370 [INFO] trainer: epoch 162 step 100/135 loss=1.3222 lr=1.57e-04
2026-07-17 09:45:57,643 [INFO] trainer: epoch 162 done train_loss=1.3060 dt=36.8s
2026-07-17 09:46:12,097 [INFO] trainer: epoch 163 step 50/135 loss=1.3188 lr=1.56e-04
2026-07-17 09:46:25,387 [INFO] trainer: epoch 163 step 100/135 loss=1.2848 lr=1.56e-04
2026-07-17 09:46:34,665 [INFO] trainer: epoch 163 done train_loss=1.3081 dt=37.0s
2026-07-17 09:46:48,657 [INFO] trainer: epoch 164 step 50/135 loss=1.3036 lr=1.56e-04
2026-07-17 09:47:01,959 [INFO] trainer: epoch 164 step 100/135 loss=1.2979 lr=1.55e-04
2026-07-17 09:47:11,245 [INFO] trainer: epoch 164 done train_loss=1.2925 dt=36.6s
2026-07-17 09:47:25,512 [INFO] trainer: epoch 165 step 50/135 loss=1.3128 lr=1.55e-04
2026-07-17 09:47:38,787 [INFO] trainer: epoch 165 step 100/135 loss=1.2548 lr=1.55e-04
2026-07-17 09:47:48,075 [INFO] trainer: epoch 165 done train_loss=1.2856 dt=36.8s
2026-07-17 09:48:02,529 [INFO] trainer: epoch 166 step 50/135 loss=1.3033 lr=1.55e-04
2026-07-17 09:48:15,826 [INFO] trainer: epoch 166 step 100/135 loss=1.3297 lr=1.54e-04
2026-07-17 09:48:25,116 [INFO] trainer: epoch 166 done train_loss=1.3100 dt=37.0s
2026-07-17 09:48:39,233 [INFO] trainer: epoch 167 step 50/135 loss=1.3787 lr=1.54e-04
2026-07-17 09:48:52,525 [INFO] trainer: epoch 167 step 100/135 loss=1.2787 lr=1.54e-04
2026-07-17 09:49:01,809 [INFO] trainer: epoch 167 done train_loss=1.3223 dt=36.7s
2026-07-17 09:49:16,110 [INFO] trainer: epoch 168 step 50/135 loss=1.2889 lr=1.54e-04
2026-07-17 09:49:29,384 [INFO] trainer: epoch 168 step 100/135 loss=1.3328 lr=1.53e-04
2026-07-17 09:49:38,671 [INFO] trainer: epoch 168 done train_loss=1.3038 dt=36.9s
2026-07-17 09:49:52,825 [INFO] trainer: epoch 169 step 50/135 loss=1.2267 lr=1.53e-04
2026-07-17 09:50:06,098 [INFO] trainer: epoch 169 step 100/135 loss=1.2537 lr=1.53e-04
2026-07-17 09:50:15,382 [INFO] trainer: epoch 169 done train_loss=1.2543 dt=36.7s
2026-07-17 09:50:29,492 [INFO] trainer: epoch 170 step 50/135 loss=1.3284 lr=1.52e-04
2026-07-17 09:50:42,770 [INFO] trainer: epoch 170 step 100/135 loss=1.3182 lr=1.52e-04
2026-07-17 09:50:52,057 [INFO] trainer: epoch 170 done train_loss=1.3066 dt=36.7s
2026-07-17 09:51:06,693 [INFO] trainer: epoch 171 step 50/135 loss=1.3253 lr=1.52e-04
2026-07-17 09:51:19,952 [INFO] trainer: epoch 171 step 100/135 loss=1.2749 lr=1.52e-04
2026-07-17 09:51:29,236 [INFO] trainer: epoch 171 done train_loss=1.2979 dt=36.9s
2026-07-17 09:51:43,372 [INFO] trainer: epoch 172 step 50/135 loss=1.3035 lr=1.51e-04
2026-07-17 09:51:56,655 [INFO] trainer: epoch 172 step 100/135 loss=1.3265 lr=1.51e-04
2026-07-17 09:52:05,931 [INFO] trainer: epoch 172 done train_loss=1.3142 dt=36.7s
2026-07-17 09:52:19,924 [INFO] trainer: epoch 173 step 50/135 loss=1.3028 lr=1.51e-04
2026-07-17 09:52:33,202 [INFO] trainer: epoch 173 step 100/135 loss=1.2580 lr=1.51e-04
2026-07-17 09:52:42,483 [INFO] trainer: epoch 173 done train_loss=1.2994 dt=36.6s
2026-07-17 09:52:56,606 [INFO] trainer: epoch 174 step 50/135 loss=1.3017 lr=1.50e-04
2026-07-17 09:53:09,891 [INFO] trainer: epoch 174 step 100/135 loss=1.3009 lr=1.50e-04
2026-07-17 09:53:19,183 [INFO] trainer: epoch 174 done train_loss=1.2959 dt=36.7s
2026-07-17 09:53:33,164 [INFO] trainer: epoch 175 step 50/135 loss=1.2732 lr=1.50e-04
2026-07-17 09:53:46,451 [INFO] trainer: epoch 175 step 100/135 loss=1.3121 lr=1.49e-04
2026-07-17 09:53:55,744 [INFO] trainer: epoch 175 done train_loss=1.2884 dt=36.6s
2026-07-17 09:55:17,883 [INFO] trainer: epoch 175 val_mean_dice=0.7739
2026-07-17 09:55:32,364 [INFO] trainer: epoch 176 step 50/135 loss=1.2980 lr=1.49e-04
2026-07-17 09:55:45,667 [INFO] trainer: epoch 176 step 100/135 loss=1.3100 lr=1.49e-04
2026-07-17 09:55:54,959 [INFO] trainer: epoch 176 done train_loss=1.3063 dt=36.8s
2026-07-17 09:56:09,165 [INFO] trainer: epoch 177 step 50/135 loss=1.3206 lr=1.49e-04
2026-07-17 09:56:22,449 [INFO] trainer: epoch 177 step 100/135 loss=1.2920 lr=1.48e-04
2026-07-17 09:56:31,738 [INFO] trainer: epoch 177 done train_loss=1.3022 dt=36.8s
2026-07-17 09:56:45,941 [INFO] trainer: epoch 178 step 50/135 loss=1.3133 lr=1.48e-04
2026-07-17 09:56:59,217 [INFO] trainer: epoch 178 step 100/135 loss=1.2832 lr=1.48e-04
2026-07-17 09:57:08,494 [INFO] trainer: epoch 178 done train_loss=1.2770 dt=36.8s
2026-07-17 09:57:22,817 [INFO] trainer: epoch 179 step 50/135 loss=1.2373 lr=1.47e-04
2026-07-17 09:57:36,064 [INFO] trainer: epoch 179 step 100/135 loss=1.3108 lr=1.47e-04
2026-07-17 09:57:45,326 [INFO] trainer: epoch 179 done train_loss=1.2856 dt=36.8s
2026-07-17 09:57:59,448 [INFO] trainer: epoch 180 step 50/135 loss=1.2292 lr=1.47e-04
2026-07-17 09:58:12,713 [INFO] trainer: epoch 180 step 100/135 loss=1.2734 lr=1.47e-04
2026-07-17 09:58:21,987 [INFO] trainer: epoch 180 done train_loss=1.2537 dt=36.7s
2026-07-17 09:58:36,449 [INFO] trainer: epoch 181 step 50/135 loss=1.2635 lr=1.46e-04
2026-07-17 09:58:49,718 [INFO] trainer: epoch 181 step 100/135 loss=1.2751 lr=1.46e-04
2026-07-17 09:58:59,008 [INFO] trainer: epoch 181 done train_loss=1.2666 dt=36.7s
2026-07-17 09:59:13,252 [INFO] trainer: epoch 182 step 50/135 loss=1.3354 lr=1.46e-04
2026-07-17 09:59:26,535 [INFO] trainer: epoch 182 step 100/135 loss=1.2778 lr=1.46e-04
2026-07-17 09:59:35,838 [INFO] trainer: epoch 182 done train_loss=1.3198 dt=36.8s
2026-07-17 09:59:49,882 [INFO] trainer: epoch 183 step 50/135 loss=1.2868 lr=1.45e-04
2026-07-17 10:00:03,160 [INFO] trainer: epoch 183 step 100/135 loss=1.2750 lr=1.45e-04
2026-07-17 10:00:12,451 [INFO] trainer: epoch 183 done train_loss=1.2726 dt=36.6s
2026-07-17 10:00:26,465 [INFO] trainer: epoch 184 step 50/135 loss=1.2723 lr=1.45e-04
2026-07-17 10:00:39,748 [INFO] trainer: epoch 184 step 100/135 loss=1.2750 lr=1.44e-04
2026-07-17 10:00:49,037 [INFO] trainer: epoch 184 done train_loss=1.2818 dt=36.6s
2026-07-17 10:01:03,394 [INFO] trainer: epoch 185 step 50/135 loss=1.2634 lr=1.44e-04
2026-07-17 10:01:16,684 [INFO] trainer: epoch 185 step 100/135 loss=1.2353 lr=1.44e-04
2026-07-17 10:01:25,971 [INFO] trainer: epoch 185 done train_loss=1.2680 dt=36.9s
2026-07-17 10:01:40,197 [INFO] trainer: epoch 186 step 50/135 loss=1.2183 lr=1.43e-04
2026-07-17 10:01:53,474 [INFO] trainer: epoch 186 step 100/135 loss=1.2645 lr=1.43e-04
2026-07-17 10:02:02,760 [INFO] trainer: epoch 186 done train_loss=1.2559 dt=36.8s
2026-07-17 10:02:17,028 [INFO] trainer: epoch 187 step 50/135 loss=1.2810 lr=1.43e-04
2026-07-17 10:02:30,284 [INFO] trainer: epoch 187 step 100/135 loss=1.2276 lr=1.43e-04
2026-07-17 10:02:39,560 [INFO] trainer: epoch 187 done train_loss=1.2388 dt=36.8s
2026-07-17 10:02:53,540 [INFO] trainer: epoch 188 step 50/135 loss=1.2713 lr=1.42e-04
2026-07-17 10:03:06,823 [INFO] trainer: epoch 188 step 100/135 loss=1.2886 lr=1.42e-04
2026-07-17 10:03:16,111 [INFO] trainer: epoch 188 done train_loss=1.2630 dt=36.6s
2026-07-17 10:03:30,593 [INFO] trainer: epoch 189 step 50/135 loss=1.2149 lr=1.42e-04
2026-07-17 10:03:43,883 [INFO] trainer: epoch 189 step 100/135 loss=1.2547 lr=1.42e-04
2026-07-17 10:03:53,168 [INFO] trainer: epoch 189 done train_loss=1.2606 dt=37.1s
2026-07-17 10:04:07,272 [INFO] trainer: epoch 190 step 50/135 loss=1.2816 lr=1.41e-04
2026-07-17 10:04:20,555 [INFO] trainer: epoch 190 step 100/135 loss=1.2694 lr=1.41e-04
2026-07-17 10:04:29,837 [INFO] trainer: epoch 190 done train_loss=1.2839 dt=36.7s
2026-07-17 10:04:44,328 [INFO] trainer: epoch 191 step 50/135 loss=1.2921 lr=1.41e-04
2026-07-17 10:04:57,608 [INFO] trainer: epoch 191 step 100/135 loss=1.2845 lr=1.40e-04
2026-07-17 10:05:06,890 [INFO] trainer: epoch 191 done train_loss=1.2829 dt=36.7s
2026-07-17 10:05:21,212 [INFO] trainer: epoch 192 step 50/135 loss=1.2873 lr=1.40e-04
2026-07-17 10:05:34,477 [INFO] trainer: epoch 192 step 100/135 loss=1.2619 lr=1.40e-04
2026-07-17 10:05:43,767 [INFO] trainer: epoch 192 done train_loss=1.2852 dt=36.9s
2026-07-17 10:05:58,114 [INFO] trainer: epoch 193 step 50/135 loss=1.2714 lr=1.39e-04
2026-07-17 10:06:11,386 [INFO] trainer: epoch 193 step 100/135 loss=1.2752 lr=1.39e-04
2026-07-17 10:06:20,669 [INFO] trainer: epoch 193 done train_loss=1.2590 dt=36.9s
2026-07-17 10:06:34,951 [INFO] trainer: epoch 194 step 50/135 loss=1.2905 lr=1.39e-04
2026-07-17 10:06:48,241 [INFO] trainer: epoch 194 step 100/135 loss=1.2583 lr=1.39e-04
2026-07-17 10:06:57,527 [INFO] trainer: epoch 194 done train_loss=1.2871 dt=36.9s
2026-07-17 10:07:11,816 [INFO] trainer: epoch 195 step 50/135 loss=1.2540 lr=1.38e-04
2026-07-17 10:07:25,076 [INFO] trainer: epoch 195 step 100/135 loss=1.2395 lr=1.38e-04
2026-07-17 10:07:34,364 [INFO] trainer: epoch 195 done train_loss=1.2424 dt=36.8s
2026-07-17 10:07:48,650 [INFO] trainer: epoch 196 step 50/135 loss=1.2093 lr=1.38e-04
2026-07-17 10:08:01,911 [INFO] trainer: epoch 196 step 100/135 loss=1.2690 lr=1.37e-04
2026-07-17 10:08:11,200 [INFO] trainer: epoch 196 done train_loss=1.2411 dt=36.8s
2026-07-17 10:08:25,230 [INFO] trainer: epoch 197 step 50/135 loss=1.2709 lr=1.37e-04
2026-07-17 10:08:38,503 [INFO] trainer: epoch 197 step 100/135 loss=1.2695 lr=1.37e-04
2026-07-17 10:08:47,785 [INFO] trainer: epoch 197 done train_loss=1.2699 dt=36.6s
2026-07-17 10:09:02,009 [INFO] trainer: epoch 198 step 50/135 loss=1.2232 lr=1.36e-04
2026-07-17 10:09:15,265 [INFO] trainer: epoch 198 step 100/135 loss=1.2962 lr=1.36e-04
2026-07-17 10:09:24,541 [INFO] trainer: epoch 198 done train_loss=1.2436 dt=36.8s
2026-07-17 10:09:38,777 [INFO] trainer: epoch 199 step 50/135 loss=1.2365 lr=1.36e-04
2026-07-17 10:09:52,054 [INFO] trainer: epoch 199 step 100/135 loss=1.2295 lr=1.36e-04
2026-07-17 10:10:01,333 [INFO] trainer: epoch 199 done train_loss=1.2433 dt=36.8s
2026-07-17 10:10:15,625 [INFO] trainer: epoch 200 step 50/135 loss=1.2327 lr=1.35e-04
2026-07-17 10:10:28,888 [INFO] trainer: epoch 200 step 100/135 loss=1.2360 lr=1.35e-04
2026-07-17 10:10:38,170 [INFO] trainer: epoch 200 done train_loss=1.2378 dt=36.8s
2026-07-17 10:12:00,567 [INFO] trainer: epoch 200 val_mean_dice=0.7729
2026-07-17 10:12:14,933 [INFO] trainer: epoch 201 step 50/135 loss=1.2463 lr=1.35e-04
2026-07-17 10:12:28,191 [INFO] trainer: epoch 201 step 100/135 loss=1.2717 lr=1.34e-04
2026-07-17 10:12:37,461 [INFO] trainer: epoch 201 done train_loss=1.2546 dt=36.6s
2026-07-17 10:12:51,752 [INFO] trainer: epoch 202 step 50/135 loss=1.2328 lr=1.34e-04
2026-07-17 10:13:05,012 [INFO] trainer: epoch 202 step 100/135 loss=1.2755 lr=1.34e-04
2026-07-17 10:13:14,291 [INFO] trainer: epoch 202 done train_loss=1.2548 dt=36.8s
2026-07-17 10:13:28,278 [INFO] trainer: epoch 203 step 50/135 loss=1.2326 lr=1.33e-04
2026-07-17 10:13:41,543 [INFO] trainer: epoch 203 step 100/135 loss=1.2824 lr=1.33e-04
2026-07-17 10:13:50,820 [INFO] trainer: epoch 203 done train_loss=1.2405 dt=36.5s
2026-07-17 10:14:05,406 [INFO] trainer: epoch 204 step 50/135 loss=1.2543 lr=1.33e-04
2026-07-17 10:14:18,683 [INFO] trainer: epoch 204 step 100/135 loss=1.3456 lr=1.33e-04
2026-07-17 10:14:27,965 [INFO] trainer: epoch 204 done train_loss=1.2850 dt=37.1s
2026-07-17 10:14:42,421 [INFO] trainer: epoch 205 step 50/135 loss=1.2748 lr=1.32e-04
2026-07-17 10:14:55,699 [INFO] trainer: epoch 205 step 100/135 loss=1.2395 lr=1.32e-04
2026-07-17 10:15:04,974 [INFO] trainer: epoch 205 done train_loss=1.2393 dt=37.0s
2026-07-17 10:15:19,251 [INFO] trainer: epoch 206 step 50/135 loss=1.2423 lr=1.32e-04
2026-07-17 10:15:32,535 [INFO] trainer: epoch 206 step 100/135 loss=1.2513 lr=1.31e-04
2026-07-17 10:15:41,809 [INFO] trainer: epoch 206 done train_loss=1.2574 dt=36.8s
2026-07-17 10:15:55,866 [INFO] trainer: epoch 207 step 50/135 loss=1.2128 lr=1.31e-04
2026-07-17 10:16:09,147 [INFO] trainer: epoch 207 step 100/135 loss=1.2449 lr=1.31e-04
2026-07-17 10:16:18,415 [INFO] trainer: epoch 207 done train_loss=1.2337 dt=36.6s
2026-07-17 10:16:32,505 [INFO] trainer: epoch 208 step 50/135 loss=1.2610 lr=1.30e-04
2026-07-17 10:16:45,772 [INFO] trainer: epoch 208 step 100/135 loss=1.2735 lr=1.30e-04
2026-07-17 10:16:55,049 [INFO] trainer: epoch 208 done train_loss=1.2704 dt=36.6s
2026-07-17 10:17:09,228 [INFO] trainer: epoch 209 step 50/135 loss=1.2597 lr=1.30e-04
2026-07-17 10:17:22,502 [INFO] trainer: epoch 209 step 100/135 loss=1.2409 lr=1.30e-04
2026-07-17 10:17:31,784 [INFO] trainer: epoch 209 done train_loss=1.2561 dt=36.7s
2026-07-17 10:17:45,961 [INFO] trainer: epoch 210 step 50/135 loss=1.2668 lr=1.29e-04
2026-07-17 10:17:59,226 [INFO] trainer: epoch 210 step 100/135 loss=1.2274 lr=1.29e-04
2026-07-17 10:18:08,508 [INFO] trainer: epoch 210 done train_loss=1.2495 dt=36.7s
2026-07-17 10:18:23,333 [INFO] trainer: epoch 211 step 50/135 loss=1.2829 lr=1.29e-04
2026-07-17 10:18:36,615 [INFO] trainer: epoch 211 step 100/135 loss=1.2321 lr=1.28e-04
2026-07-17 10:18:45,890 [INFO] trainer: epoch 211 done train_loss=1.2618 dt=37.1s
2026-07-17 10:19:00,027 [INFO] trainer: epoch 212 step 50/135 loss=1.2075 lr=1.28e-04
2026-07-17 10:19:13,300 [INFO] trainer: epoch 212 step 100/135 loss=1.2876 lr=1.28e-04
2026-07-17 10:19:22,563 [INFO] trainer: epoch 212 done train_loss=1.2593 dt=36.7s
2026-07-17 10:19:36,696 [INFO] trainer: epoch 213 step 50/135 loss=1.2782 lr=1.27e-04
2026-07-17 10:19:49,991 [INFO] trainer: epoch 213 step 100/135 loss=1.2494 lr=1.27e-04
2026-07-17 10:19:59,288 [INFO] trainer: epoch 213 done train_loss=1.2587 dt=36.7s
2026-07-17 10:20:13,386 [INFO] trainer: epoch 214 step 50/135 loss=1.2165 lr=1.27e-04
2026-07-17 10:20:26,653 [INFO] trainer: epoch 214 step 100/135 loss=1.2368 lr=1.27e-04
2026-07-17 10:20:35,943 [INFO] trainer: epoch 214 done train_loss=1.2459 dt=36.7s
2026-07-17 10:20:49,968 [INFO] trainer: epoch 215 step 50/135 loss=1.2395 lr=1.26e-04
2026-07-17 10:21:03,211 [INFO] trainer: epoch 215 step 100/135 loss=1.2146 lr=1.26e-04
2026-07-17 10:21:12,479 [INFO] trainer: epoch 215 done train_loss=1.2345 dt=36.5s
2026-07-17 10:21:26,679 [INFO] trainer: epoch 216 step 50/135 loss=1.2647 lr=1.26e-04
2026-07-17 10:21:39,933 [INFO] trainer: epoch 216 step 100/135 loss=1.1974 lr=1.25e-04
2026-07-17 10:21:49,214 [INFO] trainer: epoch 216 done train_loss=1.2457 dt=36.7s
2026-07-17 10:22:03,219 [INFO] trainer: epoch 217 step 50/135 loss=1.2506 lr=1.25e-04
2026-07-17 10:22:16,467 [INFO] trainer: epoch 217 step 100/135 loss=1.2452 lr=1.25e-04
2026-07-17 10:22:25,736 [INFO] trainer: epoch 217 done train_loss=1.2531 dt=36.5s
2026-07-17 10:22:39,875 [INFO] trainer: epoch 218 step 50/135 loss=1.2140 lr=1.24e-04
2026-07-17 10:22:53,122 [INFO] trainer: epoch 218 step 100/135 loss=1.2674 lr=1.24e-04
2026-07-17 10:23:05,915 [INFO] trainer: epoch 218 done train_loss=1.2324 dt=40.2s
2026-07-17 10:23:20,073 [INFO] trainer: epoch 219 step 50/135 loss=1.2636 lr=1.24e-04
2026-07-17 10:23:33,326 [INFO] trainer: epoch 219 step 100/135 loss=1.2253 lr=1.23e-04
2026-07-17 10:23:42,599 [INFO] trainer: epoch 219 done train_loss=1.2330 dt=36.7s
2026-07-17 10:23:57,716 [INFO] trainer: epoch 220 step 50/135 loss=1.2114 lr=1.23e-04
2026-07-17 10:24:10,985 [INFO] trainer: epoch 220 step 100/135 loss=1.2614 lr=1.23e-04
2026-07-17 10:24:20,243 [INFO] trainer: epoch 220 done train_loss=1.2388 dt=37.6s
2026-07-17 10:24:34,571 [INFO] trainer: epoch 221 step 50/135 loss=1.2656 lr=1.22e-04
2026-07-17 10:24:48,648 [INFO] trainer: epoch 221 step 100/135 loss=1.2129 lr=1.22e-04
2026-07-17 10:24:57,913 [INFO] trainer: epoch 221 done train_loss=1.2421 dt=37.4s
2026-07-17 10:25:11,987 [INFO] trainer: epoch 222 step 50/135 loss=1.2129 lr=1.22e-04
2026-07-17 10:25:25,225 [INFO] trainer: epoch 222 step 100/135 loss=1.1937 lr=1.22e-04
2026-07-17 10:25:34,488 [INFO] trainer: epoch 222 done train_loss=1.2122 dt=36.6s
2026-07-17 10:25:48,628 [INFO] trainer: epoch 223 step 50/135 loss=1.2120 lr=1.21e-04
2026-07-17 10:26:01,864 [INFO] trainer: epoch 223 step 100/135 loss=1.1852 lr=1.21e-04
2026-07-17 10:26:11,135 [INFO] trainer: epoch 223 done train_loss=1.2084 dt=36.6s
2026-07-17 10:26:25,060 [INFO] trainer: epoch 224 step 50/135 loss=1.2404 lr=1.21e-04
2026-07-17 10:26:38,296 [INFO] trainer: epoch 224 step 100/135 loss=1.1849 lr=1.20e-04
2026-07-17 10:26:47,565 [INFO] trainer: epoch 224 done train_loss=1.2214 dt=36.4s
2026-07-17 10:27:01,620 [INFO] trainer: epoch 225 step 50/135 loss=1.2924 lr=1.20e-04
2026-07-17 10:27:14,877 [INFO] trainer: epoch 225 step 100/135 loss=1.2634 lr=1.20e-04
2026-07-17 10:27:24,152 [INFO] trainer: epoch 225 done train_loss=1.2689 dt=36.6s
2026-07-17 10:28:50,617 [INFO] trainer: epoch 225 val_mean_dice=0.7855
2026-07-17 10:29:05,206 [INFO] trainer: epoch 226 step 50/135 loss=1.2529 lr=1.19e-04
2026-07-17 10:29:18,451 [INFO] trainer: epoch 226 step 100/135 loss=1.2546 lr=1.19e-04
2026-07-17 10:29:27,707 [INFO] trainer: epoch 226 done train_loss=1.2617 dt=36.7s
2026-07-17 10:29:41,722 [INFO] trainer: epoch 227 step 50/135 loss=1.2527 lr=1.19e-04
2026-07-17 10:29:54,971 [INFO] trainer: epoch 227 step 100/135 loss=1.2265 lr=1.18e-04
2026-07-17 10:30:04,225 [INFO] trainer: epoch 227 done train_loss=1.2450 dt=36.5s
2026-07-17 10:30:18,127 [INFO] trainer: epoch 228 step 50/135 loss=1.2431 lr=1.18e-04
2026-07-17 10:30:31,371 [INFO] trainer: epoch 228 step 100/135 loss=1.2418 lr=1.18e-04
2026-07-17 10:30:40,636 [INFO] trainer: epoch 228 done train_loss=1.2382 dt=36.4s
2026-07-17 10:30:54,856 [INFO] trainer: epoch 229 step 50/135 loss=1.2140 lr=1.17e-04
2026-07-17 10:31:08,103 [INFO] trainer: epoch 229 step 100/135 loss=1.2144 lr=1.17e-04
2026-07-17 10:31:17,377 [INFO] trainer: epoch 229 done train_loss=1.2130 dt=36.7s
2026-07-17 10:31:31,499 [INFO] trainer: epoch 230 step 50/135 loss=1.1963 lr=1.17e-04
2026-07-17 10:31:44,755 [INFO] trainer: epoch 230 step 100/135 loss=1.1699 lr=1.17e-04
2026-07-17 10:31:54,015 [INFO] trainer: epoch 230 done train_loss=1.1980 dt=36.6s
2026-07-17 10:32:08,684 [INFO] trainer: epoch 231 step 50/135 loss=1.2211 lr=1.16e-04
2026-07-17 10:32:21,960 [INFO] trainer: epoch 231 step 100/135 loss=1.1959 lr=1.16e-04
2026-07-17 10:32:31,242 [INFO] trainer: epoch 231 done train_loss=1.2090 dt=36.9s
2026-07-17 10:32:45,382 [INFO] trainer: epoch 232 step 50/135 loss=1.2304 lr=1.16e-04
2026-07-17 10:32:58,648 [INFO] trainer: epoch 232 step 100/135 loss=1.2097 lr=1.15e-04
2026-07-17 10:33:11,353 [INFO] trainer: epoch 232 done train_loss=1.2200 dt=40.1s
2026-07-17 10:33:25,718 [INFO] trainer: epoch 233 step 50/135 loss=1.2193 lr=1.15e-04
2026-07-17 10:33:38,974 [INFO] trainer: epoch 233 step 100/135 loss=1.2027 lr=1.15e-04
2026-07-17 10:33:48,252 [INFO] trainer: epoch 233 done train_loss=1.2217 dt=36.9s
2026-07-17 10:34:02,382 [INFO] trainer: epoch 234 step 50/135 loss=1.2048 lr=1.14e-04
2026-07-17 10:34:15,639 [INFO] trainer: epoch 234 step 100/135 loss=1.2124 lr=1.14e-04
2026-07-17 10:34:24,908 [INFO] trainer: epoch 234 done train_loss=1.2183 dt=36.7s
2026-07-17 10:34:39,074 [INFO] trainer: epoch 235 step 50/135 loss=1.2315 lr=1.14e-04
2026-07-17 10:34:52,344 [INFO] trainer: epoch 235 step 100/135 loss=1.1757 lr=1.13e-04
2026-07-17 10:35:01,615 [INFO] trainer: epoch 235 done train_loss=1.2057 dt=36.7s
2026-07-17 10:35:15,704 [INFO] trainer: epoch 236 step 50/135 loss=1.1889 lr=1.13e-04
2026-07-17 10:35:28,973 [INFO] trainer: epoch 236 step 100/135 loss=1.2155 lr=1.13e-04
2026-07-17 10:35:42,359 [INFO] trainer: epoch 236 done train_loss=1.2077 dt=40.7s
2026-07-17 10:35:56,482 [INFO] trainer: epoch 237 step 50/135 loss=1.1732 lr=1.12e-04
2026-07-17 10:36:09,749 [INFO] trainer: epoch 237 step 100/135 loss=1.2581 lr=1.12e-04
2026-07-17 10:36:19,021 [INFO] trainer: epoch 237 done train_loss=1.2114 dt=36.7s
2026-07-17 10:36:33,136 [INFO] trainer: epoch 238 step 50/135 loss=1.2128 lr=1.12e-04
2026-07-17 10:36:46,391 [INFO] trainer: epoch 238 step 100/135 loss=1.2292 lr=1.11e-04
2026-07-17 10:36:55,663 [INFO] trainer: epoch 238 done train_loss=1.2175 dt=36.6s
2026-07-17 10:37:09,842 [INFO] trainer: epoch 239 step 50/135 loss=1.1580 lr=1.11e-04
2026-07-17 10:37:23,120 [INFO] trainer: epoch 239 step 100/135 loss=1.2300 lr=1.11e-04
2026-07-17 10:37:32,401 [INFO] trainer: epoch 239 done train_loss=1.2004 dt=36.7s
2026-07-17 10:37:46,383 [INFO] trainer: epoch 240 step 50/135 loss=1.1459 lr=1.10e-04
2026-07-17 10:37:59,622 [INFO] trainer: epoch 240 step 100/135 loss=1.2062 lr=1.10e-04
2026-07-17 10:38:08,880 [INFO] trainer: epoch 240 done train_loss=1.1810 dt=36.5s
2026-07-17 10:38:27,189 [INFO] trainer: epoch 241 step 50/135 loss=1.2051 lr=1.10e-04
2026-07-17 10:38:40,445 [INFO] trainer: epoch 241 step 100/135 loss=1.2317 lr=1.10e-04
2026-07-17 10:38:49,703 [INFO] trainer: epoch 241 done train_loss=1.2341 dt=36.6s
2026-07-17 10:39:03,822 [INFO] trainer: epoch 242 step 50/135 loss=1.1797 lr=1.09e-04
2026-07-17 10:39:17,083 [INFO] trainer: epoch 242 step 100/135 loss=1.1459 lr=1.09e-04
2026-07-17 10:39:26,348 [INFO] trainer: epoch 242 done train_loss=1.1846 dt=36.6s
2026-07-17 10:39:40,591 [INFO] trainer: epoch 243 step 50/135 loss=1.2158 lr=1.09e-04
2026-07-17 10:39:53,829 [INFO] trainer: epoch 243 step 100/135 loss=1.2388 lr=1.08e-04
2026-07-17 10:40:03,093 [INFO] trainer: epoch 243 done train_loss=1.2145 dt=36.7s
2026-07-17 10:40:17,297 [INFO] trainer: epoch 244 step 50/135 loss=1.2569 lr=1.08e-04
2026-07-17 10:40:30,554 [INFO] trainer: epoch 244 step 100/135 loss=1.2137 lr=1.08e-04
2026-07-17 10:40:39,830 [INFO] trainer: epoch 244 done train_loss=1.2322 dt=36.7s
2026-07-17 10:40:54,126 [INFO] trainer: epoch 245 step 50/135 loss=1.1815 lr=1.07e-04
2026-07-17 10:41:07,390 [INFO] trainer: epoch 245 step 100/135 loss=1.2282 lr=1.07e-04
2026-07-17 10:41:16,663 [INFO] trainer: epoch 245 done train_loss=1.2181 dt=36.8s
2026-07-17 10:41:30,694 [INFO] trainer: epoch 246 step 50/135 loss=1.2379 lr=1.07e-04
2026-07-17 10:41:43,956 [INFO] trainer: epoch 246 step 100/135 loss=1.1941 lr=1.06e-04
2026-07-17 10:42:37,702 [INFO] trainer: epoch 246 done train_loss=1.2179 dt=81.0s
2026-07-17 10:42:51,957 [INFO] trainer: epoch 247 step 50/135 loss=1.1829 lr=1.06e-04
2026-07-17 10:43:05,228 [INFO] trainer: epoch 247 step 100/135 loss=1.2138 lr=1.06e-04
2026-07-17 10:43:14,503 [INFO] trainer: epoch 247 done train_loss=1.1973 dt=36.7s
2026-07-17 10:43:28,757 [INFO] trainer: epoch 248 step 50/135 loss=1.1763 lr=1.05e-04
2026-07-17 10:43:42,028 [INFO] trainer: epoch 248 step 100/135 loss=1.2389 lr=1.05e-04
2026-07-17 10:43:51,302 [INFO] trainer: epoch 248 done train_loss=1.1882 dt=36.8s
2026-07-17 10:44:05,527 [INFO] trainer: epoch 249 step 50/135 loss=1.2430 lr=1.05e-04
2026-07-17 10:44:18,776 [INFO] trainer: epoch 249 step 100/135 loss=1.1955 lr=1.04e-04
2026-07-17 10:44:28,050 [INFO] trainer: epoch 249 done train_loss=1.2075 dt=36.7s
2026-07-17 10:44:42,481 [INFO] trainer: epoch 250 step 50/135 loss=1.1697 lr=1.04e-04
2026-07-17 10:44:55,769 [INFO] trainer: epoch 250 step 100/135 loss=1.2854 lr=1.04e-04
2026-07-17 10:45:05,044 [INFO] trainer: epoch 250 done train_loss=1.2251 dt=37.0s
2026-07-17 10:46:32,624 [INFO] trainer: epoch 250 val_mean_dice=0.7857
2026-07-17 10:46:47,929 [INFO] trainer: epoch 251 step 50/135 loss=1.1832 lr=1.03e-04
2026-07-17 10:47:01,211 [INFO] trainer: epoch 251 step 100/135 loss=1.2278 lr=1.03e-04
2026-07-17 10:47:10,480 [INFO] trainer: epoch 251 done train_loss=1.2043 dt=37.3s
2026-07-17 10:47:24,729 [INFO] trainer: epoch 252 step 50/135 loss=1.1499 lr=1.03e-04
2026-07-17 10:47:37,981 [INFO] trainer: epoch 252 step 100/135 loss=1.1823 lr=1.03e-04
2026-07-17 10:47:47,241 [INFO] trainer: epoch 252 done train_loss=1.1768 dt=36.8s
2026-07-17 10:48:01,348 [INFO] trainer: epoch 253 step 50/135 loss=1.1982 lr=1.02e-04
2026-07-17 10:48:14,599 [INFO] trainer: epoch 253 step 100/135 loss=1.1606 lr=1.02e-04
2026-07-17 10:48:23,877 [INFO] trainer: epoch 253 done train_loss=1.1986 dt=36.6s
2026-07-17 10:48:38,261 [INFO] trainer: epoch 254 step 50/135 loss=1.2450 lr=1.02e-04
2026-07-17 10:48:51,523 [INFO] trainer: epoch 254 step 100/135 loss=1.2046 lr=1.01e-04
2026-07-17 10:49:00,798 [INFO] trainer: epoch 254 done train_loss=1.2273 dt=36.9s
2026-07-17 10:49:14,893 [INFO] trainer: epoch 255 step 50/135 loss=1.1788 lr=1.01e-04
2026-07-17 10:49:28,115 [INFO] trainer: epoch 255 step 100/135 loss=1.1787 lr=1.01e-04
2026-07-17 10:49:37,388 [INFO] trainer: epoch 255 done train_loss=1.1761 dt=36.6s
2026-07-17 10:49:51,310 [INFO] trainer: epoch 256 step 50/135 loss=1.2331 lr=1.00e-04
2026-07-17 10:50:04,565 [INFO] trainer: epoch 256 step 100/135 loss=1.1627 lr=1.00e-04
2026-07-17 10:50:13,828 [INFO] trainer: epoch 256 done train_loss=1.1934 dt=36.4s
2026-07-17 10:50:27,893 [INFO] trainer: epoch 257 step 50/135 loss=1.1911 lr=9.96e-05
2026-07-17 10:50:41,159 [INFO] trainer: epoch 257 step 100/135 loss=1.1589 lr=9.94e-05
2026-07-17 10:50:50,434 [INFO] trainer: epoch 257 done train_loss=1.1711 dt=36.6s
2026-07-17 10:51:04,899 [INFO] trainer: epoch 258 step 50/135 loss=1.2094 lr=9.90e-05
2026-07-17 10:51:18,152 [INFO] trainer: epoch 258 step 100/135 loss=1.2053 lr=9.88e-05
2026-07-17 10:51:27,428 [INFO] trainer: epoch 258 done train_loss=1.2057 dt=37.0s
2026-07-17 10:51:41,747 [INFO] trainer: epoch 259 step 50/135 loss=1.1616 lr=9.84e-05
2026-07-17 10:51:55,022 [INFO] trainer: epoch 259 step 100/135 loss=1.1690 lr=9.81e-05
2026-07-17 10:52:04,298 [INFO] trainer: epoch 259 done train_loss=1.1650 dt=36.9s
2026-07-17 10:52:18,568 [INFO] trainer: epoch 260 step 50/135 loss=1.2113 lr=9.77e-05
2026-07-17 10:52:31,815 [INFO] trainer: epoch 260 step 100/135 loss=1.2067 lr=9.75e-05
2026-07-17 10:52:41,091 [INFO] trainer: epoch 260 done train_loss=1.1986 dt=36.8s
2026-07-17 10:52:55,588 [INFO] trainer: epoch 261 step 50/135 loss=1.1881 lr=9.71e-05
2026-07-17 10:53:08,855 [INFO] trainer: epoch 261 step 100/135 loss=1.2148 lr=9.68e-05
2026-07-17 10:53:18,137 [INFO] trainer: epoch 261 done train_loss=1.1939 dt=36.8s
2026-07-17 10:53:32,420 [INFO] trainer: epoch 262 step 50/135 loss=1.1878 lr=9.64e-05
2026-07-17 10:53:45,679 [INFO] trainer: epoch 262 step 100/135 loss=1.1952 lr=9.62e-05
2026-07-17 10:53:54,958 [INFO] trainer: epoch 262 done train_loss=1.1902 dt=36.8s
2026-07-17 10:54:09,324 [INFO] trainer: epoch 263 step 50/135 loss=1.1261 lr=9.58e-05
2026-07-17 10:54:22,568 [INFO] trainer: epoch 263 step 100/135 loss=1.1923 lr=9.56e-05
2026-07-17 10:54:31,850 [INFO] trainer: epoch 263 done train_loss=1.1715 dt=36.9s
2026-07-17 10:54:46,112 [INFO] trainer: epoch 264 step 50/135 loss=1.1723 lr=9.52e-05
2026-07-17 10:54:59,382 [INFO] trainer: epoch 264 step 100/135 loss=1.1671 lr=9.49e-05
2026-07-17 10:55:08,652 [INFO] trainer: epoch 264 done train_loss=1.1654 dt=36.8s
2026-07-17 10:55:22,769 [INFO] trainer: epoch 265 step 50/135 loss=1.1602 lr=9.45e-05
2026-07-17 10:55:36,043 [INFO] trainer: epoch 265 step 100/135 loss=1.1726 lr=9.43e-05
2026-07-17 10:55:45,322 [INFO] trainer: epoch 265 done train_loss=1.1740 dt=36.7s
2026-07-17 10:55:59,579 [INFO] trainer: epoch 266 step 50/135 loss=1.2080 lr=9.39e-05
2026-07-17 10:56:12,859 [INFO] trainer: epoch 266 step 100/135 loss=1.2299 lr=9.37e-05
2026-07-17 10:56:22,141 [INFO] trainer: epoch 266 done train_loss=1.1952 dt=36.8s
2026-07-17 10:56:36,471 [INFO] trainer: epoch 267 step 50/135 loss=1.2494 lr=9.33e-05
2026-07-17 10:56:49,752 [INFO] trainer: epoch 267 step 100/135 loss=1.2346 lr=9.30e-05
2026-07-17 10:56:59,047 [INFO] trainer: epoch 267 done train_loss=1.2260 dt=36.9s
2026-07-17 10:57:13,221 [INFO] trainer: epoch 268 step 50/135 loss=1.1888 lr=9.26e-05
2026-07-17 10:57:26,466 [INFO] trainer: epoch 268 step 100/135 loss=1.1731 lr=9.24e-05
2026-07-17 10:57:35,732 [INFO] trainer: epoch 268 done train_loss=1.2072 dt=36.7s
2026-07-17 10:57:49,725 [INFO] trainer: epoch 269 step 50/135 loss=1.2115 lr=9.20e-05
2026-07-17 10:58:02,994 [INFO] trainer: epoch 269 step 100/135 loss=1.1879 lr=9.17e-05
2026-07-17 10:58:12,271 [INFO] trainer: epoch 269 done train_loss=1.1869 dt=36.5s
2026-07-17 10:58:26,609 [INFO] trainer: epoch 270 step 50/135 loss=1.1607 lr=9.13e-05
2026-07-17 10:58:39,880 [INFO] trainer: epoch 270 step 100/135 loss=1.2134 lr=9.11e-05
2026-07-17 10:58:49,156 [INFO] trainer: epoch 270 done train_loss=1.1801 dt=36.9s
2026-07-17 10:59:03,617 [INFO] trainer: epoch 271 step 50/135 loss=1.2449 lr=9.07e-05
2026-07-17 10:59:16,879 [INFO] trainer: epoch 271 step 100/135 loss=1.2133 lr=9.05e-05
2026-07-17 10:59:26,149 [INFO] trainer: epoch 271 done train_loss=1.2192 dt=36.7s
2026-07-17 10:59:40,458 [INFO] trainer: epoch 272 step 50/135 loss=1.1301 lr=9.01e-05
2026-07-17 10:59:53,715 [INFO] trainer: epoch 272 step 100/135 loss=1.1415 lr=8.98e-05
2026-07-17 11:00:02,983 [INFO] trainer: epoch 272 done train_loss=1.1598 dt=36.8s
2026-07-17 11:00:17,262 [INFO] trainer: epoch 273 step 50/135 loss=1.1934 lr=8.94e-05
2026-07-17 11:00:30,510 [INFO] trainer: epoch 273 step 100/135 loss=1.1529 lr=8.92e-05
2026-07-17 11:00:39,776 [INFO] trainer: epoch 273 done train_loss=1.1945 dt=36.8s
2026-07-17 11:00:53,936 [INFO] trainer: epoch 274 step 50/135 loss=1.1694 lr=8.88e-05
2026-07-17 11:01:07,182 [INFO] trainer: epoch 274 step 100/135 loss=1.1538 lr=8.86e-05
2026-07-17 11:01:16,450 [INFO] trainer: epoch 274 done train_loss=1.1633 dt=36.7s
2026-07-17 11:01:30,554 [INFO] trainer: epoch 275 step 50/135 loss=1.1536 lr=8.82e-05
2026-07-17 11:01:43,816 [INFO] trainer: epoch 275 step 100/135 loss=1.1048 lr=8.79e-05
2026-07-17 11:01:53,088 [INFO] trainer: epoch 275 done train_loss=1.1424 dt=36.6s
2026-07-17 11:03:15,319 [INFO] trainer: epoch 275 val_mean_dice=0.7870
2026-07-17 11:03:29,822 [INFO] trainer: epoch 276 step 50/135 loss=1.1767 lr=8.75e-05
2026-07-17 11:03:43,099 [INFO] trainer: epoch 276 step 100/135 loss=1.1324 lr=8.73e-05
2026-07-17 11:03:52,377 [INFO] trainer: epoch 276 done train_loss=1.1717 dt=36.7s
2026-07-17 11:04:06,483 [INFO] trainer: epoch 277 step 50/135 loss=1.1642 lr=8.69e-05
2026-07-17 11:04:19,714 [INFO] trainer: epoch 277 step 100/135 loss=1.1950 lr=8.67e-05
2026-07-17 11:04:28,978 [INFO] trainer: epoch 277 done train_loss=1.1710 dt=36.6s
2026-07-17 11:04:43,079 [INFO] trainer: epoch 278 step 50/135 loss=1.1736 lr=8.63e-05
2026-07-17 11:04:56,336 [INFO] trainer: epoch 278 step 100/135 loss=1.1654 lr=8.60e-05
2026-07-17 11:05:05,610 [INFO] trainer: epoch 278 done train_loss=1.1723 dt=36.6s
2026-07-17 11:05:19,906 [INFO] trainer: epoch 279 step 50/135 loss=1.1247 lr=8.56e-05
2026-07-17 11:05:33,158 [INFO] trainer: epoch 279 step 100/135 loss=1.1733 lr=8.54e-05
2026-07-17 11:05:42,436 [INFO] trainer: epoch 279 done train_loss=1.1492 dt=36.8s
2026-07-17 11:05:56,628 [INFO] trainer: epoch 280 step 50/135 loss=1.2010 lr=8.50e-05
2026-07-17 11:06:09,898 [INFO] trainer: epoch 280 step 100/135 loss=1.1654 lr=8.48e-05
2026-07-17 11:06:19,172 [INFO] trainer: epoch 280 done train_loss=1.1775 dt=36.7s
2026-07-17 11:06:33,649 [INFO] trainer: epoch 281 step 50/135 loss=1.1466 lr=8.44e-05
2026-07-17 11:06:46,932 [INFO] trainer: epoch 281 step 100/135 loss=1.1829 lr=8.42e-05
2026-07-17 11:06:56,213 [INFO] trainer: epoch 281 done train_loss=1.1653 dt=36.6s
2026-07-17 11:07:10,411 [INFO] trainer: epoch 282 step 50/135 loss=1.1672 lr=8.38e-05
2026-07-17 11:07:23,683 [INFO] trainer: epoch 282 step 100/135 loss=1.2097 lr=8.35e-05
2026-07-17 11:07:32,956 [INFO] trainer: epoch 282 done train_loss=1.1817 dt=36.7s
2026-07-17 11:07:47,204 [INFO] trainer: epoch 283 step 50/135 loss=1.2009 lr=8.31e-05
2026-07-17 11:08:00,489 [INFO] trainer: epoch 283 step 100/135 loss=1.1923 lr=8.29e-05
2026-07-17 11:08:09,764 [INFO] trainer: epoch 283 done train_loss=1.1982 dt=36.8s
2026-07-17 11:08:24,226 [INFO] trainer: epoch 284 step 50/135 loss=1.1879 lr=8.25e-05
2026-07-17 11:08:37,517 [INFO] trainer: epoch 284 step 100/135 loss=1.1678 lr=8.23e-05
2026-07-17 11:08:46,788 [INFO] trainer: epoch 284 done train_loss=1.1899 dt=37.0s
2026-07-17 11:09:00,963 [INFO] trainer: epoch 285 step 50/135 loss=1.1306 lr=8.19e-05
2026-07-17 11:09:14,260 [INFO] trainer: epoch 285 step 100/135 loss=1.1538 lr=8.16e-05
2026-07-17 11:09:23,941 [INFO] trainer: epoch 285 done train_loss=1.1449 dt=37.2s
2026-07-17 11:09:38,061 [INFO] trainer: epoch 286 step 50/135 loss=1.1630 lr=8.12e-05
2026-07-17 11:09:51,341 [INFO] trainer: epoch 286 step 100/135 loss=1.1524 lr=8.10e-05
2026-07-17 11:10:00,621 [INFO] trainer: epoch 286 done train_loss=1.1628 dt=36.7s
2026-07-17 11:10:14,659 [INFO] trainer: epoch 287 step 50/135 loss=1.1604 lr=8.06e-05
2026-07-17 11:10:27,930 [INFO] trainer: epoch 287 step 100/135 loss=1.2333 lr=8.04e-05
2026-07-17 11:10:37,200 [INFO] trainer: epoch 287 done train_loss=1.1837 dt=36.6s
2026-07-17 11:10:51,724 [INFO] trainer: epoch 288 step 50/135 loss=1.2075 lr=8.00e-05
2026-07-17 11:11:05,001 [INFO] trainer: epoch 288 step 100/135 loss=1.1128 lr=7.98e-05
2026-07-17 11:11:14,288 [INFO] trainer: epoch 288 done train_loss=1.1763 dt=37.1s
2026-07-17 11:11:28,548 [INFO] trainer: epoch 289 step 50/135 loss=1.1927 lr=7.94e-05
2026-07-17 11:11:41,826 [INFO] trainer: epoch 289 step 100/135 loss=1.2243 lr=7.91e-05
2026-07-17 11:11:51,108 [INFO] trainer: epoch 289 done train_loss=1.2068 dt=36.8s
2026-07-17 11:12:05,467 [INFO] trainer: epoch 290 step 50/135 loss=1.1386 lr=7.88e-05
2026-07-17 11:12:18,748 [INFO] trainer: epoch 290 step 100/135 loss=1.1870 lr=7.85e-05
2026-07-17 11:12:28,016 [INFO] trainer: epoch 290 done train_loss=1.1490 dt=36.9s
2026-07-17 11:12:42,659 [INFO] trainer: epoch 291 step 50/135 loss=1.1381 lr=7.81e-05
2026-07-17 11:12:55,944 [INFO] trainer: epoch 291 step 100/135 loss=1.1583 lr=7.79e-05
2026-07-17 11:13:05,226 [INFO] trainer: epoch 291 done train_loss=1.1672 dt=36.9s
2026-07-17 11:13:19,586 [INFO] trainer: epoch 292 step 50/135 loss=1.1832 lr=7.75e-05
2026-07-17 11:13:32,891 [INFO] trainer: epoch 292 step 100/135 loss=1.1579 lr=7.73e-05
2026-07-17 11:13:42,232 [INFO] trainer: epoch 292 done train_loss=1.1731 dt=37.0s
2026-07-17 11:13:56,583 [INFO] trainer: epoch 293 step 50/135 loss=1.1249 lr=7.69e-05
2026-07-17 11:14:09,870 [INFO] trainer: epoch 293 step 100/135 loss=1.1445 lr=7.67e-05
2026-07-17 11:14:19,145 [INFO] trainer: epoch 293 done train_loss=1.1702 dt=36.9s
2026-07-17 11:14:33,320 [INFO] trainer: epoch 294 step 50/135 loss=1.1352 lr=7.63e-05
2026-07-17 11:14:46,586 [INFO] trainer: epoch 294 step 100/135 loss=1.1749 lr=7.60e-05
2026-07-17 11:14:55,858 [INFO] trainer: epoch 294 done train_loss=1.1597 dt=36.7s
2026-07-17 11:15:10,002 [INFO] trainer: epoch 295 step 50/135 loss=1.1704 lr=7.57e-05
2026-07-17 11:15:23,279 [INFO] trainer: epoch 295 step 100/135 loss=1.1708 lr=7.54e-05
2026-07-17 11:15:32,553 [INFO] trainer: epoch 295 done train_loss=1.1625 dt=36.7s
2026-07-17 11:15:46,817 [INFO] trainer: epoch 296 step 50/135 loss=1.1544 lr=7.50e-05
2026-07-17 11:16:00,110 [INFO] trainer: epoch 296 step 100/135 loss=1.1735 lr=7.48e-05
2026-07-17 11:16:09,395 [INFO] trainer: epoch 296 done train_loss=1.1727 dt=36.8s
2026-07-17 11:16:23,657 [INFO] trainer: epoch 297 step 50/135 loss=1.1610 lr=7.44e-05
2026-07-17 11:16:36,949 [INFO] trainer: epoch 297 step 100/135 loss=1.2237 lr=7.42e-05
2026-07-17 11:16:46,222 [INFO] trainer: epoch 297 done train_loss=1.1916 dt=36.8s
2026-07-17 11:17:00,429 [INFO] trainer: epoch 298 step 50/135 loss=1.1505 lr=7.38e-05
2026-07-17 11:17:13,705 [INFO] trainer: epoch 298 step 100/135 loss=1.1704 lr=7.36e-05
2026-07-17 11:17:22,999 [INFO] trainer: epoch 298 done train_loss=1.1576 dt=36.8s
2026-07-17 11:17:37,256 [INFO] trainer: epoch 299 step 50/135 loss=1.1759 lr=7.32e-05
2026-07-17 11:17:50,541 [INFO] trainer: epoch 299 step 100/135 loss=1.1261 lr=7.30e-05
2026-07-17 11:17:59,823 [INFO] trainer: epoch 299 done train_loss=1.1619 dt=36.8s
2026-07-17 11:18:13,857 [INFO] trainer: epoch 300 step 50/135 loss=1.1347 lr=7.26e-05
2026-07-17 11:18:27,150 [INFO] trainer: epoch 300 step 100/135 loss=1.2098 lr=7.24e-05
2026-07-17 11:18:36,428 [INFO] trainer: epoch 300 done train_loss=1.1609 dt=36.6s
2026-07-17 11:19:58,645 [INFO] trainer: epoch 300 val_mean_dice=0.7899
2026-07-17 11:20:16,414 [INFO] trainer: epoch 301 step 50/135 loss=1.1340 lr=7.20e-05
2026-07-17 11:20:29,679 [INFO] trainer: epoch 301 step 100/135 loss=1.1664 lr=7.17e-05
2026-07-17 11:20:38,952 [INFO] trainer: epoch 301 done train_loss=1.1424 dt=39.7s
2026-07-17 11:20:53,191 [INFO] trainer: epoch 302 step 50/135 loss=1.1266 lr=7.14e-05
2026-07-17 11:21:06,448 [INFO] trainer: epoch 302 step 100/135 loss=1.2252 lr=7.11e-05
2026-07-17 11:21:15,726 [INFO] trainer: epoch 302 done train_loss=1.1687 dt=36.8s
2026-07-17 11:21:29,917 [INFO] trainer: epoch 303 step 50/135 loss=1.1966 lr=7.07e-05
2026-07-17 11:21:43,178 [INFO] trainer: epoch 303 step 100/135 loss=1.1466 lr=7.05e-05
2026-07-17 11:21:52,455 [INFO] trainer: epoch 303 done train_loss=1.1535 dt=36.7s
2026-07-17 11:22:06,768 [INFO] trainer: epoch 304 step 50/135 loss=1.1956 lr=7.01e-05
2026-07-17 11:22:20,060 [INFO] trainer: epoch 304 step 100/135 loss=1.1201 lr=6.99e-05
2026-07-17 11:22:29,343 [INFO] trainer: epoch 304 done train_loss=1.1620 dt=36.9s
2026-07-17 11:22:43,527 [INFO] trainer: epoch 305 step 50/135 loss=1.1827 lr=6.95e-05
2026-07-17 11:22:56,795 [INFO] trainer: epoch 305 step 100/135 loss=1.1138 lr=6.93e-05
2026-07-17 11:23:06,067 [INFO] trainer: epoch 305 done train_loss=1.1583 dt=36.7s
2026-07-17 11:23:20,335 [INFO] trainer: epoch 306 step 50/135 loss=1.1980 lr=6.89e-05
2026-07-17 11:23:33,583 [INFO] trainer: epoch 306 step 100/135 loss=1.1484 lr=6.87e-05
2026-07-17 11:23:42,825 [INFO] trainer: epoch 306 done train_loss=1.1577 dt=36.8s
2026-07-17 11:23:56,912 [INFO] trainer: epoch 307 step 50/135 loss=1.1408 lr=6.83e-05
2026-07-17 11:24:10,190 [INFO] trainer: epoch 307 step 100/135 loss=1.1423 lr=6.81e-05
2026-07-17 11:24:19,473 [INFO] trainer: epoch 307 done train_loss=1.1608 dt=36.6s
2026-07-17 11:24:33,757 [INFO] trainer: epoch 308 step 50/135 loss=1.1558 lr=6.77e-05
2026-07-17 11:24:47,010 [INFO] trainer: epoch 308 step 100/135 loss=1.1745 lr=6.75e-05
2026-07-17 11:24:56,281 [INFO] trainer: epoch 308 done train_loss=1.1743 dt=36.8s
2026-07-17 11:25:10,444 [INFO] trainer: epoch 309 step 50/135 loss=1.1754 lr=6.71e-05
2026-07-17 11:25:23,722 [INFO] trainer: epoch 309 step 100/135 loss=1.2124 lr=6.69e-05
2026-07-17 11:25:33,015 [INFO] trainer: epoch 309 done train_loss=1.1689 dt=36.7s
2026-07-17 11:25:47,435 [INFO] trainer: epoch 310 step 50/135 loss=1.1590 lr=6.65e-05
2026-07-17 11:26:00,720 [INFO] trainer: epoch 310 step 100/135 loss=1.1620 lr=6.63e-05
2026-07-17 11:26:09,998 [INFO] trainer: epoch 310 done train_loss=1.1566 dt=37.0s
2026-07-17 11:26:24,462 [INFO] trainer: epoch 311 step 50/135 loss=1.2053 lr=6.59e-05
2026-07-17 11:26:37,698 [INFO] trainer: epoch 311 step 100/135 loss=1.1375 lr=6.57e-05
2026-07-17 11:26:46,969 [INFO] trainer: epoch 311 done train_loss=1.1704 dt=36.7s
2026-07-17 11:27:00,990 [INFO] trainer: epoch 312 step 50/135 loss=1.1047 lr=6.53e-05
2026-07-17 11:27:14,245 [INFO] trainer: epoch 312 step 100/135 loss=1.1710 lr=6.51e-05
2026-07-17 11:27:23,517 [INFO] trainer: epoch 312 done train_loss=1.1400 dt=36.5s
2026-07-17 11:27:37,535 [INFO] trainer: epoch 313 step 50/135 loss=1.1195 lr=6.47e-05
2026-07-17 11:27:50,804 [INFO] trainer: epoch 313 step 100/135 loss=1.1601 lr=6.45e-05
2026-07-17 11:28:00,071 [INFO] trainer: epoch 313 done train_loss=1.1499 dt=36.6s
2026-07-17 11:28:14,277 [INFO] trainer: epoch 314 step 50/135 loss=1.1866 lr=6.41e-05
2026-07-17 11:28:27,564 [INFO] trainer: epoch 314 step 100/135 loss=1.1649 lr=6.39e-05
2026-07-17 11:28:36,848 [INFO] trainer: epoch 314 done train_loss=1.1689 dt=36.8s
2026-07-17 11:28:52,171 [INFO] trainer: epoch 315 step 50/135 loss=1.1783 lr=6.35e-05
2026-07-17 11:29:05,583 [INFO] trainer: epoch 315 step 100/135 loss=1.1573 lr=6.33e-05
2026-07-17 11:29:14,866 [INFO] trainer: epoch 315 done train_loss=1.1652 dt=38.0s
2026-07-17 11:29:29,314 [INFO] trainer: epoch 316 step 50/135 loss=1.1704 lr=6.29e-05
2026-07-17 11:29:42,582 [INFO] trainer: epoch 316 step 100/135 loss=1.1979 lr=6.27e-05
2026-07-17 11:29:51,862 [INFO] trainer: epoch 316 done train_loss=1.1805 dt=37.0s
2026-07-17 11:30:06,480 [INFO] trainer: epoch 317 step 50/135 loss=1.1094 lr=6.24e-05
2026-07-17 11:30:19,754 [INFO] trainer: epoch 317 step 100/135 loss=1.1467 lr=6.21e-05
2026-07-17 11:30:29,040 [INFO] trainer: epoch 317 done train_loss=1.1249 dt=37.2s
2026-07-17 11:30:43,439 [INFO] trainer: epoch 318 step 50/135 loss=1.1260 lr=6.18e-05
2026-07-17 11:30:56,664 [INFO] trainer: epoch 318 step 100/135 loss=1.1577 lr=6.15e-05
2026-07-17 11:31:05,923 [INFO] trainer: epoch 318 done train_loss=1.1486 dt=36.9s
2026-07-17 11:31:20,274 [INFO] trainer: epoch 319 step 50/135 loss=1.1575 lr=6.12e-05
2026-07-17 11:31:33,533 [INFO] trainer: epoch 319 step 100/135 loss=1.1934 lr=6.10e-05
2026-07-17 11:31:42,796 [INFO] trainer: epoch 319 done train_loss=1.1681 dt=36.9s
2026-07-17 11:31:56,890 [INFO] trainer: epoch 320 step 50/135 loss=1.1137 lr=6.06e-05
2026-07-17 11:32:10,152 [INFO] trainer: epoch 320 step 100/135 loss=1.1568 lr=6.04e-05
2026-07-17 11:32:19,420 [INFO] trainer: epoch 320 done train_loss=1.1296 dt=36.6s
2026-07-17 11:32:33,844 [INFO] trainer: epoch 321 step 50/135 loss=1.1067 lr=6.00e-05
2026-07-17 11:32:47,147 [INFO] trainer: epoch 321 step 100/135 loss=1.1579 lr=5.98e-05
2026-07-17 11:32:56,443 [INFO] trainer: epoch 321 done train_loss=1.1349 dt=36.7s
2026-07-17 11:33:10,779 [INFO] trainer: epoch 322 step 50/135 loss=1.1379 lr=5.94e-05
2026-07-17 11:33:24,010 [INFO] trainer: epoch 322 step 100/135 loss=1.1473 lr=5.92e-05
2026-07-17 11:33:33,270 [INFO] trainer: epoch 322 done train_loss=1.1472 dt=36.8s
2026-07-17 11:33:47,374 [INFO] trainer: epoch 323 step 50/135 loss=1.1756 lr=5.88e-05
2026-07-17 11:34:00,673 [INFO] trainer: epoch 323 step 100/135 loss=1.1327 lr=5.86e-05
2026-07-17 11:34:09,968 [INFO] trainer: epoch 323 done train_loss=1.1508 dt=36.7s
2026-07-17 11:34:23,963 [INFO] trainer: epoch 324 step 50/135 loss=1.1151 lr=5.83e-05
2026-07-17 11:34:37,226 [INFO] trainer: epoch 324 step 100/135 loss=1.1540 lr=5.81e-05
2026-07-17 11:34:46,494 [INFO] trainer: epoch 324 done train_loss=1.1472 dt=36.5s
2026-07-17 11:35:00,746 [INFO] trainer: epoch 325 step 50/135 loss=1.1728 lr=5.77e-05
2026-07-17 11:35:14,008 [INFO] trainer: epoch 325 step 100/135 loss=1.1989 lr=5.75e-05
2026-07-17 11:35:23,277 [INFO] trainer: epoch 325 done train_loss=1.1605 dt=36.8s
2026-07-17 11:36:50,155 [INFO] trainer: epoch 325 val_mean_dice=0.7866
2026-07-17 11:37:04,416 [INFO] trainer: epoch 326 step 50/135 loss=1.1041 lr=5.71e-05
2026-07-17 11:37:17,666 [INFO] trainer: epoch 326 step 100/135 loss=1.1231 lr=5.69e-05
2026-07-17 11:37:26,926 [INFO] trainer: epoch 326 done train_loss=1.1257 dt=36.8s
2026-07-17 11:37:41,203 [INFO] trainer: epoch 327 step 50/135 loss=1.1458 lr=5.65e-05
2026-07-17 11:37:54,444 [INFO] trainer: epoch 327 step 100/135 loss=1.1836 lr=5.63e-05
2026-07-17 11:38:03,698 [INFO] trainer: epoch 327 done train_loss=1.1646 dt=36.8s
2026-07-17 11:38:18,082 [INFO] trainer: epoch 328 step 50/135 loss=1.1689 lr=5.60e-05
2026-07-17 11:38:31,346 [INFO] trainer: epoch 328 step 100/135 loss=1.1274 lr=5.58e-05
2026-07-17 11:38:40,610 [INFO] trainer: epoch 328 done train_loss=1.1469 dt=36.9s
2026-07-17 11:38:55,064 [INFO] trainer: epoch 329 step 50/135 loss=1.1568 lr=5.54e-05
2026-07-17 11:39:08,332 [INFO] trainer: epoch 329 step 100/135 loss=1.2024 lr=5.52e-05
2026-07-17 11:39:17,597 [INFO] trainer: epoch 329 done train_loss=1.1751 dt=37.0s
2026-07-17 11:39:31,742 [INFO] trainer: epoch 330 step 50/135 loss=1.1570 lr=5.48e-05
2026-07-17 11:39:45,017 [INFO] trainer: epoch 330 step 100/135 loss=1.1626 lr=5.46e-05
2026-07-17 11:39:54,287 [INFO] trainer: epoch 330 done train_loss=1.1489 dt=36.7s
2026-07-17 11:40:08,956 [INFO] trainer: epoch 331 step 50/135 loss=1.1675 lr=5.43e-05
2026-07-17 11:40:22,230 [INFO] trainer: epoch 331 step 100/135 loss=1.1222 lr=5.41e-05
2026-07-17 11:40:31,506 [INFO] trainer: epoch 331 done train_loss=1.1521 dt=36.9s
2026-07-17 11:40:46,128 [INFO] trainer: epoch 332 step 50/135 loss=1.1907 lr=5.37e-05
2026-07-17 11:40:59,397 [INFO] trainer: epoch 332 step 100/135 loss=1.1518 lr=5.35e-05
2026-07-17 11:41:08,663 [INFO] trainer: epoch 332 done train_loss=1.1599 dt=37.2s
2026-07-17 11:41:22,786 [INFO] trainer: epoch 333 step 50/135 loss=1.1583 lr=5.31e-05
2026-07-17 11:41:36,041 [INFO] trainer: epoch 333 step 100/135 loss=1.1453 lr=5.29e-05
2026-07-17 11:41:45,369 [INFO] trainer: epoch 333 done train_loss=1.1574 dt=36.7s
2026-07-17 11:41:59,440 [INFO] trainer: epoch 334 step 50/135 loss=1.2174 lr=5.26e-05
2026-07-17 11:42:12,698 [INFO] trainer: epoch 334 step 100/135 loss=1.1035 lr=5.24e-05
2026-07-17 11:42:21,973 [INFO] trainer: epoch 334 done train_loss=1.1556 dt=36.6s
2026-07-17 11:42:35,988 [INFO] trainer: epoch 335 step 50/135 loss=1.1574 lr=5.20e-05
2026-07-17 11:42:49,255 [INFO] trainer: epoch 335 step 100/135 loss=1.1475 lr=5.18e-05
2026-07-17 11:42:58,529 [INFO] trainer: epoch 335 done train_loss=1.1598 dt=36.6s
2026-07-17 11:43:12,539 [INFO] trainer: epoch 336 step 50/135 loss=1.1176 lr=5.15e-05
2026-07-17 11:43:25,822 [INFO] trainer: epoch 336 step 100/135 loss=1.1576 lr=5.13e-05
2026-07-17 11:43:35,094 [INFO] trainer: epoch 336 done train_loss=1.1283 dt=36.6s
2026-07-17 11:43:49,175 [INFO] trainer: epoch 337 step 50/135 loss=1.1345 lr=5.09e-05
2026-07-17 11:44:02,456 [INFO] trainer: epoch 337 step 100/135 loss=1.1863 lr=5.07e-05
2026-07-17 11:44:11,748 [INFO] trainer: epoch 337 done train_loss=1.1714 dt=36.7s
2026-07-17 11:44:25,970 [INFO] trainer: epoch 338 step 50/135 loss=1.1177 lr=5.04e-05
2026-07-17 11:44:39,227 [INFO] trainer: epoch 338 step 100/135 loss=1.1696 lr=5.02e-05
2026-07-17 11:44:48,503 [INFO] trainer: epoch 338 done train_loss=1.1492 dt=36.8s
2026-07-17 11:45:02,610 [INFO] trainer: epoch 339 step 50/135 loss=1.1967 lr=4.98e-05
2026-07-17 11:45:15,877 [INFO] trainer: epoch 339 step 100/135 loss=1.1336 lr=4.96e-05
2026-07-17 11:45:25,155 [INFO] trainer: epoch 339 done train_loss=1.1569 dt=36.7s
2026-07-17 11:45:39,237 [INFO] trainer: epoch 340 step 50/135 loss=1.1366 lr=4.93e-05
2026-07-17 11:45:52,502 [INFO] trainer: epoch 340 step 100/135 loss=1.1554 lr=4.91e-05
2026-07-17 11:46:01,780 [INFO] trainer: epoch 340 done train_loss=1.1548 dt=36.6s
2026-07-17 11:46:16,179 [INFO] trainer: epoch 341 step 50/135 loss=1.1481 lr=4.87e-05
2026-07-17 11:46:29,425 [INFO] trainer: epoch 341 step 100/135 loss=1.1145 lr=4.85e-05
2026-07-17 11:46:38,698 [INFO] trainer: epoch 341 done train_loss=1.1391 dt=36.6s
2026-07-17 11:46:52,843 [INFO] trainer: epoch 342 step 50/135 loss=1.1595 lr=4.82e-05
2026-07-17 11:47:06,077 [INFO] trainer: epoch 342 step 100/135 loss=1.1266 lr=4.80e-05
2026-07-17 11:47:15,345 [INFO] trainer: epoch 342 done train_loss=1.1560 dt=36.6s
2026-07-17 11:47:29,539 [INFO] trainer: epoch 343 step 50/135 loss=1.2048 lr=4.76e-05
2026-07-17 11:47:42,807 [INFO] trainer: epoch 343 step 100/135 loss=1.1126 lr=4.74e-05
2026-07-17 11:47:52,092 [INFO] trainer: epoch 343 done train_loss=1.1566 dt=36.7s
2026-07-17 11:48:06,198 [INFO] trainer: epoch 344 step 50/135 loss=1.1301 lr=4.71e-05
2026-07-17 11:48:19,466 [INFO] trainer: epoch 344 step 100/135 loss=1.1595 lr=4.69e-05
2026-07-17 11:48:28,747 [INFO] trainer: epoch 344 done train_loss=1.1360 dt=36.7s
2026-07-17 11:48:42,797 [INFO] trainer: epoch 345 step 50/135 loss=1.1402 lr=4.66e-05
2026-07-17 11:48:56,086 [INFO] trainer: epoch 345 step 100/135 loss=1.1303 lr=4.64e-05
2026-07-17 11:49:05,374 [INFO] trainer: epoch 345 done train_loss=1.1279 dt=36.6s
2026-07-17 11:49:19,517 [INFO] trainer: epoch 346 step 50/135 loss=1.0992 lr=4.60e-05
2026-07-17 11:49:32,792 [INFO] trainer: epoch 346 step 100/135 loss=1.1649 lr=4.58e-05
2026-07-17 11:49:42,072 [INFO] trainer: epoch 346 done train_loss=1.1222 dt=36.7s
2026-07-17 11:49:56,344 [INFO] trainer: epoch 347 step 50/135 loss=1.1277 lr=4.55e-05
2026-07-17 11:50:09,619 [INFO] trainer: epoch 347 step 100/135 loss=1.1564 lr=4.53e-05
2026-07-17 11:50:18,908 [INFO] trainer: epoch 347 done train_loss=1.1402 dt=36.8s
2026-07-17 11:50:32,960 [INFO] trainer: epoch 348 step 50/135 loss=1.1647 lr=4.50e-05
2026-07-17 11:50:46,232 [INFO] trainer: epoch 348 step 100/135 loss=1.1774 lr=4.48e-05
2026-07-17 11:50:55,522 [INFO] trainer: epoch 348 done train_loss=1.1740 dt=36.6s
2026-07-17 11:51:09,619 [INFO] trainer: epoch 349 step 50/135 loss=1.1630 lr=4.44e-05
2026-07-17 11:51:22,909 [INFO] trainer: epoch 349 step 100/135 loss=1.1302 lr=4.42e-05
2026-07-17 11:51:32,195 [INFO] trainer: epoch 349 done train_loss=1.1527 dt=36.7s
2026-07-17 11:51:46,380 [INFO] trainer: epoch 350 step 50/135 loss=1.1531 lr=4.39e-05
2026-07-17 11:51:59,680 [INFO] trainer: epoch 350 step 100/135 loss=1.1105 lr=4.37e-05
2026-07-17 11:52:08,965 [INFO] trainer: epoch 350 done train_loss=1.1430 dt=36.8s
2026-07-17 11:53:31,343 [INFO] trainer: epoch 350 val_mean_dice=0.7936
2026-07-17 11:53:46,202 [INFO] trainer: epoch 351 step 50/135 loss=1.0909 lr=4.34e-05
2026-07-17 11:53:59,484 [INFO] trainer: epoch 351 step 100/135 loss=1.1672 lr=4.32e-05
2026-07-17 11:54:08,763 [INFO] trainer: epoch 351 done train_loss=1.1295 dt=36.9s
2026-07-17 11:54:22,891 [INFO] trainer: epoch 352 step 50/135 loss=1.1494 lr=4.29e-05
2026-07-17 11:54:36,176 [INFO] trainer: epoch 352 step 100/135 loss=1.1370 lr=4.27e-05
2026-07-17 11:54:45,461 [INFO] trainer: epoch 352 done train_loss=1.1440 dt=36.7s
2026-07-17 11:54:59,541 [INFO] trainer: epoch 353 step 50/135 loss=1.1388 lr=4.23e-05
2026-07-17 11:55:12,811 [INFO] trainer: epoch 353 step 100/135 loss=1.1747 lr=4.22e-05
2026-07-17 11:55:22,091 [INFO] trainer: epoch 353 done train_loss=1.1411 dt=36.6s
2026-07-17 11:55:36,108 [INFO] trainer: epoch 354 step 50/135 loss=1.1306 lr=4.18e-05
2026-07-17 11:55:49,399 [INFO] trainer: epoch 354 step 100/135 loss=1.1138 lr=4.16e-05
2026-07-17 11:55:58,691 [INFO] trainer: epoch 354 done train_loss=1.1338 dt=36.6s
2026-07-17 11:56:12,753 [INFO] trainer: epoch 355 step 50/135 loss=1.1717 lr=4.13e-05
2026-07-17 11:56:26,025 [INFO] trainer: epoch 355 step 100/135 loss=1.2049 lr=4.11e-05
2026-07-17 11:56:35,311 [INFO] trainer: epoch 355 done train_loss=1.1810 dt=36.6s
2026-07-17 11:56:49,600 [INFO] trainer: epoch 356 step 50/135 loss=1.0760 lr=4.08e-05
2026-07-17 11:57:02,873 [INFO] trainer: epoch 356 step 100/135 loss=1.1213 lr=4.06e-05
2026-07-17 11:57:12,143 [INFO] trainer: epoch 356 done train_loss=1.1135 dt=36.8s
2026-07-17 11:57:26,512 [INFO] trainer: epoch 357 step 50/135 loss=1.1631 lr=4.03e-05
2026-07-17 11:57:39,782 [INFO] trainer: epoch 357 step 100/135 loss=1.1597 lr=4.01e-05
2026-07-17 11:57:49,063 [INFO] trainer: epoch 357 done train_loss=1.1727 dt=36.9s
2026-07-17 11:58:03,090 [INFO] trainer: epoch 358 step 50/135 loss=1.1770 lr=3.98e-05
2026-07-17 11:58:16,363 [INFO] trainer: epoch 358 step 100/135 loss=1.0969 lr=3.96e-05
2026-07-17 11:58:25,641 [INFO] trainer: epoch 358 done train_loss=1.1296 dt=36.6s
2026-07-17 11:58:39,634 [INFO] trainer: epoch 359 step 50/135 loss=1.0999 lr=3.93e-05
2026-07-17 11:58:52,923 [INFO] trainer: epoch 359 step 100/135 loss=1.1340 lr=3.91e-05
2026-07-17 11:59:02,205 [INFO] trainer: epoch 359 done train_loss=1.1381 dt=36.6s
2026-07-17 11:59:16,231 [INFO] trainer: epoch 360 step 50/135 loss=1.1697 lr=3.88e-05
2026-07-17 11:59:29,514 [INFO] trainer: epoch 360 step 100/135 loss=1.1805 lr=3.86e-05
2026-07-17 11:59:38,802 [INFO] trainer: epoch 360 done train_loss=1.1525 dt=36.6s
2026-07-17 11:59:53,267 [INFO] trainer: epoch 361 step 50/135 loss=1.1695 lr=3.83e-05
2026-07-17 12:00:06,532 [INFO] trainer: epoch 361 step 100/135 loss=1.1599 lr=3.81e-05
2026-07-17 12:00:15,815 [INFO] trainer: epoch 361 done train_loss=1.1453 dt=36.7s
2026-07-17 12:00:29,975 [INFO] trainer: epoch 362 step 50/135 loss=1.1173 lr=3.78e-05
2026-07-17 12:00:43,251 [INFO] trainer: epoch 362 step 100/135 loss=1.1278 lr=3.76e-05
2026-07-17 12:00:52,524 [INFO] trainer: epoch 362 done train_loss=1.1387 dt=36.7s
2026-07-17 12:01:06,787 [INFO] trainer: epoch 363 step 50/135 loss=1.1356 lr=3.73e-05
2026-07-17 12:01:20,571 [INFO] trainer: epoch 363 step 100/135 loss=1.1379 lr=3.71e-05
2026-07-17 12:01:29,826 [INFO] trainer: epoch 363 done train_loss=1.1312 dt=37.3s
2026-07-17 12:01:43,920 [INFO] trainer: epoch 364 step 50/135 loss=1.1458 lr=3.68e-05
2026-07-17 12:01:57,176 [INFO] trainer: epoch 364 step 100/135 loss=1.1542 lr=3.66e-05
2026-07-17 12:02:06,453 [INFO] trainer: epoch 364 done train_loss=1.1416 dt=36.6s
2026-07-17 12:02:20,579 [INFO] trainer: epoch 365 step 50/135 loss=1.1952 lr=3.63e-05
2026-07-17 12:02:33,846 [INFO] trainer: epoch 365 step 100/135 loss=1.1237 lr=3.61e-05
2026-07-17 12:02:43,127 [INFO] trainer: epoch 365 done train_loss=1.1385 dt=36.7s
2026-07-17 12:02:57,287 [INFO] trainer: epoch 366 step 50/135 loss=1.1419 lr=3.58e-05
2026-07-17 12:03:10,560 [INFO] trainer: epoch 366 step 100/135 loss=1.1913 lr=3.56e-05
2026-07-17 12:03:19,854 [INFO] trainer: epoch 366 done train_loss=1.1668 dt=36.7s
2026-07-17 12:03:34,017 [INFO] trainer: epoch 367 step 50/135 loss=1.1323 lr=3.53e-05
2026-07-17 12:03:47,295 [INFO] trainer: epoch 367 step 100/135 loss=1.1217 lr=3.52e-05
2026-07-17 12:03:56,576 [INFO] trainer: epoch 367 done train_loss=1.1168 dt=36.7s
2026-07-17 12:04:10,720 [INFO] trainer: epoch 368 step 50/135 loss=1.1436 lr=3.49e-05
2026-07-17 12:04:23,982 [INFO] trainer: epoch 368 step 100/135 loss=1.0628 lr=3.47e-05
2026-07-17 12:04:33,257 [INFO] trainer: epoch 368 done train_loss=1.1108 dt=36.7s
2026-07-17 12:04:47,297 [INFO] trainer: epoch 369 step 50/135 loss=1.0708 lr=3.44e-05
2026-07-17 12:05:00,568 [INFO] trainer: epoch 369 step 100/135 loss=1.1263 lr=3.42e-05
2026-07-17 12:05:09,845 [INFO] trainer: epoch 369 done train_loss=1.1185 dt=36.6s
2026-07-17 12:05:24,134 [INFO] trainer: epoch 370 step 50/135 loss=1.1168 lr=3.39e-05
2026-07-17 12:05:37,408 [INFO] trainer: epoch 370 step 100/135 loss=1.1134 lr=3.37e-05
2026-07-17 12:05:46,683 [INFO] trainer: epoch 370 done train_loss=1.1252 dt=36.8s
2026-07-17 12:06:01,382 [INFO] trainer: epoch 371 step 50/135 loss=1.1703 lr=3.34e-05
2026-07-17 12:06:14,637 [INFO] trainer: epoch 371 step 100/135 loss=1.1094 lr=3.33e-05
2026-07-17 12:06:23,911 [INFO] trainer: epoch 371 done train_loss=1.1437 dt=36.9s
2026-07-17 12:06:38,276 [INFO] trainer: epoch 372 step 50/135 loss=1.1101 lr=3.30e-05
2026-07-17 12:06:51,540 [INFO] trainer: epoch 372 step 100/135 loss=1.0976 lr=3.28e-05
2026-07-17 12:07:00,812 [INFO] trainer: epoch 372 done train_loss=1.1131 dt=36.9s
2026-07-17 12:07:15,041 [INFO] trainer: epoch 373 step 50/135 loss=1.1282 lr=3.25e-05
2026-07-17 12:07:28,298 [INFO] trainer: epoch 373 step 100/135 loss=1.1407 lr=3.23e-05
2026-07-17 12:07:37,566 [INFO] trainer: epoch 373 done train_loss=1.1251 dt=36.8s
2026-07-17 12:07:51,826 [INFO] trainer: epoch 374 step 50/135 loss=1.1494 lr=3.20e-05
2026-07-17 12:08:05,090 [INFO] trainer: epoch 374 step 100/135 loss=1.1217 lr=3.19e-05
2026-07-17 12:08:14,363 [INFO] trainer: epoch 374 done train_loss=1.1395 dt=36.8s
2026-07-17 12:08:28,615 [INFO] trainer: epoch 375 step 50/135 loss=1.1186 lr=3.16e-05
2026-07-17 12:08:41,873 [INFO] trainer: epoch 375 step 100/135 loss=1.1598 lr=3.14e-05
2026-07-17 12:08:51,144 [INFO] trainer: epoch 375 done train_loss=1.1359 dt=36.8s
2026-07-17 12:10:13,847 [INFO] trainer: epoch 375 val_mean_dice=0.7935
2026-07-17 12:10:28,353 [INFO] trainer: epoch 376 step 50/135 loss=1.1908 lr=3.11e-05
2026-07-17 12:10:41,617 [INFO] trainer: epoch 376 step 100/135 loss=1.1523 lr=3.09e-05
2026-07-17 12:10:50,897 [INFO] trainer: epoch 376 done train_loss=1.1438 dt=37.0s
2026-07-17 12:11:05,056 [INFO] trainer: epoch 377 step 50/135 loss=1.1338 lr=3.07e-05
2026-07-17 12:11:18,310 [INFO] trainer: epoch 377 step 100/135 loss=1.1358 lr=3.05e-05
2026-07-17 12:11:27,594 [INFO] trainer: epoch 377 done train_loss=1.1258 dt=36.7s
2026-07-17 12:11:41,662 [INFO] trainer: epoch 378 step 50/135 loss=1.1390 lr=3.02e-05
2026-07-17 12:11:54,932 [INFO] trainer: epoch 378 step 100/135 loss=1.0672 lr=3.00e-05
2026-07-17 12:12:04,207 [INFO] trainer: epoch 378 done train_loss=1.1142 dt=36.6s
2026-07-17 12:12:18,409 [INFO] trainer: epoch 379 step 50/135 loss=1.1295 lr=2.98e-05
2026-07-17 12:12:31,664 [INFO] trainer: epoch 379 step 100/135 loss=1.1342 lr=2.96e-05
2026-07-17 12:12:40,933 [INFO] trainer: epoch 379 done train_loss=1.1366 dt=36.7s
2026-07-17 12:12:55,240 [INFO] trainer: epoch 380 step 50/135 loss=1.1461 lr=2.93e-05
2026-07-17 12:13:08,505 [INFO] trainer: epoch 380 step 100/135 loss=1.1066 lr=2.91e-05
2026-07-17 12:13:17,776 [INFO] trainer: epoch 380 done train_loss=1.1263 dt=36.8s
2026-07-17 12:13:32,320 [INFO] trainer: epoch 381 step 50/135 loss=1.1398 lr=2.89e-05
2026-07-17 12:13:45,546 [INFO] trainer: epoch 381 step 100/135 loss=1.1403 lr=2.87e-05
2026-07-17 12:13:54,801 [INFO] trainer: epoch 381 done train_loss=1.1370 dt=36.6s
2026-07-17 12:14:08,967 [INFO] trainer: epoch 382 step 50/135 loss=1.1542 lr=2.84e-05
2026-07-17 12:14:22,223 [INFO] trainer: epoch 382 step 100/135 loss=1.1386 lr=2.83e-05
2026-07-17 12:14:31,495 [INFO] trainer: epoch 382 done train_loss=1.1375 dt=36.7s
2026-07-17 12:14:45,520 [INFO] trainer: epoch 383 step 50/135 loss=1.1259 lr=2.80e-05
2026-07-17 12:14:58,773 [INFO] trainer: epoch 383 step 100/135 loss=1.1313 lr=2.78e-05
2026-07-17 12:15:08,048 [INFO] trainer: epoch 383 done train_loss=1.1243 dt=36.6s
2026-07-17 12:15:22,133 [INFO] trainer: epoch 384 step 50/135 loss=1.0998 lr=2.75e-05
2026-07-17 12:15:35,387 [INFO] trainer: epoch 384 step 100/135 loss=1.1356 lr=2.74e-05
2026-07-17 12:15:44,657 [INFO] trainer: epoch 384 done train_loss=1.1148 dt=36.6s
2026-07-17 12:15:58,826 [INFO] trainer: epoch 385 step 50/135 loss=1.1278 lr=2.71e-05
2026-07-17 12:16:12,088 [INFO] trainer: epoch 385 step 100/135 loss=1.1397 lr=2.70e-05
2026-07-17 12:16:21,357 [INFO] trainer: epoch 385 done train_loss=1.1463 dt=36.7s
2026-07-17 12:16:35,465 [INFO] trainer: epoch 386 step 50/135 loss=1.1164 lr=2.67e-05
2026-07-17 12:16:48,735 [INFO] trainer: epoch 386 step 100/135 loss=1.1307 lr=2.65e-05
2026-07-17 12:16:58,018 [INFO] trainer: epoch 386 done train_loss=1.1240 dt=36.7s
2026-07-17 12:17:12,119 [INFO] trainer: epoch 387 step 50/135 loss=1.1124 lr=2.63e-05
2026-07-17 12:17:25,378 [INFO] trainer: epoch 387 step 100/135 loss=1.1421 lr=2.61e-05
2026-07-17 12:17:34,654 [INFO] trainer: epoch 387 done train_loss=1.1068 dt=36.6s
2026-07-17 12:17:49,096 [INFO] trainer: epoch 388 step 50/135 loss=1.1229 lr=2.58e-05
2026-07-17 12:18:02,360 [INFO] trainer: epoch 388 step 100/135 loss=1.1243 lr=2.57e-05
2026-07-17 12:18:11,626 [INFO] trainer: epoch 388 done train_loss=1.1141 dt=37.0s
2026-07-17 12:18:25,678 [INFO] trainer: epoch 389 step 50/135 loss=1.1662 lr=2.54e-05
2026-07-17 12:18:38,959 [INFO] trainer: epoch 389 step 100/135 loss=1.1085 lr=2.53e-05
2026-07-17 12:18:48,234 [INFO] trainer: epoch 389 done train_loss=1.1404 dt=36.6s
2026-07-17 12:19:02,391 [INFO] trainer: epoch 390 step 50/135 loss=1.1259 lr=2.50e-05
2026-07-17 12:19:15,638 [INFO] trainer: epoch 390 step 100/135 loss=1.1635 lr=2.48e-05
2026-07-17 12:19:24,907 [INFO] trainer: epoch 390 done train_loss=1.1238 dt=36.7s
2026-07-17 12:19:39,255 [INFO] trainer: epoch 391 step 50/135 loss=1.1267 lr=2.46e-05
2026-07-17 12:19:52,513 [INFO] trainer: epoch 391 step 100/135 loss=1.1356 lr=2.44e-05
2026-07-17 12:20:01,785 [INFO] trainer: epoch 391 done train_loss=1.1340 dt=36.6s
2026-07-17 12:20:15,824 [INFO] trainer: epoch 392 step 50/135 loss=1.1822 lr=2.42e-05
2026-07-17 12:20:29,105 [INFO] trainer: epoch 392 step 100/135 loss=1.1487 lr=2.40e-05
2026-07-17 12:20:38,388 [INFO] trainer: epoch 392 done train_loss=1.1634 dt=36.6s
2026-07-17 12:20:52,463 [INFO] trainer: epoch 393 step 50/135 loss=1.1627 lr=2.38e-05
2026-07-17 12:21:05,727 [INFO] trainer: epoch 393 step 100/135 loss=1.1123 lr=2.36e-05
2026-07-17 12:21:14,986 [INFO] trainer: epoch 393 done train_loss=1.1263 dt=36.6s
2026-07-17 12:21:29,147 [INFO] trainer: epoch 394 step 50/135 loss=1.1274 lr=2.34e-05
2026-07-17 12:21:42,428 [INFO] trainer: epoch 394 step 100/135 loss=1.1384 lr=2.32e-05
2026-07-17 12:21:51,705 [INFO] trainer: epoch 394 done train_loss=1.1374 dt=36.7s
2026-07-17 12:22:05,908 [INFO] trainer: epoch 395 step 50/135 loss=1.1155 lr=2.30e-05
2026-07-17 12:22:19,178 [INFO] trainer: epoch 395 step 100/135 loss=1.1112 lr=2.28e-05
2026-07-17 12:22:28,470 [INFO] trainer: epoch 395 done train_loss=1.1287 dt=36.8s
2026-07-17 12:22:42,610 [INFO] trainer: epoch 396 step 50/135 loss=1.1098 lr=2.26e-05
2026-07-17 12:22:55,840 [INFO] trainer: epoch 396 step 100/135 loss=1.0655 lr=2.24e-05
2026-07-17 12:23:05,111 [INFO] trainer: epoch 396 done train_loss=1.1003 dt=36.6s
2026-07-17 12:23:19,348 [INFO] trainer: epoch 397 step 50/135 loss=1.1459 lr=2.22e-05
2026-07-17 12:23:32,634 [INFO] trainer: epoch 397 step 100/135 loss=1.1457 lr=2.20e-05
2026-07-17 12:23:41,927 [INFO] trainer: epoch 397 done train_loss=1.1336 dt=36.8s
2026-07-17 12:23:56,236 [INFO] trainer: epoch 398 step 50/135 loss=1.0850 lr=2.18e-05
2026-07-17 12:24:09,504 [INFO] trainer: epoch 398 step 100/135 loss=1.1568 lr=2.16e-05
2026-07-17 12:24:18,786 [INFO] trainer: epoch 398 done train_loss=1.1298 dt=36.9s
2026-07-17 12:24:32,938 [INFO] trainer: epoch 399 step 50/135 loss=1.1201 lr=2.14e-05
2026-07-17 12:24:46,237 [INFO] trainer: epoch 399 step 100/135 loss=1.0985 lr=2.12e-05
2026-07-17 12:24:55,522 [INFO] trainer: epoch 399 done train_loss=1.1321 dt=36.7s
2026-07-17 12:25:09,758 [INFO] trainer: epoch 400 step 50/135 loss=1.1254 lr=2.10e-05
2026-07-17 12:25:23,016 [INFO] trainer: epoch 400 step 100/135 loss=1.1372 lr=2.09e-05
2026-07-17 12:25:32,294 [INFO] trainer: epoch 400 done train_loss=1.1338 dt=36.8s
2026-07-17 12:26:54,520 [INFO] trainer: epoch 400 val_mean_dice=0.7950
2026-07-17 12:27:09,516 [INFO] trainer: epoch 401 step 50/135 loss=1.1219 lr=2.06e-05
2026-07-17 12:27:22,802 [INFO] trainer: epoch 401 step 100/135 loss=1.1169 lr=2.05e-05
2026-07-17 12:27:32,082 [INFO] trainer: epoch 401 done train_loss=1.1320 dt=36.7s
2026-07-17 12:27:46,142 [INFO] trainer: epoch 402 step 50/135 loss=1.1040 lr=2.02e-05
2026-07-17 12:27:59,410 [INFO] trainer: epoch 402 step 100/135 loss=1.1847 lr=2.01e-05
2026-07-17 12:28:08,679 [INFO] trainer: epoch 402 done train_loss=1.1316 dt=36.6s
2026-07-17 12:28:23,087 [INFO] trainer: epoch 403 step 50/135 loss=1.1377 lr=1.99e-05
2026-07-17 12:28:36,364 [INFO] trainer: epoch 403 step 100/135 loss=1.1403 lr=1.97e-05
2026-07-17 12:28:45,639 [INFO] trainer: epoch 403 done train_loss=1.1296 dt=37.0s
2026-07-17 12:28:59,790 [INFO] trainer: epoch 404 step 50/135 loss=1.1099 lr=1.95e-05
2026-07-17 12:29:13,070 [INFO] trainer: epoch 404 step 100/135 loss=1.1259 lr=1.94e-05
2026-07-17 12:29:22,353 [INFO] trainer: epoch 404 done train_loss=1.1176 dt=36.7s
2026-07-17 12:29:36,686 [INFO] trainer: epoch 405 step 50/135 loss=1.1371 lr=1.91e-05
2026-07-17 12:29:49,983 [INFO] trainer: epoch 405 step 100/135 loss=1.1121 lr=1.90e-05
2026-07-17 12:29:59,280 [INFO] trainer: epoch 405 done train_loss=1.1187 dt=36.9s
2026-07-17 12:30:13,451 [INFO] trainer: epoch 406 step 50/135 loss=1.0764 lr=1.88e-05
2026-07-17 12:30:26,741 [INFO] trainer: epoch 406 step 100/135 loss=1.1339 lr=1.86e-05
2026-07-17 12:30:36,033 [INFO] trainer: epoch 406 done train_loss=1.1119 dt=36.8s
2026-07-17 12:30:50,361 [INFO] trainer: epoch 407 step 50/135 loss=1.0990 lr=1.84e-05
2026-07-17 12:31:03,643 [INFO] trainer: epoch 407 step 100/135 loss=1.1419 lr=1.83e-05
2026-07-17 12:31:12,925 [INFO] trainer: epoch 407 done train_loss=1.1228 dt=36.9s
2026-07-17 12:31:27,213 [INFO] trainer: epoch 408 step 50/135 loss=1.1181 lr=1.80e-05
2026-07-17 12:31:40,470 [INFO] trainer: epoch 408 step 100/135 loss=1.1336 lr=1.79e-05
2026-07-17 12:31:49,753 [INFO] trainer: epoch 408 done train_loss=1.1284 dt=36.8s
2026-07-17 12:32:04,058 [INFO] trainer: epoch 409 step 50/135 loss=1.1309 lr=1.77e-05
2026-07-17 12:32:17,346 [INFO] trainer: epoch 409 step 100/135 loss=1.1018 lr=1.76e-05
2026-07-17 12:32:26,627 [INFO] trainer: epoch 409 done train_loss=1.1171 dt=36.9s
2026-07-17 12:32:40,683 [INFO] trainer: epoch 410 step 50/135 loss=1.0714 lr=1.73e-05
2026-07-17 12:32:53,965 [INFO] trainer: epoch 410 step 100/135 loss=1.1098 lr=1.72e-05
2026-07-17 12:33:03,241 [INFO] trainer: epoch 410 done train_loss=1.1102 dt=36.6s
2026-07-17 12:33:17,776 [INFO] trainer: epoch 411 step 50/135 loss=1.1195 lr=1.70e-05
2026-07-17 12:33:31,052 [INFO] trainer: epoch 411 step 100/135 loss=1.1300 lr=1.69e-05
2026-07-17 12:33:40,329 [INFO] trainer: epoch 411 done train_loss=1.1362 dt=36.8s
2026-07-17 12:33:54,566 [INFO] trainer: epoch 412 step 50/135 loss=1.1852 lr=1.66e-05
2026-07-17 12:34:07,933 [INFO] trainer: epoch 412 step 100/135 loss=1.1045 lr=1.65e-05
2026-07-17 12:34:17,211 [INFO] trainer: epoch 412 done train_loss=1.1281 dt=36.9s
2026-07-17 12:34:31,371 [INFO] trainer: epoch 413 step 50/135 loss=1.1477 lr=1.63e-05
2026-07-17 12:34:44,644 [INFO] trainer: epoch 413 step 100/135 loss=1.0876 lr=1.62e-05
2026-07-17 12:34:53,933 [INFO] trainer: epoch 413 done train_loss=1.1152 dt=36.7s
2026-07-17 12:35:07,991 [INFO] trainer: epoch 414 step 50/135 loss=1.1422 lr=1.60e-05
2026-07-17 12:35:21,267 [INFO] trainer: epoch 414 step 100/135 loss=1.1338 lr=1.58e-05
2026-07-17 12:35:30,554 [INFO] trainer: epoch 414 done train_loss=1.1363 dt=36.6s
2026-07-17 12:35:44,784 [INFO] trainer: epoch 415 step 50/135 loss=1.1080 lr=1.56e-05
2026-07-17 12:35:58,066 [INFO] trainer: epoch 415 step 100/135 loss=1.1373 lr=1.55e-05
2026-07-17 12:36:07,342 [INFO] trainer: epoch 415 done train_loss=1.1144 dt=36.8s
2026-07-17 12:36:21,688 [INFO] trainer: epoch 416 step 50/135 loss=1.1378 lr=1.53e-05
2026-07-17 12:36:34,978 [INFO] trainer: epoch 416 step 100/135 loss=1.1297 lr=1.52e-05
2026-07-17 12:36:44,257 [INFO] trainer: epoch 416 done train_loss=1.1224 dt=36.9s
2026-07-17 12:36:58,510 [INFO] trainer: epoch 417 step 50/135 loss=1.1060 lr=1.50e-05
2026-07-17 12:37:11,801 [INFO] trainer: epoch 417 step 100/135 loss=1.1161 lr=1.48e-05
2026-07-17 12:37:21,082 [INFO] trainer: epoch 417 done train_loss=1.1150 dt=36.8s
2026-07-17 12:37:35,612 [INFO] trainer: epoch 418 step 50/135 loss=1.1475 lr=1.46e-05
2026-07-17 12:37:48,895 [INFO] trainer: epoch 418 step 100/135 loss=1.1099 lr=1.45e-05
2026-07-17 12:37:58,180 [INFO] trainer: epoch 418 done train_loss=1.1249 dt=37.1s
2026-07-17 12:38:12,501 [INFO] trainer: epoch 419 step 50/135 loss=1.1180 lr=1.43e-05
2026-07-17 12:38:25,772 [INFO] trainer: epoch 419 step 100/135 loss=1.0734 lr=1.42e-05
2026-07-17 12:38:35,053 [INFO] trainer: epoch 419 done train_loss=1.1072 dt=36.9s
2026-07-17 12:38:49,273 [INFO] trainer: epoch 420 step 50/135 loss=1.0927 lr=1.40e-05
2026-07-17 12:39:02,571 [INFO] trainer: epoch 420 step 100/135 loss=1.1327 lr=1.39e-05
2026-07-17 12:39:11,845 [INFO] trainer: epoch 420 done train_loss=1.1068 dt=36.8s
2026-07-17 12:39:27,510 [INFO] trainer: epoch 421 step 50/135 loss=1.1585 lr=1.37e-05
2026-07-17 12:39:40,789 [INFO] trainer: epoch 421 step 100/135 loss=1.1036 lr=1.36e-05
2026-07-17 12:39:50,072 [INFO] trainer: epoch 421 done train_loss=1.1268 dt=37.0s
2026-07-17 12:40:04,332 [INFO] trainer: epoch 422 step 50/135 loss=1.1022 lr=1.34e-05
2026-07-17 12:40:17,618 [INFO] trainer: epoch 422 step 100/135 loss=1.1438 lr=1.33e-05
2026-07-17 12:40:26,895 [INFO] trainer: epoch 422 done train_loss=1.1138 dt=36.8s
2026-07-17 12:40:41,181 [INFO] trainer: epoch 423 step 50/135 loss=1.0982 lr=1.31e-05
2026-07-17 12:40:54,453 [INFO] trainer: epoch 423 step 100/135 loss=1.1256 lr=1.30e-05
2026-07-17 12:41:03,746 [INFO] trainer: epoch 423 done train_loss=1.1129 dt=36.9s
2026-07-17 12:41:17,956 [INFO] trainer: epoch 424 step 50/135 loss=1.0857 lr=1.28e-05
2026-07-17 12:41:31,243 [INFO] trainer: epoch 424 step 100/135 loss=1.1159 lr=1.27e-05
2026-07-17 12:41:40,530 [INFO] trainer: epoch 424 done train_loss=1.1192 dt=36.8s
2026-07-17 12:41:54,692 [INFO] trainer: epoch 425 step 50/135 loss=1.1081 lr=1.25e-05
2026-07-17 12:42:07,970 [INFO] trainer: epoch 425 step 100/135 loss=1.1561 lr=1.24e-05
2026-07-17 12:42:17,241 [INFO] trainer: epoch 425 done train_loss=1.1320 dt=36.7s
2026-07-17 12:43:39,597 [INFO] trainer: epoch 425 val_mean_dice=0.7956
2026-07-17 12:43:54,077 [INFO] trainer: epoch 426 step 50/135 loss=1.1198 lr=1.22e-05
2026-07-17 12:44:07,355 [INFO] trainer: epoch 426 step 100/135 loss=1.1314 lr=1.21e-05
2026-07-17 12:44:16,638 [INFO] trainer: epoch 426 done train_loss=1.1360 dt=36.7s
2026-07-17 12:44:31,056 [INFO] trainer: epoch 427 step 50/135 loss=1.1290 lr=1.19e-05
2026-07-17 12:44:44,332 [INFO] trainer: epoch 427 step 100/135 loss=1.1492 lr=1.18e-05
2026-07-17 12:44:53,612 [INFO] trainer: epoch 427 done train_loss=1.1456 dt=37.0s
2026-07-17 12:45:07,899 [INFO] trainer: epoch 428 step 50/135 loss=1.1543 lr=1.16e-05
2026-07-17 12:45:21,177 [INFO] trainer: epoch 428 step 100/135 loss=1.1309 lr=1.15e-05
2026-07-17 12:45:30,446 [INFO] trainer: epoch 428 done train_loss=1.1392 dt=36.8s
2026-07-17 12:45:44,764 [INFO] trainer: epoch 429 step 50/135 loss=1.1314 lr=1.13e-05
2026-07-17 12:45:58,044 [INFO] trainer: epoch 429 step 100/135 loss=1.1029 lr=1.12e-05
2026-07-17 12:46:07,316 [INFO] trainer: epoch 429 done train_loss=1.1106 dt=36.9s
2026-07-17 12:46:21,466 [INFO] trainer: epoch 430 step 50/135 loss=1.1538 lr=1.10e-05
2026-07-17 12:46:34,733 [INFO] trainer: epoch 430 step 100/135 loss=1.1195 lr=1.09e-05
2026-07-17 12:46:44,011 [INFO] trainer: epoch 430 done train_loss=1.1384 dt=36.7s
2026-07-17 12:46:58,383 [INFO] trainer: epoch 431 step 50/135 loss=1.0719 lr=1.08e-05
2026-07-17 12:47:11,635 [INFO] trainer: epoch 431 step 100/135 loss=1.1200 lr=1.07e-05
2026-07-17 12:47:20,920 [INFO] trainer: epoch 431 done train_loss=1.1083 dt=36.6s
2026-07-17 12:47:35,177 [INFO] trainer: epoch 432 step 50/135 loss=1.1632 lr=1.05e-05
2026-07-17 12:47:48,448 [INFO] trainer: epoch 432 step 100/135 loss=1.1127 lr=1.04e-05
2026-07-17 12:47:57,736 [INFO] trainer: epoch 432 done train_loss=1.1389 dt=36.8s
2026-07-17 12:48:11,774 [INFO] trainer: epoch 433 step 50/135 loss=1.1312 lr=1.02e-05
2026-07-17 12:48:25,033 [INFO] trainer: epoch 433 step 100/135 loss=1.1166 lr=1.01e-05
2026-07-17 12:48:34,311 [INFO] trainer: epoch 433 done train_loss=1.1316 dt=36.6s
2026-07-17 12:48:48,305 [INFO] trainer: epoch 434 step 50/135 loss=1.1210 lr=9.94e-06
2026-07-17 12:49:01,576 [INFO] trainer: epoch 434 step 100/135 loss=1.1092 lr=9.85e-06
2026-07-17 12:49:10,876 [INFO] trainer: epoch 434 done train_loss=1.1275 dt=36.6s
2026-07-17 12:49:25,003 [INFO] trainer: epoch 435 step 50/135 loss=1.0642 lr=9.68e-06
2026-07-17 12:49:38,286 [INFO] trainer: epoch 435 step 100/135 loss=1.1095 lr=9.58e-06
2026-07-17 12:49:47,579 [INFO] trainer: epoch 435 done train_loss=1.1116 dt=36.7s
2026-07-17 12:50:01,600 [INFO] trainer: epoch 436 step 50/135 loss=1.1498 lr=9.42e-06
2026-07-17 12:50:14,892 [INFO] trainer: epoch 436 step 100/135 loss=1.0982 lr=9.33e-06
2026-07-17 12:50:24,177 [INFO] trainer: epoch 436 done train_loss=1.1199 dt=36.6s
2026-07-17 12:50:38,166 [INFO] trainer: epoch 437 step 50/135 loss=1.0852 lr=9.17e-06
2026-07-17 12:50:51,448 [INFO] trainer: epoch 437 step 100/135 loss=1.1267 lr=9.07e-06
2026-07-17 12:51:00,733 [INFO] trainer: epoch 437 done train_loss=1.1091 dt=36.6s
2026-07-17 12:51:14,790 [INFO] trainer: epoch 438 step 50/135 loss=1.1254 lr=8.92e-06
2026-07-17 12:51:28,069 [INFO] trainer: epoch 438 step 100/135 loss=1.1383 lr=8.82e-06
2026-07-17 12:51:37,353 [INFO] trainer: epoch 438 done train_loss=1.1211 dt=36.6s
2026-07-17 12:51:51,378 [INFO] trainer: epoch 439 step 50/135 loss=1.1095 lr=8.67e-06
2026-07-17 12:52:04,687 [INFO] trainer: epoch 439 step 100/135 loss=1.1467 lr=8.58e-06
2026-07-17 12:52:13,974 [INFO] trainer: epoch 439 done train_loss=1.1312 dt=36.6s
2026-07-17 12:52:28,124 [INFO] trainer: epoch 440 step 50/135 loss=1.1572 lr=8.42e-06
2026-07-17 12:52:41,392 [INFO] trainer: epoch 440 step 100/135 loss=1.1502 lr=8.34e-06
2026-07-17 12:52:50,676 [INFO] trainer: epoch 440 done train_loss=1.1497 dt=36.7s
2026-07-17 12:53:04,994 [INFO] trainer: epoch 441 step 50/135 loss=1.1226 lr=8.18e-06
2026-07-17 12:53:18,275 [INFO] trainer: epoch 441 step 100/135 loss=1.1139 lr=8.10e-06
2026-07-17 12:53:27,551 [INFO] trainer: epoch 441 done train_loss=1.1082 dt=36.6s
2026-07-17 12:53:44,991 [INFO] trainer: epoch 442 step 50/135 loss=1.1274 lr=7.95e-06
2026-07-17 12:53:59,601 [INFO] trainer: epoch 442 step 100/135 loss=1.1099 lr=7.86e-06
2026-07-17 12:54:10,161 [INFO] trainer: epoch 442 done train_loss=1.1306 dt=42.6s
2026-07-17 12:54:24,195 [INFO] trainer: epoch 443 step 50/135 loss=1.1601 lr=7.72e-06
2026-07-17 12:54:37,456 [INFO] trainer: epoch 443 step 100/135 loss=1.0760 lr=7.63e-06
2026-07-17 12:54:46,728 [INFO] trainer: epoch 443 done train_loss=1.1104 dt=36.6s
2026-07-17 12:55:00,956 [INFO] trainer: epoch 444 step 50/135 loss=1.1312 lr=7.49e-06
2026-07-17 12:55:14,223 [INFO] trainer: epoch 444 step 100/135 loss=1.0868 lr=7.40e-06
2026-07-17 12:55:23,503 [INFO] trainer: epoch 444 done train_loss=1.1072 dt=36.8s
2026-07-17 12:55:37,681 [INFO] trainer: epoch 445 step 50/135 loss=1.0903 lr=7.26e-06
2026-07-17 12:55:50,941 [INFO] trainer: epoch 445 step 100/135 loss=1.1138 lr=7.18e-06
2026-07-17 12:56:00,213 [INFO] trainer: epoch 445 done train_loss=1.1024 dt=36.7s
2026-07-17 12:56:14,318 [INFO] trainer: epoch 446 step 50/135 loss=1.1096 lr=7.04e-06
2026-07-17 12:56:27,586 [INFO] trainer: epoch 446 step 100/135 loss=1.1210 lr=6.96e-06
2026-07-17 12:56:36,856 [INFO] trainer: epoch 446 done train_loss=1.1087 dt=36.6s
2026-07-17 12:56:50,733 [INFO] trainer: epoch 447 step 50/135 loss=1.1196 lr=6.82e-06
2026-07-17 12:57:03,985 [INFO] trainer: epoch 447 step 100/135 loss=1.1318 lr=6.75e-06
2026-07-17 12:57:13,248 [INFO] trainer: epoch 447 done train_loss=1.1221 dt=36.4s
2026-07-17 12:57:27,238 [INFO] trainer: epoch 448 step 50/135 loss=1.1548 lr=6.61e-06
2026-07-17 12:57:40,666 [INFO] trainer: epoch 448 step 100/135 loss=1.1045 lr=6.53e-06
2026-07-17 12:57:49,949 [INFO] trainer: epoch 448 done train_loss=1.1239 dt=36.7s
2026-07-17 12:58:04,027 [INFO] trainer: epoch 449 step 50/135 loss=1.1231 lr=6.40e-06
2026-07-17 12:58:17,295 [INFO] trainer: epoch 449 step 100/135 loss=1.1200 lr=6.33e-06
2026-07-17 12:58:26,572 [INFO] trainer: epoch 449 done train_loss=1.1111 dt=36.6s
2026-07-17 12:58:40,520 [INFO] trainer: epoch 450 step 50/135 loss=1.1320 lr=6.20e-06
2026-07-17 12:58:53,797 [INFO] trainer: epoch 450 step 100/135 loss=1.0705 lr=6.12e-06
2026-07-17 12:59:03,071 [INFO] trainer: epoch 450 done train_loss=1.1127 dt=36.5s
2026-07-17 13:00:25,153 [INFO] trainer: epoch 450 val_mean_dice=0.7971
2026-07-17 13:00:40,075 [INFO] trainer: epoch 451 step 50/135 loss=1.1185 lr=6.00e-06
2026-07-17 13:00:53,358 [INFO] trainer: epoch 451 step 100/135 loss=1.1023 lr=5.92e-06
2026-07-17 13:01:02,632 [INFO] trainer: epoch 451 done train_loss=1.0963 dt=36.9s
2026-07-17 13:01:16,715 [INFO] trainer: epoch 452 step 50/135 loss=1.1505 lr=5.80e-06
2026-07-17 13:01:29,999 [INFO] trainer: epoch 452 step 100/135 loss=1.1454 lr=5.73e-06
2026-07-17 13:01:39,269 [INFO] trainer: epoch 452 done train_loss=1.1234 dt=36.6s
2026-07-17 13:01:53,376 [INFO] trainer: epoch 453 step 50/135 loss=1.1398 lr=5.60e-06
2026-07-17 13:02:06,637 [INFO] trainer: epoch 453 step 100/135 loss=1.1783 lr=5.53e-06
2026-07-17 13:02:15,903 [INFO] trainer: epoch 453 done train_loss=1.1466 dt=36.6s
2026-07-17 13:02:30,204 [INFO] trainer: epoch 454 step 50/135 loss=1.1871 lr=5.41e-06
2026-07-17 13:02:43,456 [INFO] trainer: epoch 454 step 100/135 loss=1.0785 lr=5.35e-06
2026-07-17 13:02:52,725 [INFO] trainer: epoch 454 done train_loss=1.1231 dt=36.8s
2026-07-17 13:03:07,052 [INFO] trainer: epoch 455 step 50/135 loss=1.1176 lr=5.23e-06
2026-07-17 13:03:20,321 [INFO] trainer: epoch 455 step 100/135 loss=1.1616 lr=5.16e-06
2026-07-17 13:03:29,591 [INFO] trainer: epoch 455 done train_loss=1.1228 dt=36.9s
2026-07-17 13:03:43,840 [INFO] trainer: epoch 456 step 50/135 loss=1.1410 lr=5.05e-06
2026-07-17 13:03:57,149 [INFO] trainer: epoch 456 step 100/135 loss=1.1185 lr=4.98e-06
2026-07-17 13:04:06,450 [INFO] trainer: epoch 456 done train_loss=1.1176 dt=36.9s
2026-07-17 13:04:20,552 [INFO] trainer: epoch 457 step 50/135 loss=1.0931 lr=4.87e-06
2026-07-17 13:04:33,861 [INFO] trainer: epoch 457 step 100/135 loss=1.1152 lr=4.80e-06
2026-07-17 13:04:43,154 [INFO] trainer: epoch 457 done train_loss=1.1145 dt=36.7s
2026-07-17 13:04:57,185 [INFO] trainer: epoch 458 step 50/135 loss=1.1007 lr=4.69e-06
2026-07-17 13:05:10,442 [INFO] trainer: epoch 458 step 100/135 loss=1.1122 lr=4.63e-06
2026-07-17 13:05:19,712 [INFO] trainer: epoch 458 done train_loss=1.1126 dt=36.6s
2026-07-17 13:05:33,856 [INFO] trainer: epoch 459 step 50/135 loss=1.1026 lr=4.52e-06
2026-07-17 13:05:47,120 [INFO] trainer: epoch 459 step 100/135 loss=1.1433 lr=4.46e-06
2026-07-17 13:05:56,391 [INFO] trainer: epoch 459 done train_loss=1.1240 dt=36.7s
2026-07-17 13:06:10,654 [INFO] trainer: epoch 460 step 50/135 loss=1.0940 lr=4.36e-06
2026-07-17 13:06:23,928 [INFO] trainer: epoch 460 step 100/135 loss=1.0849 lr=4.30e-06
2026-07-17 13:06:33,361 [INFO] trainer: epoch 460 done train_loss=1.0930 dt=37.0s
2026-07-17 13:06:47,884 [INFO] trainer: epoch 461 step 50/135 loss=1.1007 lr=4.19e-06
2026-07-17 13:07:01,158 [INFO] trainer: epoch 461 step 100/135 loss=1.0583 lr=4.14e-06
2026-07-17 13:07:10,427 [INFO] trainer: epoch 461 done train_loss=1.0757 dt=36.7s
2026-07-17 13:07:24,491 [INFO] trainer: epoch 462 step 50/135 loss=1.0893 lr=4.04e-06
2026-07-17 13:07:37,768 [INFO] trainer: epoch 462 step 100/135 loss=1.0756 lr=3.98e-06
2026-07-17 13:07:47,043 [INFO] trainer: epoch 462 done train_loss=1.1021 dt=36.6s
2026-07-17 13:08:01,232 [INFO] trainer: epoch 463 step 50/135 loss=1.1059 lr=3.88e-06
2026-07-17 13:08:14,511 [INFO] trainer: epoch 463 step 100/135 loss=1.1332 lr=3.83e-06
2026-07-17 13:08:23,787 [INFO] trainer: epoch 463 done train_loss=1.1214 dt=36.7s
2026-07-17 13:08:37,931 [INFO] trainer: epoch 464 step 50/135 loss=1.1280 lr=3.73e-06
2026-07-17 13:08:51,206 [INFO] trainer: epoch 464 step 100/135 loss=1.1533 lr=3.68e-06
2026-07-17 13:09:00,493 [INFO] trainer: epoch 464 done train_loss=1.1471 dt=36.7s
2026-07-17 13:09:14,711 [INFO] trainer: epoch 465 step 50/135 loss=1.1094 lr=3.59e-06
2026-07-17 13:09:27,989 [INFO] trainer: epoch 465 step 100/135 loss=1.0642 lr=3.53e-06
2026-07-17 13:09:37,266 [INFO] trainer: epoch 465 done train_loss=1.0808 dt=36.8s
2026-07-17 13:09:51,279 [INFO] trainer: epoch 466 step 50/135 loss=1.1216 lr=3.44e-06
2026-07-17 13:10:04,544 [INFO] trainer: epoch 466 step 100/135 loss=1.1153 lr=3.39e-06
2026-07-17 13:10:13,820 [INFO] trainer: epoch 466 done train_loss=1.1091 dt=36.6s
2026-07-17 13:10:28,065 [INFO] trainer: epoch 467 step 50/135 loss=1.0993 lr=3.30e-06
2026-07-17 13:10:41,350 [INFO] trainer: epoch 467 step 100/135 loss=1.0851 lr=3.25e-06
2026-07-17 13:10:50,625 [INFO] trainer: epoch 467 done train_loss=1.0985 dt=36.8s
2026-07-17 13:11:04,777 [INFO] trainer: epoch 468 step 50/135 loss=1.0848 lr=3.17e-06
2026-07-17 13:11:18,058 [INFO] trainer: epoch 468 step 100/135 loss=1.1158 lr=3.12e-06
2026-07-17 13:11:27,339 [INFO] trainer: epoch 468 done train_loss=1.1117 dt=36.7s
2026-07-17 13:11:41,439 [INFO] trainer: epoch 469 step 50/135 loss=1.1249 lr=3.04e-06
2026-07-17 13:11:54,706 [INFO] trainer: epoch 469 step 100/135 loss=1.1238 lr=2.99e-06
2026-07-17 13:12:03,985 [INFO] trainer: epoch 469 done train_loss=1.1331 dt=36.6s
2026-07-17 13:12:18,084 [INFO] trainer: epoch 470 step 50/135 loss=1.0729 lr=2.91e-06
2026-07-17 13:12:31,357 [INFO] trainer: epoch 470 step 100/135 loss=1.0907 lr=2.87e-06
2026-07-17 13:12:40,640 [INFO] trainer: epoch 470 done train_loss=1.0953 dt=36.7s
2026-07-17 13:12:55,171 [INFO] trainer: epoch 471 step 50/135 loss=1.1100 lr=2.79e-06
2026-07-17 13:13:08,432 [INFO] trainer: epoch 471 step 100/135 loss=1.0846 lr=2.75e-06
2026-07-17 13:13:17,688 [INFO] trainer: epoch 471 done train_loss=1.0930 dt=36.7s
2026-07-17 13:13:31,791 [INFO] trainer: epoch 472 step 50/135 loss=1.0896 lr=2.67e-06
2026-07-17 13:13:45,057 [INFO] trainer: epoch 472 step 100/135 loss=1.1215 lr=2.63e-06
2026-07-17 13:13:54,324 [INFO] trainer: epoch 472 done train_loss=1.1077 dt=36.6s
2026-07-17 13:14:08,356 [INFO] trainer: epoch 473 step 50/135 loss=1.0816 lr=2.56e-06
2026-07-17 13:14:21,622 [INFO] trainer: epoch 473 step 100/135 loss=1.0996 lr=2.52e-06
2026-07-17 13:14:30,897 [INFO] trainer: epoch 473 done train_loss=1.0891 dt=36.6s
2026-07-17 13:14:45,200 [INFO] trainer: epoch 474 step 50/135 loss=1.0569 lr=2.45e-06
2026-07-17 13:14:58,455 [INFO] trainer: epoch 474 step 100/135 loss=1.1051 lr=2.41e-06
2026-07-17 13:15:07,724 [INFO] trainer: epoch 474 done train_loss=1.0815 dt=36.8s
2026-07-17 13:15:21,877 [INFO] trainer: epoch 475 step 50/135 loss=1.0951 lr=2.34e-06
2026-07-17 13:15:35,136 [INFO] trainer: epoch 475 step 100/135 loss=1.0794 lr=2.30e-06
2026-07-17 13:15:44,409 [INFO] trainer: epoch 475 done train_loss=1.0917 dt=36.7s
2026-07-17 13:17:06,598 [INFO] trainer: epoch 475 val_mean_dice=0.7975
2026-07-17 13:17:21,093 [INFO] trainer: epoch 476 step 50/135 loss=1.0744 lr=2.24e-06
2026-07-17 13:17:34,372 [INFO] trainer: epoch 476 step 100/135 loss=1.1283 lr=2.20e-06
2026-07-17 13:17:43,645 [INFO] trainer: epoch 476 done train_loss=1.1048 dt=36.7s
2026-07-17 13:17:58,049 [INFO] trainer: epoch 477 step 50/135 loss=1.1450 lr=2.14e-06
2026-07-17 13:18:11,312 [INFO] trainer: epoch 477 step 100/135 loss=1.1720 lr=2.10e-06
2026-07-17 13:18:20,586 [INFO] trainer: epoch 477 done train_loss=1.1362 dt=36.9s
2026-07-17 13:18:34,676 [INFO] trainer: epoch 478 step 50/135 loss=1.1191 lr=2.05e-06
2026-07-17 13:18:47,945 [INFO] trainer: epoch 478 step 100/135 loss=1.0910 lr=2.01e-06
2026-07-17 13:18:57,217 [INFO] trainer: epoch 478 done train_loss=1.1050 dt=36.6s
2026-07-17 13:19:11,307 [INFO] trainer: epoch 479 step 50/135 loss=1.1502 lr=1.96e-06
2026-07-17 13:19:24,569 [INFO] trainer: epoch 479 step 100/135 loss=1.1445 lr=1.92e-06
2026-07-17 13:19:33,840 [INFO] trainer: epoch 479 done train_loss=1.1312 dt=36.6s
2026-07-17 13:19:47,970 [INFO] trainer: epoch 480 step 50/135 loss=1.0900 lr=1.87e-06
2026-07-17 13:20:01,230 [INFO] trainer: epoch 480 step 100/135 loss=1.1091 lr=1.84e-06
2026-07-17 13:20:10,505 [INFO] trainer: epoch 480 done train_loss=1.1037 dt=36.7s
2026-07-17 13:20:24,825 [INFO] trainer: epoch 481 step 50/135 loss=1.1021 lr=1.79e-06
2026-07-17 13:20:38,075 [INFO] trainer: epoch 481 step 100/135 loss=1.1185 lr=1.76e-06
2026-07-17 13:20:47,338 [INFO] trainer: epoch 481 done train_loss=1.1082 dt=36.5s
2026-07-17 13:21:01,700 [INFO] trainer: epoch 482 step 50/135 loss=1.1481 lr=1.71e-06
2026-07-17 13:21:14,942 [INFO] trainer: epoch 482 step 100/135 loss=1.0706 lr=1.68e-06
2026-07-17 13:21:24,200 [INFO] trainer: epoch 482 done train_loss=1.1068 dt=36.9s
2026-07-17 13:21:38,220 [INFO] trainer: epoch 483 step 50/135 loss=1.0706 lr=1.64e-06
2026-07-17 13:21:51,469 [INFO] trainer: epoch 483 step 100/135 loss=1.1699 lr=1.61e-06
2026-07-17 13:22:00,733 [INFO] trainer: epoch 483 done train_loss=1.1153 dt=36.5s
2026-07-17 13:22:14,814 [INFO] trainer: epoch 484 step 50/135 loss=1.1188 lr=1.57e-06
2026-07-17 13:22:28,066 [INFO] trainer: epoch 484 step 100/135 loss=1.0990 lr=1.54e-06
2026-07-17 13:22:37,335 [INFO] trainer: epoch 484 done train_loss=1.1282 dt=36.6s
2026-07-17 13:22:51,644 [INFO] trainer: epoch 485 step 50/135 loss=1.1763 lr=1.50e-06
2026-07-17 13:23:04,901 [INFO] trainer: epoch 485 step 100/135 loss=1.1110 lr=1.48e-06
2026-07-17 13:23:14,176 [INFO] trainer: epoch 485 done train_loss=1.1370 dt=36.8s
2026-07-17 13:23:28,470 [INFO] trainer: epoch 486 step 50/135 loss=1.1460 lr=1.44e-06
2026-07-17 13:23:41,717 [INFO] trainer: epoch 486 step 100/135 loss=1.0904 lr=1.42e-06
2026-07-17 13:23:50,986 [INFO] trainer: epoch 486 done train_loss=1.0965 dt=36.8s
2026-07-17 13:24:05,319 [INFO] trainer: epoch 487 step 50/135 loss=1.1430 lr=1.38e-06
2026-07-17 13:24:18,568 [INFO] trainer: epoch 487 step 100/135 loss=1.1380 lr=1.36e-06
2026-07-17 13:24:27,838 [INFO] trainer: epoch 487 done train_loss=1.1395 dt=36.9s
2026-07-17 13:24:41,973 [INFO] trainer: epoch 488 step 50/135 loss=1.0785 lr=1.33e-06
2026-07-17 13:24:55,239 [INFO] trainer: epoch 488 step 100/135 loss=1.0860 lr=1.31e-06
2026-07-17 13:25:04,511 [INFO] trainer: epoch 488 done train_loss=1.0973 dt=36.7s
2026-07-17 13:25:18,589 [INFO] trainer: epoch 489 step 50/135 loss=1.0741 lr=1.28e-06
2026-07-17 13:25:31,851 [INFO] trainer: epoch 489 step 100/135 loss=1.0765 lr=1.26e-06
2026-07-17 13:25:41,123 [INFO] trainer: epoch 489 done train_loss=1.0879 dt=36.6s
2026-07-17 13:25:55,372 [INFO] trainer: epoch 490 step 50/135 loss=1.1289 lr=1.23e-06
2026-07-17 13:26:08,634 [INFO] trainer: epoch 490 step 100/135 loss=1.1096 lr=1.22e-06
2026-07-17 13:26:17,905 [INFO] trainer: epoch 490 done train_loss=1.1298 dt=36.8s
2026-07-17 13:26:32,337 [INFO] trainer: epoch 491 step 50/135 loss=1.1494 lr=1.19e-06
2026-07-17 13:26:45,615 [INFO] trainer: epoch 491 step 100/135 loss=1.1483 lr=1.18e-06
2026-07-17 13:26:54,892 [INFO] trainer: epoch 491 done train_loss=1.1327 dt=36.7s
2026-07-17 13:27:09,047 [INFO] trainer: epoch 492 step 50/135 loss=1.1175 lr=1.15e-06
2026-07-17 13:27:22,291 [INFO] trainer: epoch 492 step 100/135 loss=1.1289 lr=1.14e-06
2026-07-17 13:27:31,549 [INFO] trainer: epoch 492 done train_loss=1.1120 dt=36.7s
2026-07-17 13:27:45,824 [INFO] trainer: epoch 493 step 50/135 loss=1.1327 lr=1.12e-06
2026-07-17 13:27:59,085 [INFO] trainer: epoch 493 step 100/135 loss=1.1122 lr=1.11e-06
2026-07-17 13:28:08,344 [INFO] trainer: epoch 493 done train_loss=1.1164 dt=36.8s
2026-07-17 13:28:22,615 [INFO] trainer: epoch 494 step 50/135 loss=1.0903 lr=1.09e-06
2026-07-17 13:28:35,865 [INFO] trainer: epoch 494 step 100/135 loss=1.1380 lr=1.08e-06
2026-07-17 13:28:45,128 [INFO] trainer: epoch 494 done train_loss=1.1099 dt=36.8s
2026-07-17 13:28:59,268 [INFO] trainer: epoch 495 step 50/135 loss=1.1183 lr=1.06e-06
2026-07-17 13:29:12,521 [INFO] trainer: epoch 495 step 100/135 loss=1.1486 lr=1.06e-06
2026-07-17 13:29:21,785 [INFO] trainer: epoch 495 done train_loss=1.1260 dt=36.7s
2026-07-17 13:29:35,915 [INFO] trainer: epoch 496 step 50/135 loss=1.1568 lr=1.04e-06
2026-07-17 13:29:49,164 [INFO] trainer: epoch 496 step 100/135 loss=1.1153 lr=1.04e-06
2026-07-17 13:29:58,430 [INFO] trainer: epoch 496 done train_loss=1.1164 dt=36.6s
2026-07-17 13:30:12,853 [INFO] trainer: epoch 497 step 50/135 loss=1.1631 lr=1.03e-06
2026-07-17 13:30:26,095 [INFO] trainer: epoch 497 step 100/135 loss=1.1127 lr=1.02e-06
2026-07-17 13:30:35,352 [INFO] trainer: epoch 497 done train_loss=1.1323 dt=36.9s
2026-07-17 13:30:49,549 [INFO] trainer: epoch 498 step 50/135 loss=1.0999 lr=1.01e-06
2026-07-17 13:31:02,808 [INFO] trainer: epoch 498 step 100/135 loss=1.1337 lr=1.01e-06
2026-07-17 13:31:12,078 [INFO] trainer: epoch 498 done train_loss=1.1220 dt=36.7s
2026-07-17 13:31:26,200 [INFO] trainer: epoch 499 step 50/135 loss=1.1299 lr=1.01e-06
2026-07-17 13:31:39,440 [INFO] trainer: epoch 499 step 100/135 loss=1.1181 lr=1.00e-06
2026-07-17 13:31:48,706 [INFO] trainer: epoch 499 done train_loss=1.1230 dt=36.6s
2026-07-17 13:32:02,731 [INFO] trainer: epoch 500 step 50/135 loss=1.1240 lr=1.00e-06
2026-07-17 13:32:15,997 [INFO] trainer: epoch 500 step 100/135 loss=1.1198 lr=1.00e-06
2026-07-17 13:32:25,273 [INFO] trainer: epoch 500 done train_loss=1.1160 dt=36.6s
2026-07-17 13:34:16,475 [INFO] trainer: epoch 500 val_mean_dice=0.7970
2026-07-17 13:34:16,770 [INFO] trainer: total time 20162.5 s, best dice 0.7975 (epochs 1-500 / 500)
