2026-07-16 22:14:49,314 [INFO] train: ========================================================================
2026-07-16 22:14:49,314 [INFO] train: model=vista3d config=configs/lowshot/ls_vista3d_frz_pt_f025.yaml
2026-07-16 22:14:49,314 [INFO] train: output=/scratch/lskrlj/runs/ls_vista3d_frz_pt_f025 device=cuda (NVIDIA A100-SXM4-40GB)
2026-07-16 22:14:49,314 [INFO] train: epochs=500 batch_size=2 grad_accum=2 eff_batch=4 lr=0.0002 amp=False
2026-07-16 22:14:49,315 [INFO] train: ========================================================================
2026-07-16 22:14:49,321 [INFO] train: splits: train=1082 val=57 classes=117
2026-07-16 22:14:49,321 [INFO] train: low-shot: train_fraction=0.2500 seed=1234 -> 270/1082 train cases
2026-07-16 22:14:49,799 [INFO] train: disk cache: /scratch/lskrlj/cache/TotalSeg/833d9d046402 (fingerprint=833d9d046402)
2026-07-16 22:16:57,434 [INFO] train: model vista3d, trainable params: 9199832 / 184150952 total (freeze_backbone=True)
2026-07-16 22:17:14,976 [WARNING] trainer: --resume set but no checkpoint found in /scratch/lskrlj/runs/ls_vista3d_frz_pt_f025; starting fresh
2026-07-16 22:17:14,977 [INFO] trainer: start: epochs 1-500/500 device=cuda amp=off train_batches=135 val_batches=57
2026-07-16 22:17:35,415 [INFO] trainer: epoch 1 step 50/135 loss=10.9944 lr=7.35e-06
2026-07-16 22:17:50,363 [INFO] trainer: epoch 1 step 100/135 loss=10.6728 lr=1.47e-05
2026-07-16 22:18:00,804 [INFO] trainer: epoch 1 done train_loss=10.6708 dt=45.8s
2026-07-16 22:18:16,634 [INFO] trainer: epoch 2 step 50/135 loss=9.6031 lr=2.74e-05
2026-07-16 22:18:32,061 [INFO] trainer: epoch 2 step 100/135 loss=9.0048 lr=3.47e-05
2026-07-16 22:18:42,491 [INFO] trainer: epoch 2 done train_loss=9.0911 dt=41.7s
2026-07-16 22:18:58,289 [INFO] trainer: epoch 3 step 50/135 loss=8.1403 lr=4.74e-05
2026-07-16 22:19:13,210 [INFO] trainer: epoch 3 step 100/135 loss=7.7760 lr=5.47e-05
2026-07-16 22:19:23,650 [INFO] trainer: epoch 3 done train_loss=7.8401 dt=41.2s
2026-07-16 22:19:39,372 [INFO] trainer: epoch 4 step 50/135 loss=7.1969 lr=6.74e-05
2026-07-16 22:19:54,297 [INFO] trainer: epoch 4 step 100/135 loss=6.9589 lr=7.47e-05
2026-07-16 22:20:04,758 [INFO] trainer: epoch 4 done train_loss=6.9656 dt=41.1s
2026-07-16 22:20:20,448 [INFO] trainer: epoch 5 step 50/135 loss=6.4530 lr=8.74e-05
2026-07-16 22:20:35,396 [INFO] trainer: epoch 5 step 100/135 loss=6.1622 lr=9.47e-05
2026-07-16 22:20:45,830 [INFO] trainer: epoch 5 done train_loss=6.2204 dt=41.1s
2026-07-16 22:21:01,594 [INFO] trainer: epoch 6 step 50/135 loss=5.7418 lr=1.07e-04
2026-07-16 22:21:16,573 [INFO] trainer: epoch 6 step 100/135 loss=5.4927 lr=1.15e-04
2026-07-16 22:21:27,014 [INFO] trainer: epoch 6 done train_loss=5.5619 dt=41.2s
2026-07-16 22:21:43,021 [INFO] trainer: epoch 7 step 50/135 loss=5.1691 lr=1.27e-04
2026-07-16 22:21:57,969 [INFO] trainer: epoch 7 step 100/135 loss=4.9096 lr=1.35e-04
2026-07-16 22:22:08,421 [INFO] trainer: epoch 7 done train_loss=4.9746 dt=41.4s
2026-07-16 22:22:24,080 [INFO] trainer: epoch 8 step 50/135 loss=4.6448 lr=1.47e-04
2026-07-16 22:22:39,030 [INFO] trainer: epoch 8 step 100/135 loss=4.4223 lr=1.55e-04
2026-07-16 22:22:49,472 [INFO] trainer: epoch 8 done train_loss=4.4472 dt=41.0s
2026-07-16 22:23:05,432 [INFO] trainer: epoch 9 step 50/135 loss=4.0925 lr=1.67e-04
2026-07-16 22:23:20,395 [INFO] trainer: epoch 9 step 100/135 loss=3.9495 lr=1.75e-04
2026-07-16 22:23:30,841 [INFO] trainer: epoch 9 done train_loss=3.9745 dt=41.4s
2026-07-16 22:23:46,757 [INFO] trainer: epoch 10 step 50/135 loss=3.6972 lr=1.87e-04
2026-07-16 22:24:01,732 [INFO] trainer: epoch 10 step 100/135 loss=3.5664 lr=1.95e-04
2026-07-16 22:24:12,180 [INFO] trainer: epoch 10 done train_loss=3.5808 dt=41.3s
2026-07-16 22:24:28,961 [INFO] trainer: epoch 11 step 50/135 loss=3.3316 lr=2.00e-04
2026-07-16 22:24:43,911 [INFO] trainer: epoch 11 step 100/135 loss=3.2203 lr=2.00e-04
2026-07-16 22:24:54,349 [INFO] trainer: epoch 11 done train_loss=3.2263 dt=41.1s
2026-07-16 22:25:10,185 [INFO] trainer: epoch 12 step 50/135 loss=3.0384 lr=2.00e-04
2026-07-16 22:25:25,117 [INFO] trainer: epoch 12 step 100/135 loss=2.9585 lr=2.00e-04
2026-07-16 22:25:35,561 [INFO] trainer: epoch 12 done train_loss=2.9684 dt=41.2s
2026-07-16 22:25:51,510 [INFO] trainer: epoch 13 step 50/135 loss=2.8415 lr=2.00e-04
2026-07-16 22:26:06,452 [INFO] trainer: epoch 13 step 100/135 loss=2.7729 lr=2.00e-04
2026-07-16 22:26:16,892 [INFO] trainer: epoch 13 done train_loss=2.7840 dt=41.3s
2026-07-16 22:26:32,680 [INFO] trainer: epoch 14 step 50/135 loss=2.6963 lr=2.00e-04
2026-07-16 22:26:47,626 [INFO] trainer: epoch 14 step 100/135 loss=2.6349 lr=2.00e-04
2026-07-16 22:26:58,079 [INFO] trainer: epoch 14 done train_loss=2.6473 dt=41.2s
2026-07-16 22:27:13,961 [INFO] trainer: epoch 15 step 50/135 loss=2.5814 lr=2.00e-04
2026-07-16 22:27:28,903 [INFO] trainer: epoch 15 step 100/135 loss=2.5350 lr=2.00e-04
2026-07-16 22:27:39,345 [INFO] trainer: epoch 15 done train_loss=2.5416 dt=41.3s
2026-07-16 22:27:55,183 [INFO] trainer: epoch 16 step 50/135 loss=2.4832 lr=2.00e-04
2026-07-16 22:28:10,127 [INFO] trainer: epoch 16 step 100/135 loss=2.4370 lr=2.00e-04
2026-07-16 22:28:20,570 [INFO] trainer: epoch 16 done train_loss=2.4429 dt=41.2s
2026-07-16 22:28:36,665 [INFO] trainer: epoch 17 step 50/135 loss=2.3743 lr=2.00e-04
2026-07-16 22:28:51,602 [INFO] trainer: epoch 17 step 100/135 loss=2.3726 lr=2.00e-04
2026-07-16 22:29:02,048 [INFO] trainer: epoch 17 done train_loss=2.3540 dt=41.5s
2026-07-16 22:29:17,765 [INFO] trainer: epoch 18 step 50/135 loss=2.3150 lr=2.00e-04
2026-07-16 22:29:32,711 [INFO] trainer: epoch 18 step 100/135 loss=2.2877 lr=2.00e-04
2026-07-16 22:29:43,148 [INFO] trainer: epoch 18 done train_loss=2.2823 dt=41.1s
2026-07-16 22:29:58,982 [INFO] trainer: epoch 19 step 50/135 loss=2.2344 lr=2.00e-04
2026-07-16 22:30:13,936 [INFO] trainer: epoch 19 step 100/135 loss=2.1955 lr=2.00e-04
2026-07-16 22:30:25,778 [INFO] trainer: epoch 19 done train_loss=2.2095 dt=42.6s
2026-07-16 22:30:41,641 [INFO] trainer: epoch 20 step 50/135 loss=2.1352 lr=2.00e-04
2026-07-16 22:30:56,592 [INFO] trainer: epoch 20 step 100/135 loss=2.1304 lr=2.00e-04
2026-07-16 22:31:07,041 [INFO] trainer: epoch 20 done train_loss=2.1291 dt=41.3s
2026-07-16 22:31:23,971 [INFO] trainer: epoch 21 step 50/135 loss=2.0961 lr=2.00e-04
2026-07-16 22:31:38,913 [INFO] trainer: epoch 21 step 100/135 loss=2.0788 lr=2.00e-04
2026-07-16 22:31:49,359 [INFO] trainer: epoch 21 done train_loss=2.0821 dt=41.3s
2026-07-16 22:32:05,265 [INFO] trainer: epoch 22 step 50/135 loss=2.0085 lr=2.00e-04
2026-07-16 22:32:20,213 [INFO] trainer: epoch 22 step 100/135 loss=2.0152 lr=2.00e-04
2026-07-16 22:32:30,660 [INFO] trainer: epoch 22 done train_loss=2.0078 dt=41.3s
2026-07-16 22:32:46,451 [INFO] trainer: epoch 23 step 50/135 loss=1.9859 lr=2.00e-04
2026-07-16 22:33:01,408 [INFO] trainer: epoch 23 step 100/135 loss=1.9397 lr=2.00e-04
2026-07-16 22:33:11,864 [INFO] trainer: epoch 23 done train_loss=1.9656 dt=41.2s
2026-07-16 22:33:27,624 [INFO] trainer: epoch 24 step 50/135 loss=1.9536 lr=2.00e-04
2026-07-16 22:33:42,570 [INFO] trainer: epoch 24 step 100/135 loss=1.8646 lr=2.00e-04
2026-07-16 22:33:53,024 [INFO] trainer: epoch 24 done train_loss=1.9163 dt=41.2s
2026-07-16 22:34:08,835 [INFO] trainer: epoch 25 step 50/135 loss=1.8546 lr=2.00e-04
2026-07-16 22:34:23,793 [INFO] trainer: epoch 25 step 100/135 loss=1.8795 lr=2.00e-04
2026-07-16 22:34:34,236 [INFO] trainer: epoch 25 done train_loss=1.8594 dt=41.2s
2026-07-16 22:35:49,816 [INFO] trainer: epoch 25 val_mean_dice=0.4229
2026-07-16 22:36:06,682 [INFO] trainer: epoch 26 step 50/135 loss=1.8158 lr=2.00e-04
2026-07-16 22:36:21,614 [INFO] trainer: epoch 26 step 100/135 loss=1.7988 lr=1.99e-04
2026-07-16 22:36:32,049 [INFO] trainer: epoch 26 done train_loss=1.8152 dt=41.3s
2026-07-16 22:36:47,936 [INFO] trainer: epoch 27 step 50/135 loss=1.7840 lr=1.99e-04
2026-07-16 22:37:02,872 [INFO] trainer: epoch 27 step 100/135 loss=1.7296 lr=1.99e-04
2026-07-16 22:37:13,315 [INFO] trainer: epoch 27 done train_loss=1.7520 dt=41.3s
2026-07-16 22:37:29,372 [INFO] trainer: epoch 28 step 50/135 loss=1.7662 lr=1.99e-04
2026-07-16 22:37:44,321 [INFO] trainer: epoch 28 step 100/135 loss=1.6956 lr=1.99e-04
2026-07-16 22:37:54,760 [INFO] trainer: epoch 28 done train_loss=1.7434 dt=41.4s
2026-07-16 22:38:10,748 [INFO] trainer: epoch 29 step 50/135 loss=1.6998 lr=1.99e-04
2026-07-16 22:38:25,700 [INFO] trainer: epoch 29 step 100/135 loss=1.7069 lr=1.99e-04
2026-07-16 22:38:36,149 [INFO] trainer: epoch 29 done train_loss=1.6850 dt=41.4s
2026-07-16 22:38:51,903 [INFO] trainer: epoch 30 step 50/135 loss=1.6471 lr=1.99e-04
2026-07-16 22:39:06,846 [INFO] trainer: epoch 30 step 100/135 loss=1.6771 lr=1.99e-04
2026-07-16 22:39:17,291 [INFO] trainer: epoch 30 done train_loss=1.6495 dt=41.1s
2026-07-16 22:39:34,334 [INFO] trainer: epoch 31 step 50/135 loss=1.6602 lr=1.99e-04
2026-07-16 22:39:49,280 [INFO] trainer: epoch 31 step 100/135 loss=1.5788 lr=1.99e-04
2026-07-16 22:39:59,722 [INFO] trainer: epoch 31 done train_loss=1.6262 dt=41.3s
2026-07-16 22:40:15,556 [INFO] trainer: epoch 32 step 50/135 loss=1.5928 lr=1.99e-04
2026-07-16 22:40:30,509 [INFO] trainer: epoch 32 step 100/135 loss=1.5599 lr=1.99e-04
2026-07-16 22:40:40,955 [INFO] trainer: epoch 32 done train_loss=1.5821 dt=41.2s
2026-07-16 22:40:56,752 [INFO] trainer: epoch 33 step 50/135 loss=1.5584 lr=1.99e-04
2026-07-16 22:41:11,707 [INFO] trainer: epoch 33 step 100/135 loss=1.5282 lr=1.99e-04
2026-07-16 22:41:22,155 [INFO] trainer: epoch 33 done train_loss=1.5465 dt=41.2s
2026-07-16 22:41:37,946 [INFO] trainer: epoch 34 step 50/135 loss=1.5035 lr=1.99e-04
2026-07-16 22:41:52,905 [INFO] trainer: epoch 34 step 100/135 loss=1.5264 lr=1.99e-04
2026-07-16 22:42:03,349 [INFO] trainer: epoch 34 done train_loss=1.5144 dt=41.2s
2026-07-16 22:42:19,322 [INFO] trainer: epoch 35 step 50/135 loss=1.5119 lr=1.99e-04
2026-07-16 22:42:34,283 [INFO] trainer: epoch 35 step 100/135 loss=1.4828 lr=1.99e-04
2026-07-16 22:42:44,729 [INFO] trainer: epoch 35 done train_loss=1.4907 dt=41.4s
2026-07-16 22:43:00,740 [INFO] trainer: epoch 36 step 50/135 loss=1.4872 lr=1.99e-04
2026-07-16 22:43:15,705 [INFO] trainer: epoch 36 step 100/135 loss=1.4891 lr=1.99e-04
2026-07-16 22:43:26,164 [INFO] trainer: epoch 36 done train_loss=1.4752 dt=41.4s
2026-07-16 22:43:42,011 [INFO] trainer: epoch 37 step 50/135 loss=1.4349 lr=1.99e-04
2026-07-16 22:43:56,974 [INFO] trainer: epoch 37 step 100/135 loss=1.4444 lr=1.99e-04
2026-07-16 22:44:07,424 [INFO] trainer: epoch 37 done train_loss=1.4451 dt=41.3s
2026-07-16 22:44:23,262 [INFO] trainer: epoch 38 step 50/135 loss=1.4463 lr=1.98e-04
2026-07-16 22:44:38,218 [INFO] trainer: epoch 38 step 100/135 loss=1.4059 lr=1.98e-04
2026-07-16 22:44:48,675 [INFO] trainer: epoch 38 done train_loss=1.4463 dt=41.2s
2026-07-16 22:45:04,448 [INFO] trainer: epoch 39 step 50/135 loss=1.4590 lr=1.98e-04
2026-07-16 22:45:19,400 [INFO] trainer: epoch 39 step 100/135 loss=1.4416 lr=1.98e-04
2026-07-16 22:45:29,852 [INFO] trainer: epoch 39 done train_loss=1.4290 dt=41.2s
2026-07-16 22:45:45,759 [INFO] trainer: epoch 40 step 50/135 loss=1.4115 lr=1.98e-04
2026-07-16 22:46:00,714 [INFO] trainer: epoch 40 step 100/135 loss=1.4313 lr=1.98e-04
2026-07-16 22:46:11,173 [INFO] trainer: epoch 40 done train_loss=1.4022 dt=41.3s
2026-07-16 22:46:28,234 [INFO] trainer: epoch 41 step 50/135 loss=1.3974 lr=1.98e-04
2026-07-16 22:46:43,173 [INFO] trainer: epoch 41 step 100/135 loss=1.3836 lr=1.98e-04
2026-07-16 22:46:53,712 [INFO] trainer: epoch 41 done train_loss=1.4074 dt=41.4s
2026-07-16 22:47:09,651 [INFO] trainer: epoch 42 step 50/135 loss=1.3778 lr=1.98e-04
2026-07-16 22:47:24,584 [INFO] trainer: epoch 42 step 100/135 loss=1.4016 lr=1.98e-04
2026-07-16 22:47:35,023 [INFO] trainer: epoch 42 done train_loss=1.3813 dt=41.3s
2026-07-16 22:47:50,824 [INFO] trainer: epoch 43 step 50/135 loss=1.3964 lr=1.98e-04
2026-07-16 22:48:05,766 [INFO] trainer: epoch 43 step 100/135 loss=1.3844 lr=1.98e-04
2026-07-16 22:48:16,195 [INFO] trainer: epoch 43 done train_loss=1.3861 dt=41.2s
2026-07-16 22:48:32,012 [INFO] trainer: epoch 44 step 50/135 loss=1.3660 lr=1.98e-04
2026-07-16 22:48:46,933 [INFO] trainer: epoch 44 step 100/135 loss=1.3895 lr=1.98e-04
2026-07-16 22:48:57,375 [INFO] trainer: epoch 44 done train_loss=1.3784 dt=41.2s
2026-07-16 22:49:13,476 [INFO] trainer: epoch 45 step 50/135 loss=1.3492 lr=1.98e-04
2026-07-16 22:49:28,418 [INFO] trainer: epoch 45 step 100/135 loss=1.3897 lr=1.98e-04
2026-07-16 22:49:38,860 [INFO] trainer: epoch 45 done train_loss=1.3652 dt=41.5s
2026-07-16 22:49:54,701 [INFO] trainer: epoch 46 step 50/135 loss=1.3441 lr=1.97e-04
2026-07-16 22:50:09,637 [INFO] trainer: epoch 46 step 100/135 loss=1.3356 lr=1.97e-04
2026-07-16 22:50:20,072 [INFO] trainer: epoch 46 done train_loss=1.3435 dt=41.2s
2026-07-16 22:50:35,793 [INFO] trainer: epoch 47 step 50/135 loss=1.3770 lr=1.97e-04
2026-07-16 22:50:50,744 [INFO] trainer: epoch 47 step 100/135 loss=1.3598 lr=1.97e-04
2026-07-16 22:51:01,183 [INFO] trainer: epoch 47 done train_loss=1.3720 dt=41.1s
2026-07-16 22:51:17,190 [INFO] trainer: epoch 48 step 50/135 loss=1.3506 lr=1.97e-04
2026-07-16 22:51:32,134 [INFO] trainer: epoch 48 step 100/135 loss=1.3408 lr=1.97e-04
2026-07-16 22:51:42,581 [INFO] trainer: epoch 48 done train_loss=1.3444 dt=41.4s
2026-07-16 22:51:58,601 [INFO] trainer: epoch 49 step 50/135 loss=1.3789 lr=1.97e-04
2026-07-16 22:52:13,548 [INFO] trainer: epoch 49 step 100/135 loss=1.3301 lr=1.97e-04
2026-07-16 22:52:23,994 [INFO] trainer: epoch 49 done train_loss=1.3471 dt=41.4s
2026-07-16 22:52:39,945 [INFO] trainer: epoch 50 step 50/135 loss=1.3150 lr=1.97e-04
2026-07-16 22:52:54,901 [INFO] trainer: epoch 50 step 100/135 loss=1.3246 lr=1.97e-04
2026-07-16 22:53:05,344 [INFO] trainer: epoch 50 done train_loss=1.3172 dt=41.3s
2026-07-16 22:54:06,473 [INFO] trainer: epoch 50 val_mean_dice=0.7787
2026-07-16 22:54:24,914 [INFO] trainer: epoch 51 step 50/135 loss=1.3487 lr=1.97e-04
2026-07-16 22:54:39,858 [INFO] trainer: epoch 51 step 100/135 loss=1.3144 lr=1.97e-04
2026-07-16 22:54:50,302 [INFO] trainer: epoch 51 done train_loss=1.3407 dt=41.6s
2026-07-16 22:55:06,275 [INFO] trainer: epoch 52 step 50/135 loss=1.3341 lr=1.97e-04
2026-07-16 22:55:21,231 [INFO] trainer: epoch 52 step 100/135 loss=1.3153 lr=1.96e-04
2026-07-16 22:55:31,677 [INFO] trainer: epoch 52 done train_loss=1.3221 dt=41.4s
2026-07-16 22:55:47,653 [INFO] trainer: epoch 53 step 50/135 loss=1.3306 lr=1.96e-04
2026-07-16 22:56:02,591 [INFO] trainer: epoch 53 step 100/135 loss=1.3538 lr=1.96e-04
2026-07-16 22:56:13,052 [INFO] trainer: epoch 53 done train_loss=1.3139 dt=41.4s
2026-07-16 22:56:28,967 [INFO] trainer: epoch 54 step 50/135 loss=1.2771 lr=1.96e-04
2026-07-16 22:56:43,915 [INFO] trainer: epoch 54 step 100/135 loss=1.2912 lr=1.96e-04
2026-07-16 22:56:54,362 [INFO] trainer: epoch 54 done train_loss=1.2821 dt=41.3s
2026-07-16 22:57:10,127 [INFO] trainer: epoch 55 step 50/135 loss=1.2667 lr=1.96e-04
2026-07-16 22:57:25,079 [INFO] trainer: epoch 55 step 100/135 loss=1.3017 lr=1.96e-04
2026-07-16 22:57:35,531 [INFO] trainer: epoch 55 done train_loss=1.2721 dt=41.2s
2026-07-16 22:57:51,622 [INFO] trainer: epoch 56 step 50/135 loss=1.3082 lr=1.96e-04
2026-07-16 22:58:06,579 [INFO] trainer: epoch 56 step 100/135 loss=1.2814 lr=1.96e-04
2026-07-16 22:58:17,022 [INFO] trainer: epoch 56 done train_loss=1.2908 dt=41.5s
2026-07-16 22:58:32,904 [INFO] trainer: epoch 57 step 50/135 loss=1.3264 lr=1.96e-04
2026-07-16 22:58:47,852 [INFO] trainer: epoch 57 step 100/135 loss=1.3015 lr=1.96e-04
2026-07-16 22:58:58,295 [INFO] trainer: epoch 57 done train_loss=1.3068 dt=41.3s
2026-07-16 22:59:14,206 [INFO] trainer: epoch 58 step 50/135 loss=1.2793 lr=1.95e-04
2026-07-16 22:59:29,818 [INFO] trainer: epoch 58 step 100/135 loss=1.2852 lr=1.95e-04
2026-07-16 22:59:40,286 [INFO] trainer: epoch 58 done train_loss=1.3004 dt=42.0s
2026-07-16 22:59:56,276 [INFO] trainer: epoch 59 step 50/135 loss=1.2733 lr=1.95e-04
2026-07-16 23:00:11,231 [INFO] trainer: epoch 59 step 100/135 loss=1.3197 lr=1.95e-04
2026-07-16 23:00:21,684 [INFO] trainer: epoch 59 done train_loss=1.2964 dt=41.4s
2026-07-16 23:00:37,600 [INFO] trainer: epoch 60 step 50/135 loss=1.2958 lr=1.95e-04
2026-07-16 23:00:52,552 [INFO] trainer: epoch 60 step 100/135 loss=1.2556 lr=1.95e-04
2026-07-16 23:01:02,991 [INFO] trainer: epoch 60 done train_loss=1.2865 dt=41.3s
2026-07-16 23:01:20,259 [INFO] trainer: epoch 61 step 50/135 loss=1.2866 lr=1.95e-04
2026-07-16 23:01:35,212 [INFO] trainer: epoch 61 step 100/135 loss=1.3231 lr=1.95e-04
2026-07-16 23:01:45,660 [INFO] trainer: epoch 61 done train_loss=1.2964 dt=41.4s
2026-07-16 23:02:01,559 [INFO] trainer: epoch 62 step 50/135 loss=1.3357 lr=1.95e-04
2026-07-16 23:02:16,536 [INFO] trainer: epoch 62 step 100/135 loss=1.2819 lr=1.95e-04
2026-07-16 23:02:26,995 [INFO] trainer: epoch 62 done train_loss=1.3003 dt=41.3s
2026-07-16 23:02:42,723 [INFO] trainer: epoch 63 step 50/135 loss=1.2857 lr=1.94e-04
2026-07-16 23:02:57,690 [INFO] trainer: epoch 63 step 100/135 loss=1.2800 lr=1.94e-04
2026-07-16 23:03:08,159 [INFO] trainer: epoch 63 done train_loss=1.2823 dt=41.2s
2026-07-16 23:03:24,059 [INFO] trainer: epoch 64 step 50/135 loss=1.2593 lr=1.94e-04
2026-07-16 23:03:39,013 [INFO] trainer: epoch 64 step 100/135 loss=1.2845 lr=1.94e-04
2026-07-16 23:03:49,468 [INFO] trainer: epoch 64 done train_loss=1.2784 dt=41.3s
2026-07-16 23:04:05,255 [INFO] trainer: epoch 65 step 50/135 loss=1.2695 lr=1.94e-04
2026-07-16 23:04:20,216 [INFO] trainer: epoch 65 step 100/135 loss=1.2510 lr=1.94e-04
2026-07-16 23:04:30,678 [INFO] trainer: epoch 65 done train_loss=1.2603 dt=41.2s
2026-07-16 23:04:46,723 [INFO] trainer: epoch 66 step 50/135 loss=1.2191 lr=1.94e-04
2026-07-16 23:05:01,689 [INFO] trainer: epoch 66 step 100/135 loss=1.2663 lr=1.94e-04
2026-07-16 23:05:12,149 [INFO] trainer: epoch 66 done train_loss=1.2673 dt=41.5s
2026-07-16 23:05:28,224 [INFO] trainer: epoch 67 step 50/135 loss=1.2530 lr=1.94e-04
2026-07-16 23:05:43,191 [INFO] trainer: epoch 67 step 100/135 loss=1.2408 lr=1.93e-04
2026-07-16 23:05:53,643 [INFO] trainer: epoch 67 done train_loss=1.2664 dt=41.5s
2026-07-16 23:06:09,586 [INFO] trainer: epoch 68 step 50/135 loss=1.2098 lr=1.93e-04
2026-07-16 23:06:24,554 [INFO] trainer: epoch 68 step 100/135 loss=1.2461 lr=1.93e-04
2026-07-16 23:06:35,014 [INFO] trainer: epoch 68 done train_loss=1.2455 dt=41.4s
2026-07-16 23:06:51,157 [INFO] trainer: epoch 69 step 50/135 loss=1.2817 lr=1.93e-04
2026-07-16 23:07:06,130 [INFO] trainer: epoch 69 step 100/135 loss=1.2486 lr=1.93e-04
2026-07-16 23:07:16,586 [INFO] trainer: epoch 69 done train_loss=1.2637 dt=41.6s
2026-07-16 23:07:32,558 [INFO] trainer: epoch 70 step 50/135 loss=1.2527 lr=1.93e-04
2026-07-16 23:07:47,525 [INFO] trainer: epoch 70 step 100/135 loss=1.2784 lr=1.93e-04
2026-07-16 23:07:57,976 [INFO] trainer: epoch 70 done train_loss=1.2710 dt=41.4s
2026-07-16 23:08:15,060 [INFO] trainer: epoch 71 step 50/135 loss=1.2705 lr=1.93e-04
2026-07-16 23:08:30,015 [INFO] trainer: epoch 71 step 100/135 loss=1.2531 lr=1.93e-04
2026-07-16 23:08:40,458 [INFO] trainer: epoch 71 done train_loss=1.2604 dt=41.3s
2026-07-16 23:08:56,605 [INFO] trainer: epoch 72 step 50/135 loss=1.2482 lr=1.92e-04
2026-07-16 23:09:11,579 [INFO] trainer: epoch 72 step 100/135 loss=1.2457 lr=1.92e-04
2026-07-16 23:09:23,697 [INFO] trainer: epoch 72 done train_loss=1.2611 dt=43.2s
2026-07-16 23:09:40,531 [INFO] trainer: epoch 73 step 50/135 loss=1.2452 lr=1.92e-04
2026-07-16 23:09:55,477 [INFO] trainer: epoch 73 step 100/135 loss=1.2463 lr=1.92e-04
2026-07-16 23:10:05,923 [INFO] trainer: epoch 73 done train_loss=1.2442 dt=42.2s
2026-07-16 23:10:21,976 [INFO] trainer: epoch 74 step 50/135 loss=1.2325 lr=1.92e-04
2026-07-16 23:10:36,926 [INFO] trainer: epoch 74 step 100/135 loss=1.2597 lr=1.92e-04
2026-07-16 23:10:47,377 [INFO] trainer: epoch 74 done train_loss=1.2416 dt=41.5s
2026-07-16 23:11:03,328 [INFO] trainer: epoch 75 step 50/135 loss=1.2265 lr=1.92e-04
2026-07-16 23:11:18,276 [INFO] trainer: epoch 75 step 100/135 loss=1.2177 lr=1.92e-04
2026-07-16 23:11:28,723 [INFO] trainer: epoch 75 done train_loss=1.2304 dt=41.3s
2026-07-16 23:12:30,681 [INFO] trainer: epoch 75 val_mean_dice=0.7892
2026-07-16 23:12:47,962 [INFO] trainer: epoch 76 step 50/135 loss=1.2912 lr=1.91e-04
2026-07-16 23:13:02,907 [INFO] trainer: epoch 76 step 100/135 loss=1.2217 lr=1.91e-04
2026-07-16 23:13:13,350 [INFO] trainer: epoch 76 done train_loss=1.2552 dt=41.5s
2026-07-16 23:13:29,326 [INFO] trainer: epoch 77 step 50/135 loss=1.2223 lr=1.91e-04
2026-07-16 23:13:44,258 [INFO] trainer: epoch 77 step 100/135 loss=1.2411 lr=1.91e-04
2026-07-16 23:13:54,706 [INFO] trainer: epoch 77 done train_loss=1.2434 dt=41.4s
2026-07-16 23:14:10,644 [INFO] trainer: epoch 78 step 50/135 loss=1.2204 lr=1.91e-04
2026-07-16 23:14:25,593 [INFO] trainer: epoch 78 step 100/135 loss=1.2257 lr=1.91e-04
2026-07-16 23:14:36,039 [INFO] trainer: epoch 78 done train_loss=1.2234 dt=41.3s
2026-07-16 23:14:51,961 [INFO] trainer: epoch 79 step 50/135 loss=1.2127 lr=1.91e-04
2026-07-16 23:15:06,912 [INFO] trainer: epoch 79 step 100/135 loss=1.2167 lr=1.90e-04
2026-07-16 23:15:17,353 [INFO] trainer: epoch 79 done train_loss=1.2160 dt=41.3s
2026-07-16 23:15:47,636 [INFO] trainer: epoch 80 step 50/135 loss=1.2362 lr=1.90e-04
2026-07-16 23:16:02,583 [INFO] trainer: epoch 80 step 100/135 loss=1.2327 lr=1.90e-04
2026-07-16 23:16:13,021 [INFO] trainer: epoch 80 done train_loss=1.2359 dt=55.7s
2026-07-16 23:16:30,425 [INFO] trainer: epoch 81 step 50/135 loss=1.2660 lr=1.90e-04
2026-07-16 23:16:45,359 [INFO] trainer: epoch 81 step 100/135 loss=1.2622 lr=1.90e-04
2026-07-16 23:16:55,795 [INFO] trainer: epoch 81 done train_loss=1.2588 dt=41.6s
2026-07-16 23:17:11,641 [INFO] trainer: epoch 82 step 50/135 loss=1.2127 lr=1.90e-04
2026-07-16 23:17:27,101 [INFO] trainer: epoch 82 step 100/135 loss=1.2500 lr=1.90e-04
2026-07-16 23:17:37,548 [INFO] trainer: epoch 82 done train_loss=1.2322 dt=41.8s
2026-07-16 23:17:53,641 [INFO] trainer: epoch 83 step 50/135 loss=1.2107 lr=1.89e-04
2026-07-16 23:18:08,583 [INFO] trainer: epoch 83 step 100/135 loss=1.2147 lr=1.89e-04
2026-07-16 23:18:19,027 [INFO] trainer: epoch 83 done train_loss=1.2278 dt=41.5s
2026-07-16 23:18:35,126 [INFO] trainer: epoch 84 step 50/135 loss=1.2195 lr=1.89e-04
2026-07-16 23:18:50,061 [INFO] trainer: epoch 84 step 100/135 loss=1.1855 lr=1.89e-04
2026-07-16 23:19:00,498 [INFO] trainer: epoch 84 done train_loss=1.2044 dt=41.5s
2026-07-16 23:19:17,872 [INFO] trainer: epoch 85 step 50/135 loss=1.2335 lr=1.89e-04
2026-07-16 23:19:32,875 [INFO] trainer: epoch 85 step 100/135 loss=1.1821 lr=1.89e-04
2026-07-16 23:19:43,308 [INFO] trainer: epoch 85 done train_loss=1.2174 dt=42.8s
2026-07-16 23:19:59,485 [INFO] trainer: epoch 86 step 50/135 loss=1.2419 lr=1.89e-04
2026-07-16 23:20:14,403 [INFO] trainer: epoch 86 step 100/135 loss=1.2509 lr=1.88e-04
2026-07-16 23:20:24,846 [INFO] trainer: epoch 86 done train_loss=1.2334 dt=41.5s
2026-07-16 23:20:40,777 [INFO] trainer: epoch 87 step 50/135 loss=1.2261 lr=1.88e-04
2026-07-16 23:20:55,696 [INFO] trainer: epoch 87 step 100/135 loss=1.1927 lr=1.88e-04
2026-07-16 23:21:06,127 [INFO] trainer: epoch 87 done train_loss=1.2079 dt=41.3s
2026-07-16 23:21:22,039 [INFO] trainer: epoch 88 step 50/135 loss=1.2450 lr=1.88e-04
2026-07-16 23:21:37,348 [INFO] trainer: epoch 88 step 100/135 loss=1.1791 lr=1.88e-04
2026-07-16 23:21:47,878 [INFO] trainer: epoch 88 done train_loss=1.2171 dt=41.8s
2026-07-16 23:22:03,955 [INFO] trainer: epoch 89 step 50/135 loss=1.1595 lr=1.88e-04
2026-07-16 23:22:19,779 [INFO] trainer: epoch 89 step 100/135 loss=1.2235 lr=1.88e-04
2026-07-16 23:22:30,240 [INFO] trainer: epoch 89 done train_loss=1.2062 dt=42.4s
2026-07-16 23:22:46,482 [INFO] trainer: epoch 90 step 50/135 loss=1.2350 lr=1.87e-04
2026-07-16 23:23:01,401 [INFO] trainer: epoch 90 step 100/135 loss=1.2347 lr=1.87e-04
2026-07-16 23:23:21,558 [INFO] trainer: epoch 90 done train_loss=1.2214 dt=51.3s
2026-07-16 23:23:38,504 [INFO] trainer: epoch 91 step 50/135 loss=1.2080 lr=1.87e-04
2026-07-16 23:23:53,403 [INFO] trainer: epoch 91 step 100/135 loss=1.1574 lr=1.87e-04
2026-07-16 23:24:16,000 [INFO] trainer: epoch 91 done train_loss=1.1928 dt=53.4s
2026-07-16 23:24:35,095 [INFO] trainer: epoch 92 step 50/135 loss=1.2354 lr=1.87e-04
2026-07-16 23:25:37,850 [INFO] trainer: epoch 92 step 100/135 loss=1.2216 lr=1.87e-04
2026-07-16 23:26:13,119 [INFO] trainer: epoch 92 done train_loss=1.2193 dt=117.1s
2026-07-16 23:26:29,350 [INFO] trainer: epoch 93 step 50/135 loss=1.2007 lr=1.86e-04
2026-07-16 23:26:44,289 [INFO] trainer: epoch 93 step 100/135 loss=1.1907 lr=1.86e-04
2026-07-16 23:26:54,726 [INFO] trainer: epoch 93 done train_loss=1.2136 dt=41.6s
2026-07-16 23:27:10,749 [INFO] trainer: epoch 94 step 50/135 loss=1.2396 lr=1.86e-04
2026-07-16 23:27:25,677 [INFO] trainer: epoch 94 step 100/135 loss=1.2282 lr=1.86e-04
2026-07-16 23:27:36,117 [INFO] trainer: epoch 94 done train_loss=1.2356 dt=41.4s
2026-07-16 23:27:51,815 [INFO] trainer: epoch 95 step 50/135 loss=1.2121 lr=1.86e-04
2026-07-16 23:28:06,724 [INFO] trainer: epoch 95 step 100/135 loss=1.1689 lr=1.86e-04
2026-07-16 23:28:17,144 [INFO] trainer: epoch 95 done train_loss=1.1845 dt=41.0s
2026-07-16 23:28:32,965 [INFO] trainer: epoch 96 step 50/135 loss=1.2134 lr=1.85e-04
2026-07-16 23:28:47,909 [INFO] trainer: epoch 96 step 100/135 loss=1.2175 lr=1.85e-04
2026-07-16 23:28:58,352 [INFO] trainer: epoch 96 done train_loss=1.1875 dt=41.2s
2026-07-16 23:29:14,115 [INFO] trainer: epoch 97 step 50/135 loss=1.1792 lr=1.85e-04
2026-07-16 23:29:29,054 [INFO] trainer: epoch 97 step 100/135 loss=1.1656 lr=1.85e-04
2026-07-16 23:29:40,078 [INFO] trainer: epoch 97 done train_loss=1.1862 dt=41.7s
2026-07-16 23:29:56,069 [INFO] trainer: epoch 98 step 50/135 loss=1.1767 lr=1.85e-04
2026-07-16 23:30:10,982 [INFO] trainer: epoch 98 step 100/135 loss=1.1883 lr=1.85e-04
2026-07-16 23:30:21,423 [INFO] trainer: epoch 98 done train_loss=1.1899 dt=41.3s
2026-07-16 23:30:37,302 [INFO] trainer: epoch 99 step 50/135 loss=1.1189 lr=1.84e-04
2026-07-16 23:30:52,245 [INFO] trainer: epoch 99 step 100/135 loss=1.1460 lr=1.84e-04
2026-07-16 23:31:02,686 [INFO] trainer: epoch 99 done train_loss=1.1515 dt=41.3s
2026-07-16 23:31:18,767 [INFO] trainer: epoch 100 step 50/135 loss=1.2182 lr=1.84e-04
2026-07-16 23:31:33,854 [INFO] trainer: epoch 100 step 100/135 loss=1.1377 lr=1.84e-04
2026-07-16 23:31:44,293 [INFO] trainer: epoch 100 done train_loss=1.1871 dt=41.6s
2026-07-16 23:33:00,658 [INFO] trainer: epoch 100 val_mean_dice=0.7992
2026-07-16 23:33:18,258 [INFO] trainer: epoch 101 step 50/135 loss=1.1827 lr=1.84e-04
2026-07-16 23:33:33,136 [INFO] trainer: epoch 101 step 100/135 loss=1.1333 lr=1.84e-04
2026-07-16 23:33:43,555 [INFO] trainer: epoch 101 done train_loss=1.1676 dt=40.9s
2026-07-16 23:33:59,295 [INFO] trainer: epoch 102 step 50/135 loss=1.1784 lr=1.83e-04
2026-07-16 23:34:14,217 [INFO] trainer: epoch 102 step 100/135 loss=1.1856 lr=1.83e-04
2026-07-16 23:34:24,652 [INFO] trainer: epoch 102 done train_loss=1.1971 dt=41.1s
2026-07-16 23:34:40,464 [INFO] trainer: epoch 103 step 50/135 loss=1.1407 lr=1.83e-04
2026-07-16 23:34:55,388 [INFO] trainer: epoch 103 step 100/135 loss=1.1945 lr=1.83e-04
2026-07-16 23:35:05,822 [INFO] trainer: epoch 103 done train_loss=1.1713 dt=41.2s
2026-07-16 23:35:21,585 [INFO] trainer: epoch 104 step 50/135 loss=1.1841 lr=1.83e-04
2026-07-16 23:35:36,517 [INFO] trainer: epoch 104 step 100/135 loss=1.1786 lr=1.83e-04
2026-07-16 23:35:46,954 [INFO] trainer: epoch 104 done train_loss=1.1838 dt=41.1s
2026-07-16 23:36:02,853 [INFO] trainer: epoch 105 step 50/135 loss=1.1591 lr=1.82e-04
2026-07-16 23:36:17,781 [INFO] trainer: epoch 105 step 100/135 loss=1.1984 lr=1.82e-04
2026-07-16 23:36:28,219 [INFO] trainer: epoch 105 done train_loss=1.1687 dt=41.3s
2026-07-16 23:36:44,015 [INFO] trainer: epoch 106 step 50/135 loss=1.2390 lr=1.82e-04
2026-07-16 23:36:58,974 [INFO] trainer: epoch 106 step 100/135 loss=1.1657 lr=1.82e-04
2026-07-16 23:37:09,419 [INFO] trainer: epoch 106 done train_loss=1.2142 dt=41.2s
2026-07-16 23:37:25,406 [INFO] trainer: epoch 107 step 50/135 loss=1.1798 lr=1.82e-04
2026-07-16 23:37:40,365 [INFO] trainer: epoch 107 step 100/135 loss=1.1609 lr=1.81e-04
2026-07-16 23:37:50,816 [INFO] trainer: epoch 107 done train_loss=1.1821 dt=41.4s
2026-07-16 23:38:06,718 [INFO] trainer: epoch 108 step 50/135 loss=1.1775 lr=1.81e-04
2026-07-16 23:38:21,673 [INFO] trainer: epoch 108 step 100/135 loss=1.1869 lr=1.81e-04
2026-07-16 23:38:32,114 [INFO] trainer: epoch 108 done train_loss=1.1861 dt=41.3s
2026-07-16 23:38:48,153 [INFO] trainer: epoch 109 step 50/135 loss=1.1944 lr=1.81e-04
2026-07-16 23:39:03,121 [INFO] trainer: epoch 109 step 100/135 loss=1.2082 lr=1.81e-04
2026-07-16 23:39:13,553 [INFO] trainer: epoch 109 done train_loss=1.1935 dt=41.4s
2026-07-16 23:39:29,612 [INFO] trainer: epoch 110 step 50/135 loss=1.2132 lr=1.80e-04
2026-07-16 23:39:44,521 [INFO] trainer: epoch 110 step 100/135 loss=1.1461 lr=1.80e-04
2026-07-16 23:39:54,960 [INFO] trainer: epoch 110 done train_loss=1.1797 dt=41.4s
2026-07-16 23:40:11,807 [INFO] trainer: epoch 111 step 50/135 loss=1.1863 lr=1.80e-04
2026-07-16 23:40:26,726 [INFO] trainer: epoch 111 step 100/135 loss=1.1635 lr=1.80e-04
2026-07-16 23:40:37,158 [INFO] trainer: epoch 111 done train_loss=1.1724 dt=41.1s
2026-07-16 23:40:53,015 [INFO] trainer: epoch 112 step 50/135 loss=1.1630 lr=1.80e-04
2026-07-16 23:41:07,947 [INFO] trainer: epoch 112 step 100/135 loss=1.1975 lr=1.80e-04
2026-07-16 23:41:18,379 [INFO] trainer: epoch 112 done train_loss=1.1834 dt=41.2s
2026-07-16 23:41:34,262 [INFO] trainer: epoch 113 step 50/135 loss=1.1557 lr=1.79e-04
2026-07-16 23:41:49,190 [INFO] trainer: epoch 113 step 100/135 loss=1.1710 lr=1.79e-04
2026-07-16 23:41:59,623 [INFO] trainer: epoch 113 done train_loss=1.1817 dt=41.2s
2026-07-16 23:42:15,392 [INFO] trainer: epoch 114 step 50/135 loss=1.1909 lr=1.79e-04
2026-07-16 23:42:30,328 [INFO] trainer: epoch 114 step 100/135 loss=1.1776 lr=1.79e-04
2026-07-16 23:42:40,765 [INFO] trainer: epoch 114 done train_loss=1.1728 dt=41.1s
2026-07-16 23:42:57,114 [INFO] trainer: epoch 115 step 50/135 loss=1.2168 lr=1.79e-04
2026-07-16 23:43:12,062 [INFO] trainer: epoch 115 step 100/135 loss=1.1565 lr=1.78e-04
2026-07-16 23:43:22,503 [INFO] trainer: epoch 115 done train_loss=1.1751 dt=41.7s
2026-07-16 23:43:38,428 [INFO] trainer: epoch 116 step 50/135 loss=1.1813 lr=1.78e-04
2026-07-16 23:43:53,357 [INFO] trainer: epoch 116 step 100/135 loss=1.1519 lr=1.78e-04
2026-07-16 23:44:03,799 [INFO] trainer: epoch 116 done train_loss=1.1537 dt=41.3s
2026-07-16 23:44:19,670 [INFO] trainer: epoch 117 step 50/135 loss=1.1322 lr=1.78e-04
2026-07-16 23:44:34,603 [INFO] trainer: epoch 117 step 100/135 loss=1.2178 lr=1.78e-04
2026-07-16 23:44:45,037 [INFO] trainer: epoch 117 done train_loss=1.1713 dt=41.2s
2026-07-16 23:45:00,771 [INFO] trainer: epoch 118 step 50/135 loss=1.1417 lr=1.77e-04
2026-07-16 23:45:15,696 [INFO] trainer: epoch 118 step 100/135 loss=1.1639 lr=1.77e-04
2026-07-16 23:45:26,138 [INFO] trainer: epoch 118 done train_loss=1.1751 dt=41.1s
2026-07-16 23:45:42,008 [INFO] trainer: epoch 119 step 50/135 loss=1.1811 lr=1.77e-04
2026-07-16 23:45:56,954 [INFO] trainer: epoch 119 step 100/135 loss=1.1236 lr=1.77e-04
2026-07-16 23:46:07,405 [INFO] trainer: epoch 119 done train_loss=1.1548 dt=41.3s
2026-07-16 23:46:23,376 [INFO] trainer: epoch 120 step 50/135 loss=1.1538 lr=1.77e-04
2026-07-16 23:46:38,311 [INFO] trainer: epoch 120 step 100/135 loss=1.1317 lr=1.76e-04
2026-07-16 23:46:48,752 [INFO] trainer: epoch 120 done train_loss=1.1435 dt=41.3s
2026-07-16 23:47:05,854 [INFO] trainer: epoch 121 step 50/135 loss=1.1388 lr=1.76e-04
2026-07-16 23:47:20,797 [INFO] trainer: epoch 121 step 100/135 loss=1.1760 lr=1.76e-04
2026-07-16 23:47:31,234 [INFO] trainer: epoch 121 done train_loss=1.1477 dt=41.3s
2026-07-16 23:47:47,163 [INFO] trainer: epoch 122 step 50/135 loss=1.1254 lr=1.76e-04
2026-07-16 23:48:02,095 [INFO] trainer: epoch 122 step 100/135 loss=1.1633 lr=1.76e-04
2026-07-16 23:48:12,538 [INFO] trainer: epoch 122 done train_loss=1.1479 dt=41.3s
2026-07-16 23:48:28,308 [INFO] trainer: epoch 123 step 50/135 loss=1.0988 lr=1.75e-04
2026-07-16 23:48:43,201 [INFO] trainer: epoch 123 step 100/135 loss=1.1950 lr=1.75e-04
2026-07-16 23:48:53,614 [INFO] trainer: epoch 123 done train_loss=1.1335 dt=41.1s
2026-07-16 23:49:09,381 [INFO] trainer: epoch 124 step 50/135 loss=1.1732 lr=1.75e-04
2026-07-16 23:49:24,289 [INFO] trainer: epoch 124 step 100/135 loss=1.1439 lr=1.75e-04
2026-07-16 23:49:34,709 [INFO] trainer: epoch 124 done train_loss=1.1528 dt=41.1s
2026-07-16 23:49:50,406 [INFO] trainer: epoch 125 step 50/135 loss=1.1385 lr=1.74e-04
2026-07-16 23:50:05,301 [INFO] trainer: epoch 125 step 100/135 loss=1.1441 lr=1.74e-04
2026-07-16 23:50:15,717 [INFO] trainer: epoch 125 done train_loss=1.1417 dt=41.0s
2026-07-16 23:51:16,482 [INFO] trainer: epoch 125 val_mean_dice=0.8035
2026-07-16 23:51:33,522 [INFO] trainer: epoch 126 step 50/135 loss=1.0947 lr=1.74e-04
2026-07-16 23:51:48,415 [INFO] trainer: epoch 126 step 100/135 loss=1.1269 lr=1.74e-04
2026-07-16 23:51:58,833 [INFO] trainer: epoch 126 done train_loss=1.1221 dt=41.2s
2026-07-16 23:52:14,625 [INFO] trainer: epoch 127 step 50/135 loss=1.1179 lr=1.74e-04
2026-07-16 23:52:29,516 [INFO] trainer: epoch 127 step 100/135 loss=1.1336 lr=1.73e-04
2026-07-16 23:52:39,948 [INFO] trainer: epoch 127 done train_loss=1.1284 dt=41.1s
2026-07-16 23:52:55,551 [INFO] trainer: epoch 128 step 50/135 loss=1.1409 lr=1.73e-04
2026-07-16 23:53:10,467 [INFO] trainer: epoch 128 step 100/135 loss=1.1274 lr=1.73e-04
2026-07-16 23:53:20,911 [INFO] trainer: epoch 128 done train_loss=1.1502 dt=41.0s
2026-07-16 23:53:36,670 [INFO] trainer: epoch 129 step 50/135 loss=1.1105 lr=1.73e-04
2026-07-16 23:53:51,562 [INFO] trainer: epoch 129 step 100/135 loss=1.1127 lr=1.73e-04
2026-07-16 23:54:01,986 [INFO] trainer: epoch 129 done train_loss=1.1290 dt=41.1s
2026-07-16 23:54:17,788 [INFO] trainer: epoch 130 step 50/135 loss=1.1256 lr=1.72e-04
2026-07-16 23:54:32,729 [INFO] trainer: epoch 130 step 100/135 loss=1.1494 lr=1.72e-04
2026-07-16 23:54:43,172 [INFO] trainer: epoch 130 done train_loss=1.1444 dt=41.2s
2026-07-16 23:55:00,369 [INFO] trainer: epoch 131 step 50/135 loss=1.1328 lr=1.72e-04
2026-07-16 23:55:15,309 [INFO] trainer: epoch 131 step 100/135 loss=1.0858 lr=1.72e-04
2026-07-16 23:55:25,752 [INFO] trainer: epoch 131 done train_loss=1.1301 dt=41.4s
2026-07-16 23:55:41,697 [INFO] trainer: epoch 132 step 50/135 loss=1.1552 lr=1.71e-04
2026-07-16 23:55:56,649 [INFO] trainer: epoch 132 step 100/135 loss=1.1190 lr=1.71e-04
2026-07-16 23:56:07,094 [INFO] trainer: epoch 132 done train_loss=1.1472 dt=41.3s
2026-07-16 23:56:22,936 [INFO] trainer: epoch 133 step 50/135 loss=1.1063 lr=1.71e-04
2026-07-16 23:56:37,876 [INFO] trainer: epoch 133 step 100/135 loss=1.1403 lr=1.71e-04
2026-07-16 23:56:48,324 [INFO] trainer: epoch 133 done train_loss=1.1181 dt=41.2s
2026-07-16 23:57:04,131 [INFO] trainer: epoch 134 step 50/135 loss=1.1398 lr=1.70e-04
2026-07-16 23:57:19,090 [INFO] trainer: epoch 134 step 100/135 loss=1.1024 lr=1.70e-04
2026-07-16 23:57:29,529 [INFO] trainer: epoch 134 done train_loss=1.1218 dt=41.2s
2026-07-16 23:57:45,468 [INFO] trainer: epoch 135 step 50/135 loss=1.1751 lr=1.70e-04
2026-07-16 23:58:00,419 [INFO] trainer: epoch 135 step 100/135 loss=1.1403 lr=1.70e-04
2026-07-16 23:58:10,867 [INFO] trainer: epoch 135 done train_loss=1.1588 dt=41.3s
2026-07-16 23:58:26,858 [INFO] trainer: epoch 136 step 50/135 loss=1.1710 lr=1.70e-04
2026-07-16 23:58:41,806 [INFO] trainer: epoch 136 step 100/135 loss=1.0930 lr=1.69e-04
2026-07-16 23:58:52,247 [INFO] trainer: epoch 136 done train_loss=1.1457 dt=41.4s
2026-07-16 23:59:08,158 [INFO] trainer: epoch 137 step 50/135 loss=1.0827 lr=1.69e-04
2026-07-16 23:59:23,114 [INFO] trainer: epoch 137 step 100/135 loss=1.1537 lr=1.69e-04
2026-07-16 23:59:33,561 [INFO] trainer: epoch 137 done train_loss=1.1297 dt=41.3s
2026-07-16 23:59:49,361 [INFO] trainer: epoch 138 step 50/135 loss=1.1394 lr=1.69e-04
2026-07-17 00:00:04,304 [INFO] trainer: epoch 138 step 100/135 loss=1.1196 lr=1.68e-04
2026-07-17 00:00:14,745 [INFO] trainer: epoch 138 done train_loss=1.1336 dt=41.2s
2026-07-17 00:00:30,496 [INFO] trainer: epoch 139 step 50/135 loss=1.1346 lr=1.68e-04
2026-07-17 00:00:45,448 [INFO] trainer: epoch 139 step 100/135 loss=1.1388 lr=1.68e-04
2026-07-17 00:00:55,893 [INFO] trainer: epoch 139 done train_loss=1.1376 dt=41.1s
2026-07-17 00:01:11,928 [INFO] trainer: epoch 140 step 50/135 loss=1.0885 lr=1.68e-04
2026-07-17 00:01:26,928 [INFO] trainer: epoch 140 step 100/135 loss=1.1594 lr=1.68e-04
2026-07-17 00:01:37,380 [INFO] trainer: epoch 140 done train_loss=1.1087 dt=41.5s
2026-07-17 00:01:54,406 [INFO] trainer: epoch 141 step 50/135 loss=1.1492 lr=1.67e-04
2026-07-17 00:02:09,357 [INFO] trainer: epoch 141 step 100/135 loss=1.1600 lr=1.67e-04
2026-07-17 00:02:19,795 [INFO] trainer: epoch 141 done train_loss=1.1375 dt=41.2s
2026-07-17 00:02:35,650 [INFO] trainer: epoch 142 step 50/135 loss=1.1211 lr=1.67e-04
2026-07-17 00:02:50,595 [INFO] trainer: epoch 142 step 100/135 loss=1.1104 lr=1.67e-04
2026-07-17 00:03:01,042 [INFO] trainer: epoch 142 done train_loss=1.1160 dt=41.2s
2026-07-17 00:03:16,880 [INFO] trainer: epoch 143 step 50/135 loss=1.1120 lr=1.66e-04
2026-07-17 00:03:31,829 [INFO] trainer: epoch 143 step 100/135 loss=1.1196 lr=1.66e-04
2026-07-17 00:03:42,266 [INFO] trainer: epoch 143 done train_loss=1.1156 dt=41.2s
2026-07-17 00:03:58,179 [INFO] trainer: epoch 144 step 50/135 loss=1.1033 lr=1.66e-04
2026-07-17 00:04:13,116 [INFO] trainer: epoch 144 step 100/135 loss=1.1593 lr=1.66e-04
2026-07-17 00:04:23,556 [INFO] trainer: epoch 144 done train_loss=1.1154 dt=41.3s
2026-07-17 00:04:39,459 [INFO] trainer: epoch 145 step 50/135 loss=1.1052 lr=1.65e-04
2026-07-17 00:04:54,412 [INFO] trainer: epoch 145 step 100/135 loss=1.1307 lr=1.65e-04
2026-07-17 00:05:04,863 [INFO] trainer: epoch 145 done train_loss=1.1303 dt=41.3s
2026-07-17 00:05:20,770 [INFO] trainer: epoch 146 step 50/135 loss=1.0995 lr=1.65e-04
2026-07-17 00:05:35,715 [INFO] trainer: epoch 146 step 100/135 loss=1.1469 lr=1.65e-04
2026-07-17 00:05:46,156 [INFO] trainer: epoch 146 done train_loss=1.1322 dt=41.3s
2026-07-17 00:06:02,112 [INFO] trainer: epoch 147 step 50/135 loss=1.1127 lr=1.64e-04
2026-07-17 00:06:17,052 [INFO] trainer: epoch 147 step 100/135 loss=1.1976 lr=1.64e-04
2026-07-17 00:06:27,489 [INFO] trainer: epoch 147 done train_loss=1.1437 dt=41.3s
2026-07-17 00:06:43,226 [INFO] trainer: epoch 148 step 50/135 loss=1.1457 lr=1.64e-04
2026-07-17 00:06:58,167 [INFO] trainer: epoch 148 step 100/135 loss=1.1119 lr=1.64e-04
2026-07-17 00:07:08,599 [INFO] trainer: epoch 148 done train_loss=1.1419 dt=41.1s
2026-07-17 00:07:24,435 [INFO] trainer: epoch 149 step 50/135 loss=1.1031 lr=1.63e-04
2026-07-17 00:07:39,389 [INFO] trainer: epoch 149 step 100/135 loss=1.0700 lr=1.63e-04
2026-07-17 00:07:49,834 [INFO] trainer: epoch 149 done train_loss=1.1085 dt=41.2s
2026-07-17 00:08:05,566 [INFO] trainer: epoch 150 step 50/135 loss=1.1424 lr=1.63e-04
2026-07-17 00:08:20,502 [INFO] trainer: epoch 150 step 100/135 loss=1.1114 lr=1.63e-04
2026-07-17 00:08:30,943 [INFO] trainer: epoch 150 done train_loss=1.1200 dt=41.1s
2026-07-17 00:09:32,245 [INFO] trainer: epoch 150 val_mean_dice=0.8044
2026-07-17 00:09:50,534 [INFO] trainer: epoch 151 step 50/135 loss=1.1367 lr=1.62e-04
2026-07-17 00:10:05,477 [INFO] trainer: epoch 151 step 100/135 loss=1.0811 lr=1.62e-04
2026-07-17 00:10:15,927 [INFO] trainer: epoch 151 done train_loss=1.1025 dt=41.3s
2026-07-17 00:10:31,939 [INFO] trainer: epoch 152 step 50/135 loss=1.1870 lr=1.62e-04
2026-07-17 00:10:46,877 [INFO] trainer: epoch 152 step 100/135 loss=1.1189 lr=1.62e-04
2026-07-17 00:10:57,314 [INFO] trainer: epoch 152 done train_loss=1.1433 dt=41.4s
2026-07-17 00:11:13,206 [INFO] trainer: epoch 153 step 50/135 loss=1.0734 lr=1.61e-04
2026-07-17 00:11:28,152 [INFO] trainer: epoch 153 step 100/135 loss=1.1682 lr=1.61e-04
2026-07-17 00:11:38,597 [INFO] trainer: epoch 153 done train_loss=1.1376 dt=41.3s
2026-07-17 00:11:54,523 [INFO] trainer: epoch 154 step 50/135 loss=1.1497 lr=1.61e-04
2026-07-17 00:12:09,459 [INFO] trainer: epoch 154 step 100/135 loss=1.0954 lr=1.61e-04
2026-07-17 00:12:19,901 [INFO] trainer: epoch 154 done train_loss=1.1374 dt=41.3s
2026-07-17 00:12:35,827 [INFO] trainer: epoch 155 step 50/135 loss=1.1248 lr=1.60e-04
2026-07-17 00:12:50,776 [INFO] trainer: epoch 155 step 100/135 loss=1.1050 lr=1.60e-04
2026-07-17 00:13:01,220 [INFO] trainer: epoch 155 done train_loss=1.1186 dt=41.3s
2026-07-17 00:13:17,249 [INFO] trainer: epoch 156 step 50/135 loss=1.1394 lr=1.60e-04
2026-07-17 00:13:32,163 [INFO] trainer: epoch 156 step 100/135 loss=1.0959 lr=1.60e-04
2026-07-17 00:13:42,595 [INFO] trainer: epoch 156 done train_loss=1.1321 dt=41.4s
2026-07-17 00:13:58,409 [INFO] trainer: epoch 157 step 50/135 loss=1.1489 lr=1.59e-04
2026-07-17 00:14:13,337 [INFO] trainer: epoch 157 step 100/135 loss=1.1088 lr=1.59e-04
2026-07-17 00:14:23,773 [INFO] trainer: epoch 157 done train_loss=1.1279 dt=41.2s
2026-07-17 00:14:39,473 [INFO] trainer: epoch 158 step 50/135 loss=1.1406 lr=1.59e-04
2026-07-17 00:14:54,384 [INFO] trainer: epoch 158 step 100/135 loss=1.1222 lr=1.59e-04
2026-07-17 00:15:04,818 [INFO] trainer: epoch 158 done train_loss=1.1258 dt=41.0s
2026-07-17 00:15:20,662 [INFO] trainer: epoch 159 step 50/135 loss=1.1336 lr=1.58e-04
2026-07-17 00:15:35,625 [INFO] trainer: epoch 159 step 100/135 loss=1.1428 lr=1.58e-04
2026-07-17 00:15:46,079 [INFO] trainer: epoch 159 done train_loss=1.1257 dt=41.3s
2026-07-17 00:16:02,094 [INFO] trainer: epoch 160 step 50/135 loss=1.1462 lr=1.58e-04
2026-07-17 00:16:17,047 [INFO] trainer: epoch 160 step 100/135 loss=1.1186 lr=1.58e-04
2026-07-17 00:16:27,487 [INFO] trainer: epoch 160 done train_loss=1.1220 dt=41.4s
2026-07-17 00:16:44,747 [INFO] trainer: epoch 161 step 50/135 loss=1.1059 lr=1.57e-04
2026-07-17 00:16:59,707 [INFO] trainer: epoch 161 step 100/135 loss=1.1522 lr=1.57e-04
2026-07-17 00:17:10,149 [INFO] trainer: epoch 161 done train_loss=1.1208 dt=41.5s
2026-07-17 00:17:26,030 [INFO] trainer: epoch 162 step 50/135 loss=1.0852 lr=1.57e-04
2026-07-17 00:17:40,993 [INFO] trainer: epoch 162 step 100/135 loss=1.1121 lr=1.57e-04
2026-07-17 00:17:51,431 [INFO] trainer: epoch 162 done train_loss=1.0941 dt=41.3s
2026-07-17 00:18:07,451 [INFO] trainer: epoch 163 step 50/135 loss=1.0925 lr=1.56e-04
2026-07-17 00:18:22,398 [INFO] trainer: epoch 163 step 100/135 loss=1.1340 lr=1.56e-04
2026-07-17 00:18:32,839 [INFO] trainer: epoch 163 done train_loss=1.1094 dt=41.4s
2026-07-17 00:18:48,717 [INFO] trainer: epoch 164 step 50/135 loss=1.1228 lr=1.56e-04
2026-07-17 00:19:03,662 [INFO] trainer: epoch 164 step 100/135 loss=1.0649 lr=1.55e-04
2026-07-17 00:19:14,256 [INFO] trainer: epoch 164 done train_loss=1.1103 dt=41.4s
2026-07-17 00:19:30,058 [INFO] trainer: epoch 165 step 50/135 loss=1.0587 lr=1.55e-04
2026-07-17 00:19:45,009 [INFO] trainer: epoch 165 step 100/135 loss=1.1017 lr=1.55e-04
2026-07-17 00:19:55,454 [INFO] trainer: epoch 165 done train_loss=1.0942 dt=41.2s
2026-07-17 00:20:11,257 [INFO] trainer: epoch 166 step 50/135 loss=1.0914 lr=1.55e-04
2026-07-17 00:20:26,344 [INFO] trainer: epoch 166 step 100/135 loss=1.0655 lr=1.54e-04
2026-07-17 00:20:36,790 [INFO] trainer: epoch 166 done train_loss=1.0781 dt=41.3s
2026-07-17 00:20:52,536 [INFO] trainer: epoch 167 step 50/135 loss=1.1171 lr=1.54e-04
2026-07-17 00:21:07,472 [INFO] trainer: epoch 167 step 100/135 loss=1.1132 lr=1.54e-04
2026-07-17 00:21:17,907 [INFO] trainer: epoch 167 done train_loss=1.1177 dt=41.1s
2026-07-17 00:21:33,884 [INFO] trainer: epoch 168 step 50/135 loss=1.1111 lr=1.54e-04
2026-07-17 00:21:48,833 [INFO] trainer: epoch 168 step 100/135 loss=1.0611 lr=1.53e-04
2026-07-17 00:21:59,286 [INFO] trainer: epoch 168 done train_loss=1.0911 dt=41.4s
2026-07-17 00:22:15,079 [INFO] trainer: epoch 169 step 50/135 loss=1.1188 lr=1.53e-04
2026-07-17 00:22:30,029 [INFO] trainer: epoch 169 step 100/135 loss=1.0859 lr=1.53e-04
2026-07-17 00:22:40,471 [INFO] trainer: epoch 169 done train_loss=1.1123 dt=41.2s
2026-07-17 00:22:56,453 [INFO] trainer: epoch 170 step 50/135 loss=1.1152 lr=1.52e-04
2026-07-17 00:23:11,384 [INFO] trainer: epoch 170 step 100/135 loss=1.0849 lr=1.52e-04
2026-07-17 00:23:21,816 [INFO] trainer: epoch 170 done train_loss=1.0975 dt=41.3s
2026-07-17 00:23:39,134 [INFO] trainer: epoch 171 step 50/135 loss=1.1085 lr=1.52e-04
2026-07-17 00:23:54,064 [INFO] trainer: epoch 171 step 100/135 loss=1.1468 lr=1.52e-04
2026-07-17 00:24:04,490 [INFO] trainer: epoch 171 done train_loss=1.1029 dt=41.5s
2026-07-17 00:24:20,438 [INFO] trainer: epoch 172 step 50/135 loss=1.0692 lr=1.51e-04
2026-07-17 00:24:35,376 [INFO] trainer: epoch 172 step 100/135 loss=1.1513 lr=1.51e-04
2026-07-17 00:24:45,799 [INFO] trainer: epoch 172 done train_loss=1.1160 dt=41.3s
2026-07-17 00:25:01,702 [INFO] trainer: epoch 173 step 50/135 loss=1.0565 lr=1.51e-04
2026-07-17 00:25:16,620 [INFO] trainer: epoch 173 step 100/135 loss=1.1057 lr=1.51e-04
2026-07-17 00:25:27,051 [INFO] trainer: epoch 173 done train_loss=1.0785 dt=41.3s
2026-07-17 00:25:43,287 [INFO] trainer: epoch 174 step 50/135 loss=1.0772 lr=1.50e-04
2026-07-17 00:25:58,197 [INFO] trainer: epoch 174 step 100/135 loss=1.0522 lr=1.50e-04
2026-07-17 00:26:08,620 [INFO] trainer: epoch 174 done train_loss=1.0755 dt=41.6s
2026-07-17 00:26:24,623 [INFO] trainer: epoch 175 step 50/135 loss=1.0451 lr=1.50e-04
2026-07-17 00:26:39,511 [INFO] trainer: epoch 175 step 100/135 loss=1.0853 lr=1.49e-04
2026-07-17 00:26:49,984 [INFO] trainer: epoch 175 done train_loss=1.0484 dt=41.4s
2026-07-17 00:27:51,443 [INFO] trainer: epoch 175 val_mean_dice=0.8146
2026-07-17 00:28:08,604 [INFO] trainer: epoch 176 step 50/135 loss=1.0710 lr=1.49e-04
2026-07-17 00:28:23,540 [INFO] trainer: epoch 176 step 100/135 loss=1.0729 lr=1.49e-04
2026-07-17 00:28:33,980 [INFO] trainer: epoch 176 done train_loss=1.0601 dt=41.3s
2026-07-17 00:28:49,754 [INFO] trainer: epoch 177 step 50/135 loss=1.0815 lr=1.49e-04
2026-07-17 00:29:04,659 [INFO] trainer: epoch 177 step 100/135 loss=1.1021 lr=1.48e-04
2026-07-17 00:29:15,089 [INFO] trainer: epoch 177 done train_loss=1.0991 dt=41.1s
2026-07-17 00:29:30,991 [INFO] trainer: epoch 178 step 50/135 loss=1.1190 lr=1.48e-04
2026-07-17 00:29:45,887 [INFO] trainer: epoch 178 step 100/135 loss=1.0434 lr=1.48e-04
2026-07-17 00:29:56,308 [INFO] trainer: epoch 178 done train_loss=1.0936 dt=41.2s
2026-07-17 00:30:12,144 [INFO] trainer: epoch 179 step 50/135 loss=1.0738 lr=1.47e-04
2026-07-17 00:30:27,035 [INFO] trainer: epoch 179 step 100/135 loss=1.0712 lr=1.47e-04
2026-07-17 00:30:37,459 [INFO] trainer: epoch 179 done train_loss=1.0785 dt=41.2s
2026-07-17 00:30:53,313 [INFO] trainer: epoch 180 step 50/135 loss=1.0770 lr=1.47e-04
2026-07-17 00:31:08,223 [INFO] trainer: epoch 180 step 100/135 loss=1.0651 lr=1.47e-04
2026-07-17 00:31:18,640 [INFO] trainer: epoch 180 done train_loss=1.0740 dt=41.2s
2026-07-17 00:31:35,770 [INFO] trainer: epoch 181 step 50/135 loss=1.0727 lr=1.46e-04
2026-07-17 00:31:50,720 [INFO] trainer: epoch 181 step 100/135 loss=1.0580 lr=1.46e-04
2026-07-17 00:32:01,172 [INFO] trainer: epoch 181 done train_loss=1.0591 dt=41.4s
2026-07-17 00:32:17,532 [INFO] trainer: epoch 182 step 50/135 loss=1.0730 lr=1.46e-04
2026-07-17 00:32:32,440 [INFO] trainer: epoch 182 step 100/135 loss=1.0323 lr=1.46e-04
2026-07-17 00:32:42,872 [INFO] trainer: epoch 182 done train_loss=1.0501 dt=41.7s
2026-07-17 00:32:58,687 [INFO] trainer: epoch 183 step 50/135 loss=1.0109 lr=1.45e-04
2026-07-17 00:33:13,607 [INFO] trainer: epoch 183 step 100/135 loss=1.0757 lr=1.45e-04
2026-07-17 00:33:24,034 [INFO] trainer: epoch 183 done train_loss=1.0493 dt=41.2s
2026-07-17 00:33:39,673 [INFO] trainer: epoch 184 step 50/135 loss=1.0791 lr=1.45e-04
2026-07-17 00:33:54,573 [INFO] trainer: epoch 184 step 100/135 loss=1.0809 lr=1.44e-04
2026-07-17 00:34:05,002 [INFO] trainer: epoch 184 done train_loss=1.0774 dt=41.0s
2026-07-17 00:34:20,875 [INFO] trainer: epoch 185 step 50/135 loss=1.0705 lr=1.44e-04
2026-07-17 00:34:35,790 [INFO] trainer: epoch 185 step 100/135 loss=1.0880 lr=1.44e-04
2026-07-17 00:34:46,221 [INFO] trainer: epoch 185 done train_loss=1.0779 dt=41.2s
2026-07-17 00:35:02,047 [INFO] trainer: epoch 186 step 50/135 loss=1.0830 lr=1.43e-04
2026-07-17 00:35:16,954 [INFO] trainer: epoch 186 step 100/135 loss=1.0911 lr=1.43e-04
2026-07-17 00:35:27,393 [INFO] trainer: epoch 186 done train_loss=1.0716 dt=41.2s
2026-07-17 00:35:43,324 [INFO] trainer: epoch 187 step 50/135 loss=1.0338 lr=1.43e-04
2026-07-17 00:35:58,239 [INFO] trainer: epoch 187 step 100/135 loss=1.0982 lr=1.43e-04
2026-07-17 00:36:08,682 [INFO] trainer: epoch 187 done train_loss=1.0519 dt=41.3s
2026-07-17 00:36:24,556 [INFO] trainer: epoch 188 step 50/135 loss=1.0972 lr=1.42e-04
2026-07-17 00:36:39,465 [INFO] trainer: epoch 188 step 100/135 loss=1.0696 lr=1.42e-04
2026-07-17 00:36:49,890 [INFO] trainer: epoch 188 done train_loss=1.0782 dt=41.2s
2026-07-17 00:37:05,978 [INFO] trainer: epoch 189 step 50/135 loss=1.0630 lr=1.42e-04
2026-07-17 00:37:20,896 [INFO] trainer: epoch 189 step 100/135 loss=1.0504 lr=1.42e-04
2026-07-17 00:37:31,322 [INFO] trainer: epoch 189 done train_loss=1.0566 dt=41.4s
2026-07-17 00:37:47,186 [INFO] trainer: epoch 190 step 50/135 loss=1.0444 lr=1.41e-04
2026-07-17 00:38:02,100 [INFO] trainer: epoch 190 step 100/135 loss=1.0557 lr=1.41e-04
2026-07-17 00:38:12,543 [INFO] trainer: epoch 190 done train_loss=1.0636 dt=41.2s
2026-07-17 00:38:29,834 [INFO] trainer: epoch 191 step 50/135 loss=1.0013 lr=1.41e-04
2026-07-17 00:38:44,752 [INFO] trainer: epoch 191 step 100/135 loss=1.0372 lr=1.40e-04
2026-07-17 00:38:55,185 [INFO] trainer: epoch 191 done train_loss=1.0320 dt=41.2s
2026-07-17 00:39:11,165 [INFO] trainer: epoch 192 step 50/135 loss=1.0940 lr=1.40e-04
2026-07-17 00:39:26,083 [INFO] trainer: epoch 192 step 100/135 loss=1.0472 lr=1.40e-04
2026-07-17 00:39:36,520 [INFO] trainer: epoch 192 done train_loss=1.0449 dt=41.3s
2026-07-17 00:39:52,393 [INFO] trainer: epoch 193 step 50/135 loss=1.0918 lr=1.39e-04
2026-07-17 00:40:07,329 [INFO] trainer: epoch 193 step 100/135 loss=1.0287 lr=1.39e-04
2026-07-17 00:40:17,777 [INFO] trainer: epoch 193 done train_loss=1.0562 dt=41.3s
2026-07-17 00:40:33,667 [INFO] trainer: epoch 194 step 50/135 loss=1.0634 lr=1.39e-04
2026-07-17 00:40:48,602 [INFO] trainer: epoch 194 step 100/135 loss=0.9937 lr=1.39e-04
2026-07-17 00:40:59,041 [INFO] trainer: epoch 194 done train_loss=1.0350 dt=41.3s
2026-07-17 00:41:15,261 [INFO] trainer: epoch 195 step 50/135 loss=1.0726 lr=1.38e-04
2026-07-17 00:41:30,208 [INFO] trainer: epoch 195 step 100/135 loss=0.9956 lr=1.38e-04
2026-07-17 00:41:40,654 [INFO] trainer: epoch 195 done train_loss=1.0326 dt=41.6s
2026-07-17 00:41:56,512 [INFO] trainer: epoch 196 step 50/135 loss=1.0046 lr=1.38e-04
2026-07-17 00:42:11,464 [INFO] trainer: epoch 196 step 100/135 loss=1.0472 lr=1.37e-04
2026-07-17 00:42:21,910 [INFO] trainer: epoch 196 done train_loss=1.0418 dt=41.3s
2026-07-17 00:42:37,756 [INFO] trainer: epoch 197 step 50/135 loss=1.0423 lr=1.37e-04
2026-07-17 00:42:52,673 [INFO] trainer: epoch 197 step 100/135 loss=1.0201 lr=1.37e-04
2026-07-17 00:43:03,128 [INFO] trainer: epoch 197 done train_loss=1.0261 dt=41.2s
2026-07-17 00:43:19,023 [INFO] trainer: epoch 198 step 50/135 loss=1.0621 lr=1.36e-04
2026-07-17 00:43:34,060 [INFO] trainer: epoch 198 step 100/135 loss=1.0223 lr=1.36e-04
2026-07-17 00:43:44,503 [INFO] trainer: epoch 198 done train_loss=1.0327 dt=41.4s
2026-07-17 00:44:00,362 [INFO] trainer: epoch 199 step 50/135 loss=0.9972 lr=1.36e-04
2026-07-17 00:44:15,308 [INFO] trainer: epoch 199 step 100/135 loss=1.0646 lr=1.36e-04
2026-07-17 00:44:25,752 [INFO] trainer: epoch 199 done train_loss=1.0353 dt=41.2s
2026-07-17 00:44:41,567 [INFO] trainer: epoch 200 step 50/135 loss=1.0410 lr=1.35e-04
2026-07-17 00:44:56,505 [INFO] trainer: epoch 200 step 100/135 loss=1.0306 lr=1.35e-04
2026-07-17 00:45:06,951 [INFO] trainer: epoch 200 done train_loss=1.0338 dt=41.2s
2026-07-17 00:46:08,780 [INFO] trainer: epoch 200 val_mean_dice=0.8106
2026-07-17 00:46:26,521 [INFO] trainer: epoch 201 step 50/135 loss=1.0573 lr=1.35e-04
2026-07-17 00:46:41,449 [INFO] trainer: epoch 201 step 100/135 loss=1.0165 lr=1.34e-04
2026-07-17 00:46:51,885 [INFO] trainer: epoch 201 done train_loss=1.0364 dt=41.9s
2026-07-17 00:47:07,723 [INFO] trainer: epoch 202 step 50/135 loss=1.0274 lr=1.34e-04
2026-07-17 00:47:22,649 [INFO] trainer: epoch 202 step 100/135 loss=1.0337 lr=1.34e-04
2026-07-17 00:47:33,081 [INFO] trainer: epoch 202 done train_loss=1.0337 dt=41.2s
2026-07-17 00:47:49,011 [INFO] trainer: epoch 203 step 50/135 loss=1.0260 lr=1.33e-04
2026-07-17 00:48:03,931 [INFO] trainer: epoch 203 step 100/135 loss=1.0651 lr=1.33e-04
2026-07-17 00:48:14,357 [INFO] trainer: epoch 203 done train_loss=1.0479 dt=41.3s
2026-07-17 00:48:30,505 [INFO] trainer: epoch 204 step 50/135 loss=1.0477 lr=1.33e-04
2026-07-17 00:48:45,425 [INFO] trainer: epoch 204 step 100/135 loss=1.0097 lr=1.33e-04
2026-07-17 00:48:55,853 [INFO] trainer: epoch 204 done train_loss=1.0410 dt=41.5s
2026-07-17 00:49:11,580 [INFO] trainer: epoch 205 step 50/135 loss=1.0331 lr=1.32e-04
2026-07-17 00:49:26,495 [INFO] trainer: epoch 205 step 100/135 loss=1.0171 lr=1.32e-04
2026-07-17 00:49:36,922 [INFO] trainer: epoch 205 done train_loss=1.0198 dt=41.1s
2026-07-17 00:49:52,544 [INFO] trainer: epoch 206 step 50/135 loss=1.0620 lr=1.32e-04
2026-07-17 00:50:07,461 [INFO] trainer: epoch 206 step 100/135 loss=1.0193 lr=1.31e-04
2026-07-17 00:50:17,893 [INFO] trainer: epoch 206 done train_loss=1.0378 dt=41.0s
2026-07-17 00:50:33,683 [INFO] trainer: epoch 207 step 50/135 loss=0.9763 lr=1.31e-04
2026-07-17 00:50:48,601 [INFO] trainer: epoch 207 step 100/135 loss=1.0840 lr=1.31e-04
2026-07-17 00:50:59,027 [INFO] trainer: epoch 207 done train_loss=1.0448 dt=41.1s
2026-07-17 00:51:14,671 [INFO] trainer: epoch 208 step 50/135 loss=1.0478 lr=1.30e-04
2026-07-17 00:51:29,593 [INFO] trainer: epoch 208 step 100/135 loss=1.0232 lr=1.30e-04
2026-07-17 00:51:40,020 [INFO] trainer: epoch 208 done train_loss=1.0311 dt=41.0s
2026-07-17 00:51:55,753 [INFO] trainer: epoch 209 step 50/135 loss=1.0334 lr=1.30e-04
2026-07-17 00:52:10,670 [INFO] trainer: epoch 209 step 100/135 loss=1.0569 lr=1.30e-04
2026-07-17 00:52:21,106 [INFO] trainer: epoch 209 done train_loss=1.0375 dt=41.1s
2026-07-17 00:52:37,010 [INFO] trainer: epoch 210 step 50/135 loss=1.0223 lr=1.29e-04
2026-07-17 00:52:53,470 [INFO] trainer: epoch 210 step 100/135 loss=1.0645 lr=1.29e-04
2026-07-17 00:53:03,912 [INFO] trainer: epoch 210 done train_loss=1.0349 dt=42.8s
2026-07-17 00:53:20,931 [INFO] trainer: epoch 211 step 50/135 loss=1.0152 lr=1.29e-04
2026-07-17 00:53:35,866 [INFO] trainer: epoch 211 step 100/135 loss=1.0394 lr=1.28e-04
2026-07-17 00:53:46,301 [INFO] trainer: epoch 211 done train_loss=1.0276 dt=41.3s
2026-07-17 00:54:02,245 [INFO] trainer: epoch 212 step 50/135 loss=1.0217 lr=1.28e-04
2026-07-17 00:54:17,163 [INFO] trainer: epoch 212 step 100/135 loss=1.0417 lr=1.28e-04
2026-07-17 00:54:27,594 [INFO] trainer: epoch 212 done train_loss=1.0307 dt=41.3s
2026-07-17 00:54:43,318 [INFO] trainer: epoch 213 step 50/135 loss=1.0221 lr=1.27e-04
2026-07-17 00:54:58,230 [INFO] trainer: epoch 213 step 100/135 loss=1.0176 lr=1.27e-04
2026-07-17 00:55:08,646 [INFO] trainer: epoch 213 done train_loss=1.0147 dt=41.1s
2026-07-17 00:55:24,305 [INFO] trainer: epoch 214 step 50/135 loss=1.0328 lr=1.27e-04
2026-07-17 00:55:39,230 [INFO] trainer: epoch 214 step 100/135 loss=1.0357 lr=1.27e-04
2026-07-17 00:55:49,662 [INFO] trainer: epoch 214 done train_loss=1.0311 dt=41.0s
2026-07-17 00:56:05,319 [INFO] trainer: epoch 215 step 50/135 loss=1.0379 lr=1.26e-04
2026-07-17 00:56:20,249 [INFO] trainer: epoch 215 step 100/135 loss=1.0654 lr=1.26e-04
2026-07-17 00:56:30,685 [INFO] trainer: epoch 215 done train_loss=1.0507 dt=41.0s
2026-07-17 00:56:46,520 [INFO] trainer: epoch 216 step 50/135 loss=1.0214 lr=1.26e-04
2026-07-17 00:57:01,421 [INFO] trainer: epoch 216 step 100/135 loss=1.0300 lr=1.25e-04
2026-07-17 00:57:11,847 [INFO] trainer: epoch 216 done train_loss=1.0331 dt=41.2s
2026-07-17 00:57:27,502 [INFO] trainer: epoch 217 step 50/135 loss=1.0193 lr=1.25e-04
2026-07-17 00:57:42,435 [INFO] trainer: epoch 217 step 100/135 loss=0.9985 lr=1.25e-04
2026-07-17 00:57:52,866 [INFO] trainer: epoch 217 done train_loss=1.0036 dt=41.0s
2026-07-17 00:58:08,642 [INFO] trainer: epoch 218 step 50/135 loss=1.0211 lr=1.24e-04
2026-07-17 00:58:23,577 [INFO] trainer: epoch 218 step 100/135 loss=1.0126 lr=1.24e-04
2026-07-17 00:58:34,016 [INFO] trainer: epoch 218 done train_loss=1.0242 dt=41.1s
2026-07-17 00:58:49,807 [INFO] trainer: epoch 219 step 50/135 loss=1.0288 lr=1.24e-04
2026-07-17 00:59:04,716 [INFO] trainer: epoch 219 step 100/135 loss=1.0300 lr=1.23e-04
2026-07-17 00:59:15,136 [INFO] trainer: epoch 219 done train_loss=1.0464 dt=41.1s
2026-07-17 00:59:30,940 [INFO] trainer: epoch 220 step 50/135 loss=1.0109 lr=1.23e-04
2026-07-17 00:59:45,879 [INFO] trainer: epoch 220 step 100/135 loss=1.0220 lr=1.23e-04
2026-07-17 00:59:56,321 [INFO] trainer: epoch 220 done train_loss=1.0058 dt=41.2s
2026-07-17 01:00:13,447 [INFO] trainer: epoch 221 step 50/135 loss=1.0486 lr=1.22e-04
2026-07-17 01:00:28,396 [INFO] trainer: epoch 221 step 100/135 loss=1.0277 lr=1.22e-04
2026-07-17 01:00:38,844 [INFO] trainer: epoch 221 done train_loss=1.0355 dt=41.3s
2026-07-17 01:00:54,598 [INFO] trainer: epoch 222 step 50/135 loss=0.9744 lr=1.22e-04
2026-07-17 01:01:09,564 [INFO] trainer: epoch 222 step 100/135 loss=1.0878 lr=1.22e-04
2026-07-17 01:01:20,014 [INFO] trainer: epoch 222 done train_loss=1.0408 dt=41.2s
2026-07-17 01:01:35,941 [INFO] trainer: epoch 223 step 50/135 loss=1.0178 lr=1.21e-04
2026-07-17 01:01:50,907 [INFO] trainer: epoch 223 step 100/135 loss=1.0774 lr=1.21e-04
2026-07-17 01:02:01,360 [INFO] trainer: epoch 223 done train_loss=1.0381 dt=41.3s
2026-07-17 01:02:17,281 [INFO] trainer: epoch 224 step 50/135 loss=1.0409 lr=1.21e-04
2026-07-17 01:02:32,243 [INFO] trainer: epoch 224 step 100/135 loss=1.0165 lr=1.20e-04
2026-07-17 01:02:42,695 [INFO] trainer: epoch 224 done train_loss=1.0201 dt=41.3s
2026-07-17 01:02:58,628 [INFO] trainer: epoch 225 step 50/135 loss=1.0093 lr=1.20e-04
2026-07-17 01:03:13,572 [INFO] trainer: epoch 225 step 100/135 loss=0.9775 lr=1.20e-04
2026-07-17 01:03:24,016 [INFO] trainer: epoch 225 done train_loss=1.0171 dt=41.3s
2026-07-17 01:04:40,340 [INFO] trainer: epoch 225 val_mean_dice=0.8167
2026-07-17 01:04:57,229 [INFO] trainer: epoch 226 step 50/135 loss=1.0065 lr=1.19e-04
2026-07-17 01:05:12,153 [INFO] trainer: epoch 226 step 100/135 loss=1.0253 lr=1.19e-04
2026-07-17 01:05:22,584 [INFO] trainer: epoch 226 done train_loss=1.0206 dt=41.2s
2026-07-17 01:05:38,634 [INFO] trainer: epoch 227 step 50/135 loss=1.0143 lr=1.19e-04
2026-07-17 01:05:53,577 [INFO] trainer: epoch 227 step 100/135 loss=1.0263 lr=1.18e-04
2026-07-17 01:06:04,011 [INFO] trainer: epoch 227 done train_loss=1.0272 dt=41.4s
2026-07-17 01:06:19,974 [INFO] trainer: epoch 228 step 50/135 loss=1.0159 lr=1.18e-04
2026-07-17 01:07:32,551 [INFO] trainer: epoch 228 step 100/135 loss=1.0671 lr=1.18e-04
2026-07-17 01:07:42,976 [INFO] trainer: epoch 228 done train_loss=1.0400 dt=99.0s
2026-07-17 01:07:58,779 [INFO] trainer: epoch 229 step 50/135 loss=1.0043 lr=1.17e-04
2026-07-17 01:08:13,705 [INFO] trainer: epoch 229 step 100/135 loss=1.0025 lr=1.17e-04
2026-07-17 01:08:24,137 [INFO] trainer: epoch 229 done train_loss=1.0181 dt=41.2s
2026-07-17 01:08:40,018 [INFO] trainer: epoch 230 step 50/135 loss=1.0542 lr=1.17e-04
2026-07-17 01:08:54,962 [INFO] trainer: epoch 230 step 100/135 loss=1.0261 lr=1.17e-04
2026-07-17 01:09:05,398 [INFO] trainer: epoch 230 done train_loss=1.0374 dt=41.3s
2026-07-17 01:09:22,495 [INFO] trainer: epoch 231 step 50/135 loss=1.0137 lr=1.16e-04
2026-07-17 01:09:37,393 [INFO] trainer: epoch 231 step 100/135 loss=1.0040 lr=1.16e-04
2026-07-17 01:09:47,816 [INFO] trainer: epoch 231 done train_loss=1.0183 dt=41.2s
2026-07-17 01:10:03,573 [INFO] trainer: epoch 232 step 50/135 loss=1.0118 lr=1.16e-04
2026-07-17 01:10:18,501 [INFO] trainer: epoch 232 step 100/135 loss=1.0567 lr=1.15e-04
2026-07-17 01:10:28,925 [INFO] trainer: epoch 232 done train_loss=1.0447 dt=41.1s
2026-07-17 01:10:44,739 [INFO] trainer: epoch 233 step 50/135 loss=1.0680 lr=1.15e-04
2026-07-17 01:10:59,675 [INFO] trainer: epoch 233 step 100/135 loss=1.0325 lr=1.15e-04
2026-07-17 01:11:10,106 [INFO] trainer: epoch 233 done train_loss=1.0228 dt=41.2s
2026-07-17 01:11:25,930 [INFO] trainer: epoch 234 step 50/135 loss=1.0040 lr=1.14e-04
2026-07-17 01:11:40,858 [INFO] trainer: epoch 234 step 100/135 loss=0.9659 lr=1.14e-04
2026-07-17 01:11:51,294 [INFO] trainer: epoch 234 done train_loss=0.9837 dt=41.2s
2026-07-17 01:12:07,024 [INFO] trainer: epoch 235 step 50/135 loss=1.0141 lr=1.14e-04
2026-07-17 01:12:21,954 [INFO] trainer: epoch 235 step 100/135 loss=1.0061 lr=1.13e-04
2026-07-17 01:12:32,387 [INFO] trainer: epoch 235 done train_loss=1.0212 dt=41.1s
2026-07-17 01:12:48,104 [INFO] trainer: epoch 236 step 50/135 loss=0.9946 lr=1.13e-04
2026-07-17 01:13:03,037 [INFO] trainer: epoch 236 step 100/135 loss=1.0179 lr=1.13e-04
2026-07-17 01:13:13,464 [INFO] trainer: epoch 236 done train_loss=1.0006 dt=41.1s
2026-07-17 01:13:29,301 [INFO] trainer: epoch 237 step 50/135 loss=0.9829 lr=1.12e-04
2026-07-17 01:13:44,242 [INFO] trainer: epoch 237 step 100/135 loss=1.0393 lr=1.12e-04
2026-07-17 01:13:54,679 [INFO] trainer: epoch 237 done train_loss=1.0226 dt=41.2s
2026-07-17 01:14:10,558 [INFO] trainer: epoch 238 step 50/135 loss=0.9911 lr=1.12e-04
2026-07-17 01:14:25,487 [INFO] trainer: epoch 238 step 100/135 loss=1.0357 lr=1.11e-04
2026-07-17 01:14:35,921 [INFO] trainer: epoch 238 done train_loss=1.0219 dt=41.2s
2026-07-17 01:14:51,776 [INFO] trainer: epoch 239 step 50/135 loss=1.0077 lr=1.11e-04
2026-07-17 01:15:06,722 [INFO] trainer: epoch 239 step 100/135 loss=1.0198 lr=1.11e-04
2026-07-17 01:15:17,163 [INFO] trainer: epoch 239 done train_loss=1.0188 dt=41.2s
2026-07-17 01:15:32,907 [INFO] trainer: epoch 240 step 50/135 loss=0.9919 lr=1.10e-04
2026-07-17 01:15:47,848 [INFO] trainer: epoch 240 step 100/135 loss=1.0339 lr=1.10e-04
2026-07-17 01:15:58,279 [INFO] trainer: epoch 240 done train_loss=1.0083 dt=41.1s
2026-07-17 01:16:15,588 [INFO] trainer: epoch 241 step 50/135 loss=1.0599 lr=1.10e-04
2026-07-17 01:16:30,534 [INFO] trainer: epoch 241 step 100/135 loss=1.0806 lr=1.10e-04
2026-07-17 01:16:40,971 [INFO] trainer: epoch 241 done train_loss=1.0605 dt=41.5s
2026-07-17 01:16:56,773 [INFO] trainer: epoch 242 step 50/135 loss=1.0508 lr=1.09e-04
2026-07-17 01:17:11,728 [INFO] trainer: epoch 242 step 100/135 loss=1.0061 lr=1.09e-04
2026-07-17 01:17:22,175 [INFO] trainer: epoch 242 done train_loss=1.0381 dt=41.2s
2026-07-17 01:17:37,857 [INFO] trainer: epoch 243 step 50/135 loss=1.0069 lr=1.09e-04
2026-07-17 01:17:52,801 [INFO] trainer: epoch 243 step 100/135 loss=1.0439 lr=1.08e-04
2026-07-17 01:18:03,248 [INFO] trainer: epoch 243 done train_loss=1.0289 dt=41.1s
2026-07-17 01:18:19,186 [INFO] trainer: epoch 244 step 50/135 loss=1.0039 lr=1.08e-04
2026-07-17 01:18:34,117 [INFO] trainer: epoch 244 step 100/135 loss=1.0296 lr=1.08e-04
2026-07-17 01:18:44,555 [INFO] trainer: epoch 244 done train_loss=1.0060 dt=41.3s
2026-07-17 01:19:00,279 [INFO] trainer: epoch 245 step 50/135 loss=1.0059 lr=1.07e-04
2026-07-17 01:19:15,223 [INFO] trainer: epoch 245 step 100/135 loss=1.0536 lr=1.07e-04
2026-07-17 01:19:25,660 [INFO] trainer: epoch 245 done train_loss=1.0195 dt=41.1s
2026-07-17 01:19:41,534 [INFO] trainer: epoch 246 step 50/135 loss=1.0185 lr=1.07e-04
2026-07-17 01:19:56,484 [INFO] trainer: epoch 246 step 100/135 loss=1.0335 lr=1.06e-04
2026-07-17 01:20:06,923 [INFO] trainer: epoch 246 done train_loss=1.0176 dt=41.3s
2026-07-17 01:20:22,820 [INFO] trainer: epoch 247 step 50/135 loss=1.0208 lr=1.06e-04
2026-07-17 01:20:37,778 [INFO] trainer: epoch 247 step 100/135 loss=1.0301 lr=1.06e-04
2026-07-17 01:20:48,215 [INFO] trainer: epoch 247 done train_loss=1.0275 dt=41.3s
2026-07-17 01:21:04,136 [INFO] trainer: epoch 248 step 50/135 loss=1.0179 lr=1.05e-04
2026-07-17 01:21:19,083 [INFO] trainer: epoch 248 step 100/135 loss=1.0058 lr=1.05e-04
2026-07-17 01:21:29,528 [INFO] trainer: epoch 248 done train_loss=1.0062 dt=41.3s
2026-07-17 01:21:45,340 [INFO] trainer: epoch 249 step 50/135 loss=1.0194 lr=1.05e-04
2026-07-17 01:22:00,295 [INFO] trainer: epoch 249 step 100/135 loss=1.0058 lr=1.04e-04
2026-07-17 01:22:11,143 [INFO] trainer: epoch 249 done train_loss=1.0099 dt=41.6s
2026-07-17 01:22:26,921 [INFO] trainer: epoch 250 step 50/135 loss=0.9919 lr=1.04e-04
2026-07-17 01:22:41,855 [INFO] trainer: epoch 250 step 100/135 loss=1.0420 lr=1.04e-04
2026-07-17 01:22:52,291 [INFO] trainer: epoch 250 done train_loss=1.0069 dt=41.1s
2026-07-17 01:23:52,984 [INFO] trainer: epoch 250 val_mean_dice=0.8194
2026-07-17 01:24:11,968 [INFO] trainer: epoch 251 step 50/135 loss=0.9773 lr=1.03e-04
2026-07-17 01:24:26,876 [INFO] trainer: epoch 251 step 100/135 loss=0.9554 lr=1.03e-04
2026-07-17 01:24:37,300 [INFO] trainer: epoch 251 done train_loss=0.9717 dt=41.9s
2026-07-17 01:24:53,202 [INFO] trainer: epoch 252 step 50/135 loss=1.0319 lr=1.03e-04
2026-07-17 01:25:08,128 [INFO] trainer: epoch 252 step 100/135 loss=1.0562 lr=1.03e-04
2026-07-17 01:25:18,561 [INFO] trainer: epoch 252 done train_loss=1.0362 dt=41.3s
2026-07-17 01:25:34,456 [INFO] trainer: epoch 253 step 50/135 loss=1.0110 lr=1.02e-04
2026-07-17 01:25:49,389 [INFO] trainer: epoch 253 step 100/135 loss=1.0179 lr=1.02e-04
2026-07-17 01:25:59,847 [INFO] trainer: epoch 253 done train_loss=1.0174 dt=41.3s
2026-07-17 01:26:15,582 [INFO] trainer: epoch 254 step 50/135 loss=0.9642 lr=1.02e-04
2026-07-17 01:26:30,539 [INFO] trainer: epoch 254 step 100/135 loss=1.0040 lr=1.01e-04
2026-07-17 01:26:40,990 [INFO] trainer: epoch 254 done train_loss=0.9877 dt=41.1s
2026-07-17 01:26:56,833 [INFO] trainer: epoch 255 step 50/135 loss=1.0134 lr=1.01e-04
2026-07-17 01:27:11,788 [INFO] trainer: epoch 255 step 100/135 loss=1.0461 lr=1.01e-04
2026-07-17 01:27:22,239 [INFO] trainer: epoch 255 done train_loss=1.0266 dt=41.2s
2026-07-17 01:27:38,075 [INFO] trainer: epoch 256 step 50/135 loss=1.0183 lr=1.00e-04
2026-07-17 01:27:53,022 [INFO] trainer: epoch 256 step 100/135 loss=1.0317 lr=1.00e-04
2026-07-17 01:28:03,463 [INFO] trainer: epoch 256 done train_loss=1.0324 dt=41.2s
2026-07-17 01:28:19,562 [INFO] trainer: epoch 257 step 50/135 loss=0.9542 lr=9.96e-05
2026-07-17 01:28:34,511 [INFO] trainer: epoch 257 step 100/135 loss=1.0754 lr=9.94e-05
2026-07-17 01:28:44,960 [INFO] trainer: epoch 257 done train_loss=1.0197 dt=41.5s
2026-07-17 01:29:00,948 [INFO] trainer: epoch 258 step 50/135 loss=0.9837 lr=9.90e-05
2026-07-17 01:29:15,901 [INFO] trainer: epoch 258 step 100/135 loss=0.9969 lr=9.88e-05
2026-07-17 01:29:26,345 [INFO] trainer: epoch 258 done train_loss=0.9952 dt=41.4s
2026-07-17 01:29:42,200 [INFO] trainer: epoch 259 step 50/135 loss=1.0392 lr=9.84e-05
2026-07-17 01:29:57,154 [INFO] trainer: epoch 259 step 100/135 loss=1.0594 lr=9.81e-05
2026-07-17 01:30:07,596 [INFO] trainer: epoch 259 done train_loss=1.0313 dt=41.2s
2026-07-17 01:30:23,366 [INFO] trainer: epoch 260 step 50/135 loss=1.0417 lr=9.77e-05
2026-07-17 01:30:38,306 [INFO] trainer: epoch 260 step 100/135 loss=1.0302 lr=9.75e-05
2026-07-17 01:30:48,748 [INFO] trainer: epoch 260 done train_loss=1.0198 dt=41.2s
2026-07-17 01:31:05,973 [INFO] trainer: epoch 261 step 50/135 loss=1.0416 lr=9.71e-05
2026-07-17 01:31:20,898 [INFO] trainer: epoch 261 step 100/135 loss=0.9887 lr=9.68e-05
2026-07-17 01:31:31,331 [INFO] trainer: epoch 261 done train_loss=1.0146 dt=41.4s
2026-07-17 01:31:47,024 [INFO] trainer: epoch 262 step 50/135 loss=1.0341 lr=9.64e-05
2026-07-17 01:32:01,960 [INFO] trainer: epoch 262 step 100/135 loss=0.9900 lr=9.62e-05
2026-07-17 01:32:12,400 [INFO] trainer: epoch 262 done train_loss=1.0077 dt=41.1s
2026-07-17 01:32:28,195 [INFO] trainer: epoch 263 step 50/135 loss=1.0009 lr=9.58e-05
2026-07-17 01:32:43,138 [INFO] trainer: epoch 263 step 100/135 loss=1.0025 lr=9.56e-05
2026-07-17 01:32:53,577 [INFO] trainer: epoch 263 done train_loss=1.0191 dt=41.2s
2026-07-17 01:33:09,427 [INFO] trainer: epoch 264 step 50/135 loss=1.0587 lr=9.52e-05
2026-07-17 01:33:24,382 [INFO] trainer: epoch 264 step 100/135 loss=0.9809 lr=9.49e-05
2026-07-17 01:33:34,827 [INFO] trainer: epoch 264 done train_loss=1.0177 dt=41.2s
2026-07-17 01:33:50,755 [INFO] trainer: epoch 265 step 50/135 loss=1.0063 lr=9.45e-05
2026-07-17 01:34:05,711 [INFO] trainer: epoch 265 step 100/135 loss=1.0316 lr=9.43e-05
2026-07-17 01:34:16,159 [INFO] trainer: epoch 265 done train_loss=1.0246 dt=41.3s
2026-07-17 01:34:32,335 [INFO] trainer: epoch 266 step 50/135 loss=1.0677 lr=9.39e-05
2026-07-17 01:34:47,281 [INFO] trainer: epoch 266 step 100/135 loss=0.9866 lr=9.37e-05
2026-07-17 01:34:57,724 [INFO] trainer: epoch 266 done train_loss=1.0147 dt=41.6s
2026-07-17 01:35:13,665 [INFO] trainer: epoch 267 step 50/135 loss=1.0047 lr=9.33e-05
2026-07-17 01:35:28,605 [INFO] trainer: epoch 267 step 100/135 loss=0.9986 lr=9.30e-05
2026-07-17 01:35:39,045 [INFO] trainer: epoch 267 done train_loss=1.0109 dt=41.3s
2026-07-17 01:35:54,912 [INFO] trainer: epoch 268 step 50/135 loss=0.9623 lr=9.26e-05
2026-07-17 01:36:09,854 [INFO] trainer: epoch 268 step 100/135 loss=1.0143 lr=9.24e-05
2026-07-17 01:36:20,304 [INFO] trainer: epoch 268 done train_loss=0.9931 dt=41.3s
2026-07-17 01:36:36,020 [INFO] trainer: epoch 269 step 50/135 loss=0.9820 lr=9.20e-05
2026-07-17 01:36:51,025 [INFO] trainer: epoch 269 step 100/135 loss=0.9896 lr=9.17e-05
2026-07-17 01:37:01,465 [INFO] trainer: epoch 269 done train_loss=0.9914 dt=41.2s
2026-07-17 01:37:17,200 [INFO] trainer: epoch 270 step 50/135 loss=0.9900 lr=9.13e-05
2026-07-17 01:37:32,141 [INFO] trainer: epoch 270 step 100/135 loss=1.0091 lr=9.11e-05
2026-07-17 01:37:42,584 [INFO] trainer: epoch 270 done train_loss=1.0046 dt=41.1s
2026-07-17 01:37:59,800 [INFO] trainer: epoch 271 step 50/135 loss=1.0348 lr=9.07e-05
2026-07-17 01:38:14,736 [INFO] trainer: epoch 271 step 100/135 loss=0.9838 lr=9.05e-05
2026-07-17 01:38:25,172 [INFO] trainer: epoch 271 done train_loss=1.0063 dt=41.3s
2026-07-17 01:38:41,061 [INFO] trainer: epoch 272 step 50/135 loss=0.9878 lr=9.01e-05
2026-07-17 01:38:56,000 [INFO] trainer: epoch 272 step 100/135 loss=0.9974 lr=8.98e-05
2026-07-17 01:39:06,436 [INFO] trainer: epoch 272 done train_loss=0.9929 dt=41.3s
2026-07-17 01:39:22,436 [INFO] trainer: epoch 273 step 50/135 loss=1.0217 lr=8.94e-05
2026-07-17 01:39:37,374 [INFO] trainer: epoch 273 step 100/135 loss=1.0189 lr=8.92e-05
2026-07-17 01:39:47,812 [INFO] trainer: epoch 273 done train_loss=1.0142 dt=41.4s
2026-07-17 01:40:03,849 [INFO] trainer: epoch 274 step 50/135 loss=1.0093 lr=8.88e-05
2026-07-17 01:40:18,791 [INFO] trainer: epoch 274 step 100/135 loss=1.0260 lr=8.86e-05
2026-07-17 01:40:29,227 [INFO] trainer: epoch 274 done train_loss=1.0168 dt=41.4s
2026-07-17 01:40:45,037 [INFO] trainer: epoch 275 step 50/135 loss=1.0216 lr=8.82e-05
2026-07-17 01:40:59,980 [INFO] trainer: epoch 275 step 100/135 loss=0.9595 lr=8.79e-05
2026-07-17 01:41:10,419 [INFO] trainer: epoch 275 done train_loss=0.9992 dt=41.2s
2026-07-17 01:42:11,297 [INFO] trainer: epoch 275 val_mean_dice=0.8233
2026-07-17 01:42:28,251 [INFO] trainer: epoch 276 step 50/135 loss=1.0219 lr=8.75e-05
2026-07-17 01:42:43,190 [INFO] trainer: epoch 276 step 100/135 loss=1.0123 lr=8.73e-05
2026-07-17 01:42:53,617 [INFO] trainer: epoch 276 done train_loss=1.0088 dt=41.2s
2026-07-17 01:43:09,403 [INFO] trainer: epoch 277 step 50/135 loss=0.9674 lr=8.69e-05
2026-07-17 01:43:24,343 [INFO] trainer: epoch 277 step 100/135 loss=1.0070 lr=8.67e-05
2026-07-17 01:43:34,780 [INFO] trainer: epoch 277 done train_loss=0.9928 dt=41.2s
2026-07-17 01:43:50,723 [INFO] trainer: epoch 278 step 50/135 loss=1.0240 lr=8.63e-05
2026-07-17 01:44:05,657 [INFO] trainer: epoch 278 step 100/135 loss=0.9865 lr=8.60e-05
2026-07-17 01:44:16,093 [INFO] trainer: epoch 278 done train_loss=0.9916 dt=41.3s
2026-07-17 01:44:31,928 [INFO] trainer: epoch 279 step 50/135 loss=1.0200 lr=8.56e-05
2026-07-17 01:44:46,866 [INFO] trainer: epoch 279 step 100/135 loss=1.0410 lr=8.54e-05
2026-07-17 01:44:57,301 [INFO] trainer: epoch 279 done train_loss=1.0240 dt=41.2s
2026-07-17 01:45:13,249 [INFO] trainer: epoch 280 step 50/135 loss=1.0455 lr=8.50e-05
2026-07-17 01:45:28,195 [INFO] trainer: epoch 280 step 100/135 loss=0.9895 lr=8.48e-05
2026-07-17 01:45:38,638 [INFO] trainer: epoch 280 done train_loss=1.0017 dt=41.3s
2026-07-17 01:45:55,705 [INFO] trainer: epoch 281 step 50/135 loss=1.0077 lr=8.44e-05
2026-07-17 01:46:10,661 [INFO] trainer: epoch 281 step 100/135 loss=0.9727 lr=8.42e-05
2026-07-17 01:46:21,111 [INFO] trainer: epoch 281 done train_loss=1.0038 dt=41.3s
2026-07-17 01:46:36,986 [INFO] trainer: epoch 282 step 50/135 loss=0.9842 lr=8.38e-05
2026-07-17 01:46:51,932 [INFO] trainer: epoch 282 step 100/135 loss=1.0404 lr=8.35e-05
2026-07-17 01:47:02,378 [INFO] trainer: epoch 282 done train_loss=1.0172 dt=41.3s
2026-07-17 01:47:18,291 [INFO] trainer: epoch 283 step 50/135 loss=0.9800 lr=8.31e-05
2026-07-17 01:47:33,250 [INFO] trainer: epoch 283 step 100/135 loss=0.9702 lr=8.29e-05
2026-07-17 01:47:43,708 [INFO] trainer: epoch 283 done train_loss=0.9908 dt=41.3s
2026-07-17 01:47:59,533 [INFO] trainer: epoch 284 step 50/135 loss=0.9854 lr=8.25e-05
2026-07-17 01:48:14,480 [INFO] trainer: epoch 284 step 100/135 loss=0.9636 lr=8.23e-05
2026-07-17 01:48:24,917 [INFO] trainer: epoch 284 done train_loss=0.9771 dt=41.2s
2026-07-17 01:48:40,993 [INFO] trainer: epoch 285 step 50/135 loss=0.9967 lr=8.19e-05
2026-07-17 01:48:55,946 [INFO] trainer: epoch 285 step 100/135 loss=0.9825 lr=8.16e-05
2026-07-17 01:49:06,397 [INFO] trainer: epoch 285 done train_loss=0.9831 dt=41.5s
2026-07-17 01:49:22,289 [INFO] trainer: epoch 286 step 50/135 loss=0.9846 lr=8.12e-05
2026-07-17 01:49:37,238 [INFO] trainer: epoch 286 step 100/135 loss=0.9773 lr=8.10e-05
2026-07-17 01:49:47,686 [INFO] trainer: epoch 286 done train_loss=0.9787 dt=41.3s
2026-07-17 01:50:03,544 [INFO] trainer: epoch 287 step 50/135 loss=1.0109 lr=8.06e-05
2026-07-17 01:50:18,487 [INFO] trainer: epoch 287 step 100/135 loss=0.9624 lr=8.04e-05
2026-07-17 01:50:28,936 [INFO] trainer: epoch 287 done train_loss=0.9760 dt=41.2s
2026-07-17 01:50:44,799 [INFO] trainer: epoch 288 step 50/135 loss=0.9808 lr=8.00e-05
2026-07-17 01:50:59,765 [INFO] trainer: epoch 288 step 100/135 loss=0.9661 lr=7.98e-05
2026-07-17 01:51:10,212 [INFO] trainer: epoch 288 done train_loss=0.9776 dt=41.3s
2026-07-17 01:51:26,715 [INFO] trainer: epoch 289 step 50/135 loss=1.0258 lr=7.94e-05
2026-07-17 01:51:41,768 [INFO] trainer: epoch 289 step 100/135 loss=0.9777 lr=7.91e-05
2026-07-17 01:51:52,247 [INFO] trainer: epoch 289 done train_loss=1.0023 dt=42.0s
2026-07-17 01:52:08,667 [INFO] trainer: epoch 290 step 50/135 loss=0.9793 lr=7.88e-05
2026-07-17 01:52:23,655 [INFO] trainer: epoch 290 step 100/135 loss=0.9930 lr=7.85e-05
2026-07-17 01:52:34,111 [INFO] trainer: epoch 290 done train_loss=0.9778 dt=41.9s
2026-07-17 01:52:51,507 [INFO] trainer: epoch 291 step 50/135 loss=0.9679 lr=7.81e-05
2026-07-17 01:53:06,447 [INFO] trainer: epoch 291 step 100/135 loss=1.0034 lr=7.79e-05
2026-07-17 01:53:16,890 [INFO] trainer: epoch 291 done train_loss=0.9902 dt=41.6s
2026-07-17 01:53:32,883 [INFO] trainer: epoch 292 step 50/135 loss=1.0183 lr=7.75e-05
2026-07-17 01:53:47,826 [INFO] trainer: epoch 292 step 100/135 loss=0.9812 lr=7.73e-05
2026-07-17 01:53:58,263 [INFO] trainer: epoch 292 done train_loss=0.9967 dt=41.4s
2026-07-17 01:54:14,209 [INFO] trainer: epoch 293 step 50/135 loss=0.9910 lr=7.69e-05
2026-07-17 01:54:29,132 [INFO] trainer: epoch 293 step 100/135 loss=0.9701 lr=7.67e-05
2026-07-17 01:54:39,568 [INFO] trainer: epoch 293 done train_loss=0.9754 dt=41.3s
2026-07-17 01:54:55,550 [INFO] trainer: epoch 294 step 50/135 loss=1.0385 lr=7.63e-05
2026-07-17 01:55:10,489 [INFO] trainer: epoch 294 step 100/135 loss=0.9838 lr=7.60e-05
2026-07-17 01:55:20,929 [INFO] trainer: epoch 294 done train_loss=1.0090 dt=41.4s
2026-07-17 01:55:48,504 [INFO] trainer: epoch 295 step 50/135 loss=1.0087 lr=7.57e-05
2026-07-17 01:56:03,452 [INFO] trainer: epoch 295 step 100/135 loss=0.9818 lr=7.54e-05
2026-07-17 01:56:13,889 [INFO] trainer: epoch 295 done train_loss=0.9862 dt=53.0s
2026-07-17 01:56:29,818 [INFO] trainer: epoch 296 step 50/135 loss=1.0163 lr=7.50e-05
2026-07-17 01:56:44,753 [INFO] trainer: epoch 296 step 100/135 loss=0.9697 lr=7.48e-05
2026-07-17 01:56:55,195 [INFO] trainer: epoch 296 done train_loss=0.9924 dt=41.3s
2026-07-17 01:57:10,958 [INFO] trainer: epoch 297 step 50/135 loss=0.9128 lr=7.44e-05
2026-07-17 01:57:25,905 [INFO] trainer: epoch 297 step 100/135 loss=1.0380 lr=7.42e-05
2026-07-17 01:57:36,337 [INFO] trainer: epoch 297 done train_loss=0.9909 dt=41.1s
2026-07-17 01:57:52,253 [INFO] trainer: epoch 298 step 50/135 loss=0.9647 lr=7.38e-05
2026-07-17 01:58:07,273 [INFO] trainer: epoch 298 step 100/135 loss=0.9821 lr=7.36e-05
2026-07-17 01:58:17,722 [INFO] trainer: epoch 298 done train_loss=0.9836 dt=41.4s
2026-07-17 01:58:33,622 [INFO] trainer: epoch 299 step 50/135 loss=1.0556 lr=7.32e-05
2026-07-17 01:58:48,572 [INFO] trainer: epoch 299 step 100/135 loss=0.9784 lr=7.30e-05
2026-07-17 01:58:59,020 [INFO] trainer: epoch 299 done train_loss=1.0098 dt=41.3s
2026-07-17 01:59:14,967 [INFO] trainer: epoch 300 step 50/135 loss=0.9782 lr=7.26e-05
2026-07-17 01:59:29,894 [INFO] trainer: epoch 300 step 100/135 loss=0.9946 lr=7.24e-05
2026-07-17 01:59:40,331 [INFO] trainer: epoch 300 done train_loss=0.9911 dt=41.3s
2026-07-17 02:00:42,980 [INFO] trainer: epoch 300 val_mean_dice=0.8213
2026-07-17 02:01:00,050 [INFO] trainer: epoch 301 step 50/135 loss=1.0082 lr=7.20e-05
2026-07-17 02:01:14,998 [INFO] trainer: epoch 301 step 100/135 loss=0.9737 lr=7.17e-05
2026-07-17 02:01:25,433 [INFO] trainer: epoch 301 done train_loss=0.9970 dt=41.3s
2026-07-17 02:01:41,379 [INFO] trainer: epoch 302 step 50/135 loss=0.9651 lr=7.14e-05
2026-07-17 02:01:56,327 [INFO] trainer: epoch 302 step 100/135 loss=0.9801 lr=7.11e-05
2026-07-17 02:02:06,775 [INFO] trainer: epoch 302 done train_loss=0.9834 dt=41.3s
2026-07-17 02:02:22,543 [INFO] trainer: epoch 303 step 50/135 loss=0.9761 lr=7.07e-05
2026-07-17 02:02:37,483 [INFO] trainer: epoch 303 step 100/135 loss=0.9765 lr=7.05e-05
2026-07-17 02:02:47,921 [INFO] trainer: epoch 303 done train_loss=0.9719 dt=41.1s
2026-07-17 02:03:03,891 [INFO] trainer: epoch 304 step 50/135 loss=1.0094 lr=7.01e-05
2026-07-17 02:03:18,847 [INFO] trainer: epoch 304 step 100/135 loss=1.0013 lr=6.99e-05
2026-07-17 02:03:29,294 [INFO] trainer: epoch 304 done train_loss=0.9914 dt=41.4s
2026-07-17 02:03:45,230 [INFO] trainer: epoch 305 step 50/135 loss=1.0127 lr=6.95e-05
2026-07-17 02:04:00,216 [INFO] trainer: epoch 305 step 100/135 loss=0.9717 lr=6.93e-05
2026-07-17 02:04:10,674 [INFO] trainer: epoch 305 done train_loss=0.9946 dt=41.4s
2026-07-17 02:04:26,637 [INFO] trainer: epoch 306 step 50/135 loss=0.9667 lr=6.89e-05
2026-07-17 02:04:41,577 [INFO] trainer: epoch 306 step 100/135 loss=0.9626 lr=6.87e-05
2026-07-17 02:04:52,015 [INFO] trainer: epoch 306 done train_loss=0.9520 dt=41.3s
2026-07-17 02:05:07,955 [INFO] trainer: epoch 307 step 50/135 loss=0.9783 lr=6.83e-05
2026-07-17 02:05:22,897 [INFO] trainer: epoch 307 step 100/135 loss=1.0151 lr=6.81e-05
2026-07-17 02:05:33,337 [INFO] trainer: epoch 307 done train_loss=1.0109 dt=41.3s
2026-07-17 02:05:49,473 [INFO] trainer: epoch 308 step 50/135 loss=1.0329 lr=6.77e-05
2026-07-17 02:06:04,566 [INFO] trainer: epoch 308 step 100/135 loss=0.9789 lr=6.75e-05
2026-07-17 02:06:15,014 [INFO] trainer: epoch 308 done train_loss=0.9952 dt=41.7s
2026-07-17 02:06:30,902 [INFO] trainer: epoch 309 step 50/135 loss=1.0035 lr=6.71e-05
2026-07-17 02:06:45,842 [INFO] trainer: epoch 309 step 100/135 loss=0.9762 lr=6.69e-05
2026-07-17 02:06:56,276 [INFO] trainer: epoch 309 done train_loss=0.9793 dt=41.3s
2026-07-17 02:07:12,012 [INFO] trainer: epoch 310 step 50/135 loss=0.9874 lr=6.65e-05
2026-07-17 02:07:28,180 [INFO] trainer: epoch 310 step 100/135 loss=0.9968 lr=6.63e-05
2026-07-17 02:07:38,700 [INFO] trainer: epoch 310 done train_loss=0.9863 dt=42.4s
2026-07-17 02:07:55,811 [INFO] trainer: epoch 311 step 50/135 loss=1.0100 lr=6.59e-05
2026-07-17 02:08:10,754 [INFO] trainer: epoch 311 step 100/135 loss=1.0395 lr=6.57e-05
2026-07-17 02:08:21,195 [INFO] trainer: epoch 311 done train_loss=1.0105 dt=41.4s
2026-07-17 02:08:37,295 [INFO] trainer: epoch 312 step 50/135 loss=1.0027 lr=6.53e-05
2026-07-17 02:08:52,233 [INFO] trainer: epoch 312 step 100/135 loss=0.9602 lr=6.51e-05
2026-07-17 02:09:02,669 [INFO] trainer: epoch 312 done train_loss=0.9756 dt=41.5s
2026-07-17 02:09:18,613 [INFO] trainer: epoch 313 step 50/135 loss=1.0034 lr=6.47e-05
2026-07-17 02:09:33,545 [INFO] trainer: epoch 313 step 100/135 loss=0.9921 lr=6.45e-05
2026-07-17 02:09:43,985 [INFO] trainer: epoch 313 done train_loss=0.9942 dt=41.3s
2026-07-17 02:09:59,845 [INFO] trainer: epoch 314 step 50/135 loss=0.9935 lr=6.41e-05
2026-07-17 02:10:14,793 [INFO] trainer: epoch 314 step 100/135 loss=1.0235 lr=6.39e-05
2026-07-17 02:10:25,237 [INFO] trainer: epoch 314 done train_loss=1.0018 dt=41.3s
2026-07-17 02:10:41,269 [INFO] trainer: epoch 315 step 50/135 loss=0.9787 lr=6.35e-05
2026-07-17 02:10:56,202 [INFO] trainer: epoch 315 step 100/135 loss=1.0003 lr=6.33e-05
2026-07-17 02:11:06,643 [INFO] trainer: epoch 315 done train_loss=1.0088 dt=41.4s
2026-07-17 02:11:22,387 [INFO] trainer: epoch 316 step 50/135 loss=0.9921 lr=6.29e-05
2026-07-17 02:11:37,326 [INFO] trainer: epoch 316 step 100/135 loss=0.9767 lr=6.27e-05
2026-07-17 02:11:47,772 [INFO] trainer: epoch 316 done train_loss=0.9770 dt=41.1s
2026-07-17 02:12:03,728 [INFO] trainer: epoch 317 step 50/135 loss=1.0158 lr=6.24e-05
2026-07-17 02:12:18,933 [INFO] trainer: epoch 317 step 100/135 loss=0.9801 lr=6.21e-05
2026-07-17 02:12:29,373 [INFO] trainer: epoch 317 done train_loss=1.0020 dt=41.6s
2026-07-17 02:12:45,480 [INFO] trainer: epoch 318 step 50/135 loss=0.9756 lr=6.18e-05
2026-07-17 02:13:00,418 [INFO] trainer: epoch 318 step 100/135 loss=0.9624 lr=6.15e-05
2026-07-17 02:13:10,858 [INFO] trainer: epoch 318 done train_loss=0.9711 dt=41.5s
2026-07-17 02:13:26,705 [INFO] trainer: epoch 319 step 50/135 loss=0.9764 lr=6.12e-05
2026-07-17 02:13:41,640 [INFO] trainer: epoch 319 step 100/135 loss=0.9914 lr=6.10e-05
2026-07-17 02:13:52,078 [INFO] trainer: epoch 319 done train_loss=0.9751 dt=41.2s
2026-07-17 02:14:07,831 [INFO] trainer: epoch 320 step 50/135 loss=0.9805 lr=6.06e-05
2026-07-17 02:14:22,774 [INFO] trainer: epoch 320 step 100/135 loss=0.9960 lr=6.04e-05
2026-07-17 02:14:33,217 [INFO] trainer: epoch 320 done train_loss=0.9874 dt=41.1s
2026-07-17 02:14:50,101 [INFO] trainer: epoch 321 step 50/135 loss=0.9576 lr=6.00e-05
2026-07-17 02:15:05,031 [INFO] trainer: epoch 321 step 100/135 loss=0.9569 lr=5.98e-05
2026-07-17 02:15:15,473 [INFO] trainer: epoch 321 done train_loss=0.9730 dt=41.2s
2026-07-17 02:15:31,314 [INFO] trainer: epoch 322 step 50/135 loss=0.9653 lr=5.94e-05
2026-07-17 02:15:46,250 [INFO] trainer: epoch 322 step 100/135 loss=0.9883 lr=5.92e-05
2026-07-17 02:15:56,681 [INFO] trainer: epoch 322 done train_loss=0.9751 dt=41.2s
2026-07-17 02:16:12,659 [INFO] trainer: epoch 323 step 50/135 loss=0.9674 lr=5.88e-05
2026-07-17 02:16:27,592 [INFO] trainer: epoch 323 step 100/135 loss=0.9680 lr=5.86e-05
2026-07-17 02:16:38,032 [INFO] trainer: epoch 323 done train_loss=0.9601 dt=41.4s
2026-07-17 02:16:53,932 [INFO] trainer: epoch 324 step 50/135 loss=1.0236 lr=5.83e-05
2026-07-17 02:17:08,858 [INFO] trainer: epoch 324 step 100/135 loss=0.9503 lr=5.81e-05
2026-07-17 02:17:19,291 [INFO] trainer: epoch 324 done train_loss=0.9701 dt=41.3s
2026-07-17 02:17:35,082 [INFO] trainer: epoch 325 step 50/135 loss=0.9605 lr=5.77e-05
2026-07-17 02:17:50,010 [INFO] trainer: epoch 325 step 100/135 loss=0.9999 lr=5.75e-05
2026-07-17 02:18:00,449 [INFO] trainer: epoch 325 done train_loss=0.9900 dt=41.2s
2026-07-17 02:19:11,227 [INFO] trainer: epoch 325 val_mean_dice=0.8245
2026-07-17 02:19:28,607 [INFO] trainer: epoch 326 step 50/135 loss=0.9614 lr=5.71e-05
2026-07-17 02:19:43,532 [INFO] trainer: epoch 326 step 100/135 loss=0.9733 lr=5.69e-05
2026-07-17 02:19:53,966 [INFO] trainer: epoch 326 done train_loss=0.9742 dt=41.1s
2026-07-17 02:20:09,683 [INFO] trainer: epoch 327 step 50/135 loss=0.9606 lr=5.65e-05
2026-07-17 02:20:24,624 [INFO] trainer: epoch 327 step 100/135 loss=0.9821 lr=5.63e-05
2026-07-17 02:20:35,063 [INFO] trainer: epoch 327 done train_loss=0.9747 dt=41.1s
2026-07-17 02:20:50,858 [INFO] trainer: epoch 328 step 50/135 loss=0.9277 lr=5.60e-05
2026-07-17 02:21:05,803 [INFO] trainer: epoch 328 step 100/135 loss=1.0167 lr=5.58e-05
2026-07-17 02:21:16,239 [INFO] trainer: epoch 328 done train_loss=0.9725 dt=41.2s
2026-07-17 02:21:31,940 [INFO] trainer: epoch 329 step 50/135 loss=0.9693 lr=5.54e-05
2026-07-17 02:21:46,875 [INFO] trainer: epoch 329 step 100/135 loss=0.9784 lr=5.52e-05
2026-07-17 02:21:57,308 [INFO] trainer: epoch 329 done train_loss=0.9904 dt=41.1s
2026-07-17 02:22:13,004 [INFO] trainer: epoch 330 step 50/135 loss=0.9483 lr=5.48e-05
2026-07-17 02:22:27,941 [INFO] trainer: epoch 330 step 100/135 loss=0.9855 lr=5.46e-05
2026-07-17 02:22:38,375 [INFO] trainer: epoch 330 done train_loss=0.9567 dt=41.1s
2026-07-17 02:22:55,507 [INFO] trainer: epoch 331 step 50/135 loss=0.9949 lr=5.43e-05
2026-07-17 02:23:10,472 [INFO] trainer: epoch 331 step 100/135 loss=0.9442 lr=5.41e-05
2026-07-17 02:23:20,918 [INFO] trainer: epoch 331 done train_loss=0.9664 dt=41.3s
2026-07-17 02:23:36,864 [INFO] trainer: epoch 332 step 50/135 loss=0.9782 lr=5.37e-05
2026-07-17 02:23:51,821 [INFO] trainer: epoch 332 step 100/135 loss=0.9877 lr=5.35e-05
2026-07-17 02:24:02,273 [INFO] trainer: epoch 332 done train_loss=0.9849 dt=41.4s
2026-07-17 02:24:17,954 [INFO] trainer: epoch 333 step 50/135 loss=1.0727 lr=5.31e-05
2026-07-17 02:24:32,926 [INFO] trainer: epoch 333 step 100/135 loss=0.9898 lr=5.29e-05
2026-07-17 02:24:43,384 [INFO] trainer: epoch 333 done train_loss=1.0041 dt=41.1s
2026-07-17 02:24:59,240 [INFO] trainer: epoch 334 step 50/135 loss=0.9570 lr=5.26e-05
2026-07-17 02:25:14,186 [INFO] trainer: epoch 334 step 100/135 loss=0.9491 lr=5.24e-05
2026-07-17 02:25:24,642 [INFO] trainer: epoch 334 done train_loss=0.9617 dt=41.3s
2026-07-17 02:25:40,452 [INFO] trainer: epoch 335 step 50/135 loss=0.9755 lr=5.20e-05
2026-07-17 02:25:55,402 [INFO] trainer: epoch 335 step 100/135 loss=0.9809 lr=5.18e-05
2026-07-17 02:26:05,859 [INFO] trainer: epoch 335 done train_loss=0.9911 dt=41.2s
2026-07-17 02:26:21,787 [INFO] trainer: epoch 336 step 50/135 loss=0.9533 lr=5.15e-05
2026-07-17 02:26:36,743 [INFO] trainer: epoch 336 step 100/135 loss=1.0029 lr=5.13e-05
2026-07-17 02:26:47,188 [INFO] trainer: epoch 336 done train_loss=0.9681 dt=41.3s
2026-07-17 02:27:02,812 [INFO] trainer: epoch 337 step 50/135 loss=0.9456 lr=5.09e-05
2026-07-17 02:27:17,772 [INFO] trainer: epoch 337 step 100/135 loss=1.0189 lr=5.07e-05
2026-07-17 02:27:28,226 [INFO] trainer: epoch 337 done train_loss=0.9845 dt=41.0s
2026-07-17 02:27:44,056 [INFO] trainer: epoch 338 step 50/135 loss=0.9820 lr=5.04e-05
2026-07-17 02:27:59,014 [INFO] trainer: epoch 338 step 100/135 loss=0.9919 lr=5.02e-05
2026-07-17 02:28:09,458 [INFO] trainer: epoch 338 done train_loss=0.9846 dt=41.2s
2026-07-17 02:28:25,277 [INFO] trainer: epoch 339 step 50/135 loss=0.9961 lr=4.98e-05
2026-07-17 02:28:40,245 [INFO] trainer: epoch 339 step 100/135 loss=0.9930 lr=4.96e-05
2026-07-17 02:28:50,698 [INFO] trainer: epoch 339 done train_loss=0.9870 dt=41.2s
2026-07-17 02:29:06,516 [INFO] trainer: epoch 340 step 50/135 loss=1.0073 lr=4.93e-05
2026-07-17 02:29:21,482 [INFO] trainer: epoch 340 step 100/135 loss=0.9915 lr=4.91e-05
2026-07-17 02:29:31,935 [INFO] trainer: epoch 340 done train_loss=0.9920 dt=41.2s
2026-07-17 02:29:49,371 [INFO] trainer: epoch 341 step 50/135 loss=0.9938 lr=4.87e-05
2026-07-17 02:30:04,313 [INFO] trainer: epoch 341 step 100/135 loss=0.9666 lr=4.85e-05
2026-07-17 02:30:14,748 [INFO] trainer: epoch 341 done train_loss=0.9813 dt=41.6s
2026-07-17 02:30:30,621 [INFO] trainer: epoch 342 step 50/135 loss=0.9484 lr=4.82e-05
2026-07-17 02:30:45,566 [INFO] trainer: epoch 342 step 100/135 loss=1.0194 lr=4.80e-05
2026-07-17 02:30:56,001 [INFO] trainer: epoch 342 done train_loss=0.9838 dt=41.3s
2026-07-17 02:31:11,954 [INFO] trainer: epoch 343 step 50/135 loss=0.9453 lr=4.76e-05
2026-07-17 02:31:26,891 [INFO] trainer: epoch 343 step 100/135 loss=1.0237 lr=4.74e-05
2026-07-17 02:31:37,332 [INFO] trainer: epoch 343 done train_loss=0.9864 dt=41.3s
2026-07-17 02:31:53,071 [INFO] trainer: epoch 344 step 50/135 loss=0.9736 lr=4.71e-05
2026-07-17 02:32:08,018 [INFO] trainer: epoch 344 step 100/135 loss=0.9953 lr=4.69e-05
2026-07-17 02:32:18,455 [INFO] trainer: epoch 344 done train_loss=0.9889 dt=41.1s
2026-07-17 02:32:34,256 [INFO] trainer: epoch 345 step 50/135 loss=0.9827 lr=4.66e-05
2026-07-17 02:32:49,197 [INFO] trainer: epoch 345 step 100/135 loss=0.9299 lr=4.64e-05
2026-07-17 02:32:59,637 [INFO] trainer: epoch 345 done train_loss=0.9629 dt=41.2s
2026-07-17 02:33:15,590 [INFO] trainer: epoch 346 step 50/135 loss=0.9583 lr=4.60e-05
2026-07-17 02:33:30,535 [INFO] trainer: epoch 346 step 100/135 loss=0.9732 lr=4.58e-05
2026-07-17 02:33:40,973 [INFO] trainer: epoch 346 done train_loss=0.9644 dt=41.3s
2026-07-17 02:33:56,807 [INFO] trainer: epoch 347 step 50/135 loss=0.9958 lr=4.55e-05
2026-07-17 02:34:11,741 [INFO] trainer: epoch 347 step 100/135 loss=0.9816 lr=4.53e-05
2026-07-17 02:34:22,174 [INFO] trainer: epoch 347 done train_loss=0.9829 dt=41.2s
2026-07-17 02:34:37,936 [INFO] trainer: epoch 348 step 50/135 loss=0.9809 lr=4.50e-05
2026-07-17 02:34:52,879 [INFO] trainer: epoch 348 step 100/135 loss=0.9749 lr=4.48e-05
2026-07-17 02:35:03,315 [INFO] trainer: epoch 348 done train_loss=0.9745 dt=41.1s
2026-07-17 02:35:19,039 [INFO] trainer: epoch 349 step 50/135 loss=0.9425 lr=4.44e-05
2026-07-17 02:35:33,941 [INFO] trainer: epoch 349 step 100/135 loss=1.0019 lr=4.42e-05
2026-07-17 02:35:44,375 [INFO] trainer: epoch 349 done train_loss=0.9792 dt=41.1s
2026-07-17 02:36:00,345 [INFO] trainer: epoch 350 step 50/135 loss=1.0154 lr=4.39e-05
2026-07-17 02:36:15,290 [INFO] trainer: epoch 350 step 100/135 loss=0.9842 lr=4.37e-05
2026-07-17 02:36:25,739 [INFO] trainer: epoch 350 done train_loss=1.0045 dt=41.4s
2026-07-17 02:37:26,595 [INFO] trainer: epoch 350 val_mean_dice=0.8254
2026-07-17 02:37:44,812 [INFO] trainer: epoch 351 step 50/135 loss=1.0044 lr=4.34e-05
2026-07-17 02:37:59,762 [INFO] trainer: epoch 351 step 100/135 loss=0.9777 lr=4.32e-05
2026-07-17 02:38:10,199 [INFO] trainer: epoch 351 done train_loss=0.9811 dt=41.3s
2026-07-17 02:38:26,090 [INFO] trainer: epoch 352 step 50/135 loss=0.9607 lr=4.29e-05
2026-07-17 02:38:41,046 [INFO] trainer: epoch 352 step 100/135 loss=0.9683 lr=4.27e-05
2026-07-17 02:38:51,485 [INFO] trainer: epoch 352 done train_loss=0.9702 dt=41.3s
2026-07-17 02:39:07,393 [INFO] trainer: epoch 353 step 50/135 loss=0.9721 lr=4.23e-05
2026-07-17 02:39:22,327 [INFO] trainer: epoch 353 step 100/135 loss=0.9851 lr=4.22e-05
2026-07-17 02:39:32,770 [INFO] trainer: epoch 353 done train_loss=0.9880 dt=41.3s
2026-07-17 02:39:48,579 [INFO] trainer: epoch 354 step 50/135 loss=0.9745 lr=4.18e-05
2026-07-17 02:40:03,529 [INFO] trainer: epoch 354 step 100/135 loss=0.9493 lr=4.16e-05
2026-07-17 02:40:13,973 [INFO] trainer: epoch 354 done train_loss=0.9665 dt=41.2s
2026-07-17 02:40:29,865 [INFO] trainer: epoch 355 step 50/135 loss=0.9477 lr=4.13e-05
2026-07-17 02:40:44,805 [INFO] trainer: epoch 355 step 100/135 loss=0.9789 lr=4.11e-05
2026-07-17 02:40:55,243 [INFO] trainer: epoch 355 done train_loss=0.9728 dt=41.3s
2026-07-17 02:41:11,139 [INFO] trainer: epoch 356 step 50/135 loss=0.9807 lr=4.08e-05
2026-07-17 02:41:26,068 [INFO] trainer: epoch 356 step 100/135 loss=0.9852 lr=4.06e-05
2026-07-17 02:41:36,498 [INFO] trainer: epoch 356 done train_loss=0.9911 dt=41.3s
2026-07-17 02:41:52,572 [INFO] trainer: epoch 357 step 50/135 loss=0.9651 lr=4.03e-05
2026-07-17 02:42:07,511 [INFO] trainer: epoch 357 step 100/135 loss=0.9631 lr=4.01e-05
2026-07-17 02:42:17,947 [INFO] trainer: epoch 357 done train_loss=0.9764 dt=41.4s
2026-07-17 02:42:33,689 [INFO] trainer: epoch 358 step 50/135 loss=0.9303 lr=3.98e-05
2026-07-17 02:42:48,610 [INFO] trainer: epoch 358 step 100/135 loss=0.9839 lr=3.96e-05
2026-07-17 02:42:59,037 [INFO] trainer: epoch 358 done train_loss=0.9773 dt=41.1s
2026-07-17 02:43:14,886 [INFO] trainer: epoch 359 step 50/135 loss=0.9799 lr=3.93e-05
2026-07-17 02:43:29,821 [INFO] trainer: epoch 359 step 100/135 loss=0.9955 lr=3.91e-05
2026-07-17 02:43:40,249 [INFO] trainer: epoch 359 done train_loss=0.9753 dt=41.2s
2026-07-17 02:43:56,087 [INFO] trainer: epoch 360 step 50/135 loss=0.9881 lr=3.88e-05
2026-07-17 02:44:11,030 [INFO] trainer: epoch 360 step 100/135 loss=0.9274 lr=3.86e-05
2026-07-17 02:44:21,467 [INFO] trainer: epoch 360 done train_loss=0.9639 dt=41.2s
2026-07-17 02:44:38,566 [INFO] trainer: epoch 361 step 50/135 loss=0.9859 lr=3.83e-05
2026-07-17 02:44:53,530 [INFO] trainer: epoch 361 step 100/135 loss=1.0111 lr=3.81e-05
2026-07-17 02:45:03,977 [INFO] trainer: epoch 361 done train_loss=0.9911 dt=41.4s
2026-07-17 02:45:19,937 [INFO] trainer: epoch 362 step 50/135 loss=0.9694 lr=3.78e-05
2026-07-17 02:45:34,904 [INFO] trainer: epoch 362 step 100/135 loss=0.9691 lr=3.76e-05
2026-07-17 02:45:45,360 [INFO] trainer: epoch 362 done train_loss=0.9645 dt=41.4s
2026-07-17 02:46:01,519 [INFO] trainer: epoch 363 step 50/135 loss=0.9709 lr=3.73e-05
2026-07-17 02:46:16,482 [INFO] trainer: epoch 363 step 100/135 loss=0.9803 lr=3.71e-05
2026-07-17 02:46:26,936 [INFO] trainer: epoch 363 done train_loss=0.9740 dt=41.6s
2026-07-17 02:46:42,717 [INFO] trainer: epoch 364 step 50/135 loss=0.9486 lr=3.68e-05
2026-07-17 02:46:57,677 [INFO] trainer: epoch 364 step 100/135 loss=0.9450 lr=3.66e-05
2026-07-17 02:47:08,129 [INFO] trainer: epoch 364 done train_loss=0.9414 dt=41.2s
2026-07-17 02:47:24,165 [INFO] trainer: epoch 365 step 50/135 loss=1.0128 lr=3.63e-05
2026-07-17 02:47:39,124 [INFO] trainer: epoch 365 step 100/135 loss=0.9747 lr=3.61e-05
2026-07-17 02:47:49,575 [INFO] trainer: epoch 365 done train_loss=0.9985 dt=41.4s
2026-07-17 02:48:05,448 [INFO] trainer: epoch 366 step 50/135 loss=0.9827 lr=3.58e-05
2026-07-17 02:48:20,410 [INFO] trainer: epoch 366 step 100/135 loss=0.9771 lr=3.56e-05
2026-07-17 02:48:30,866 [INFO] trainer: epoch 366 done train_loss=0.9818 dt=41.3s
2026-07-17 02:48:46,877 [INFO] trainer: epoch 367 step 50/135 loss=0.9844 lr=3.53e-05
2026-07-17 02:49:01,845 [INFO] trainer: epoch 367 step 100/135 loss=0.9788 lr=3.52e-05
2026-07-17 02:49:12,300 [INFO] trainer: epoch 367 done train_loss=0.9814 dt=41.4s
2026-07-17 02:49:28,175 [INFO] trainer: epoch 368 step 50/135 loss=0.9995 lr=3.49e-05
2026-07-17 02:49:43,135 [INFO] trainer: epoch 368 step 100/135 loss=0.9859 lr=3.47e-05
2026-07-17 02:49:53,588 [INFO] trainer: epoch 368 done train_loss=0.9989 dt=41.3s
2026-07-17 02:50:09,580 [INFO] trainer: epoch 369 step 50/135 loss=0.9833 lr=3.44e-05
2026-07-17 02:50:24,537 [INFO] trainer: epoch 369 step 100/135 loss=0.9071 lr=3.42e-05
2026-07-17 02:50:34,990 [INFO] trainer: epoch 369 done train_loss=0.9481 dt=41.4s
2026-07-17 02:50:50,701 [INFO] trainer: epoch 370 step 50/135 loss=0.9823 lr=3.39e-05
2026-07-17 02:51:05,666 [INFO] trainer: epoch 370 step 100/135 loss=0.9662 lr=3.37e-05
2026-07-17 02:51:16,124 [INFO] trainer: epoch 370 done train_loss=0.9764 dt=41.1s
2026-07-17 02:51:33,199 [INFO] trainer: epoch 371 step 50/135 loss=0.9910 lr=3.34e-05
2026-07-17 02:51:48,131 [INFO] trainer: epoch 371 step 100/135 loss=0.9204 lr=3.33e-05
2026-07-17 02:51:58,566 [INFO] trainer: epoch 371 done train_loss=0.9598 dt=41.2s
2026-07-17 02:52:14,572 [INFO] trainer: epoch 372 step 50/135 loss=0.9869 lr=3.30e-05
2026-07-17 02:52:29,507 [INFO] trainer: epoch 372 step 100/135 loss=0.9620 lr=3.28e-05
2026-07-17 02:52:39,940 [INFO] trainer: epoch 372 done train_loss=0.9732 dt=41.4s
2026-07-17 02:52:55,683 [INFO] trainer: epoch 373 step 50/135 loss=0.9822 lr=3.25e-05
2026-07-17 02:53:10,621 [INFO] trainer: epoch 373 step 100/135 loss=0.9930 lr=3.23e-05
2026-07-17 02:53:21,057 [INFO] trainer: epoch 373 done train_loss=0.9689 dt=41.1s
2026-07-17 02:53:37,024 [INFO] trainer: epoch 374 step 50/135 loss=0.9764 lr=3.20e-05
2026-07-17 02:53:51,967 [INFO] trainer: epoch 374 step 100/135 loss=0.9340 lr=3.19e-05
2026-07-17 02:54:02,411 [INFO] trainer: epoch 374 done train_loss=0.9441 dt=41.4s
2026-07-17 02:54:18,256 [INFO] trainer: epoch 375 step 50/135 loss=0.9890 lr=3.16e-05
2026-07-17 02:54:33,201 [INFO] trainer: epoch 375 step 100/135 loss=0.9589 lr=3.14e-05
2026-07-17 02:54:43,641 [INFO] trainer: epoch 375 done train_loss=0.9863 dt=41.2s
2026-07-17 02:55:44,173 [INFO] trainer: epoch 375 val_mean_dice=0.8279
2026-07-17 02:56:01,373 [INFO] trainer: epoch 376 step 50/135 loss=0.9877 lr=3.11e-05
2026-07-17 02:56:16,317 [INFO] trainer: epoch 376 step 100/135 loss=0.9633 lr=3.09e-05
2026-07-17 02:56:26,753 [INFO] trainer: epoch 376 done train_loss=0.9780 dt=41.5s
2026-07-17 02:56:42,759 [INFO] trainer: epoch 377 step 50/135 loss=0.9707 lr=3.07e-05
2026-07-17 02:56:57,707 [INFO] trainer: epoch 377 step 100/135 loss=1.0201 lr=3.05e-05
2026-07-17 02:57:08,151 [INFO] trainer: epoch 377 done train_loss=0.9824 dt=41.4s
2026-07-17 02:57:24,021 [INFO] trainer: epoch 378 step 50/135 loss=0.9614 lr=3.02e-05
2026-07-17 02:57:38,969 [INFO] trainer: epoch 378 step 100/135 loss=0.9649 lr=3.00e-05
2026-07-17 02:57:49,405 [INFO] trainer: epoch 378 done train_loss=0.9733 dt=41.3s
2026-07-17 02:58:05,374 [INFO] trainer: epoch 379 step 50/135 loss=0.9580 lr=2.98e-05
2026-07-17 02:58:20,313 [INFO] trainer: epoch 379 step 100/135 loss=0.9977 lr=2.96e-05
2026-07-17 02:58:30,752 [INFO] trainer: epoch 379 done train_loss=0.9663 dt=41.3s
2026-07-17 02:58:46,564 [INFO] trainer: epoch 380 step 50/135 loss=0.9587 lr=2.93e-05
2026-07-17 02:59:01,512 [INFO] trainer: epoch 380 step 100/135 loss=0.9903 lr=2.91e-05
2026-07-17 02:59:11,966 [INFO] trainer: epoch 380 done train_loss=0.9667 dt=41.2s
2026-07-17 02:59:29,273 [INFO] trainer: epoch 381 step 50/135 loss=0.9792 lr=2.89e-05
2026-07-17 02:59:44,209 [INFO] trainer: epoch 381 step 100/135 loss=0.9564 lr=2.87e-05
2026-07-17 02:59:54,648 [INFO] trainer: epoch 381 done train_loss=0.9608 dt=41.5s
2026-07-17 03:00:10,383 [INFO] trainer: epoch 382 step 50/135 loss=0.9503 lr=2.84e-05
2026-07-17 03:00:25,328 [INFO] trainer: epoch 382 step 100/135 loss=0.9480 lr=2.83e-05
2026-07-17 03:00:35,772 [INFO] trainer: epoch 382 done train_loss=0.9713 dt=41.1s
2026-07-17 03:01:03,718 [INFO] trainer: epoch 383 step 50/135 loss=1.0321 lr=2.80e-05
2026-07-17 03:01:18,724 [INFO] trainer: epoch 383 step 100/135 loss=0.9810 lr=2.78e-05
2026-07-17 03:01:29,166 [INFO] trainer: epoch 383 done train_loss=0.9918 dt=53.4s
2026-07-17 03:01:44,983 [INFO] trainer: epoch 384 step 50/135 loss=0.9621 lr=2.75e-05
2026-07-17 03:01:59,929 [INFO] trainer: epoch 384 step 100/135 loss=0.9611 lr=2.74e-05
2026-07-17 03:02:10,375 [INFO] trainer: epoch 384 done train_loss=0.9715 dt=41.2s
2026-07-17 03:02:26,043 [INFO] trainer: epoch 385 step 50/135 loss=0.9540 lr=2.71e-05
2026-07-17 03:02:41,005 [INFO] trainer: epoch 385 step 100/135 loss=0.9643 lr=2.70e-05
2026-07-17 03:02:51,453 [INFO] trainer: epoch 385 done train_loss=0.9517 dt=41.1s
2026-07-17 03:03:07,366 [INFO] trainer: epoch 386 step 50/135 loss=0.9505 lr=2.67e-05
2026-07-17 03:03:22,325 [INFO] trainer: epoch 386 step 100/135 loss=0.9350 lr=2.65e-05
2026-07-17 03:03:32,772 [INFO] trainer: epoch 386 done train_loss=0.9347 dt=41.3s
2026-07-17 03:03:48,627 [INFO] trainer: epoch 387 step 50/135 loss=0.9809 lr=2.63e-05
2026-07-17 03:04:03,576 [INFO] trainer: epoch 387 step 100/135 loss=0.9535 lr=2.61e-05
2026-07-17 03:04:14,103 [INFO] trainer: epoch 387 done train_loss=0.9639 dt=41.3s
2026-07-17 03:04:29,964 [INFO] trainer: epoch 388 step 50/135 loss=0.9602 lr=2.58e-05
2026-07-17 03:04:44,919 [INFO] trainer: epoch 388 step 100/135 loss=0.9748 lr=2.57e-05
2026-07-17 03:04:55,368 [INFO] trainer: epoch 388 done train_loss=0.9618 dt=41.3s
2026-07-17 03:05:11,336 [INFO] trainer: epoch 389 step 50/135 loss=0.9965 lr=2.54e-05
2026-07-17 03:05:26,283 [INFO] trainer: epoch 389 step 100/135 loss=1.0178 lr=2.53e-05
2026-07-17 03:05:36,727 [INFO] trainer: epoch 389 done train_loss=0.9860 dt=41.4s
2026-07-17 03:05:52,698 [INFO] trainer: epoch 390 step 50/135 loss=0.9793 lr=2.50e-05
2026-07-17 03:06:07,642 [INFO] trainer: epoch 390 step 100/135 loss=0.9461 lr=2.48e-05
2026-07-17 03:06:18,086 [INFO] trainer: epoch 390 done train_loss=0.9530 dt=41.4s
2026-07-17 03:06:35,521 [INFO] trainer: epoch 391 step 50/135 loss=0.9583 lr=2.46e-05
2026-07-17 03:06:50,481 [INFO] trainer: epoch 391 step 100/135 loss=0.9838 lr=2.44e-05
2026-07-17 03:07:00,930 [INFO] trainer: epoch 391 done train_loss=0.9730 dt=41.7s
2026-07-17 03:07:16,820 [INFO] trainer: epoch 392 step 50/135 loss=0.9809 lr=2.42e-05
2026-07-17 03:07:31,785 [INFO] trainer: epoch 392 step 100/135 loss=0.9481 lr=2.40e-05
2026-07-17 03:07:42,230 [INFO] trainer: epoch 392 done train_loss=0.9570 dt=41.3s
2026-07-17 03:07:57,991 [INFO] trainer: epoch 393 step 50/135 loss=0.9830 lr=2.38e-05
2026-07-17 03:08:12,953 [INFO] trainer: epoch 393 step 100/135 loss=0.9642 lr=2.36e-05
2026-07-17 03:08:23,421 [INFO] trainer: epoch 393 done train_loss=0.9914 dt=41.2s
2026-07-17 03:08:39,325 [INFO] trainer: epoch 394 step 50/135 loss=0.9370 lr=2.34e-05
2026-07-17 03:08:54,297 [INFO] trainer: epoch 394 step 100/135 loss=0.9950 lr=2.32e-05
2026-07-17 03:09:04,751 [INFO] trainer: epoch 394 done train_loss=0.9685 dt=41.3s
2026-07-17 03:09:20,705 [INFO] trainer: epoch 395 step 50/135 loss=0.9749 lr=2.30e-05
2026-07-17 03:09:35,671 [INFO] trainer: epoch 395 step 100/135 loss=0.9668 lr=2.28e-05
2026-07-17 03:09:46,128 [INFO] trainer: epoch 395 done train_loss=0.9666 dt=41.4s
2026-07-17 03:10:01,962 [INFO] trainer: epoch 396 step 50/135 loss=0.9482 lr=2.26e-05
2026-07-17 03:10:16,920 [INFO] trainer: epoch 396 step 100/135 loss=0.9706 lr=2.24e-05
2026-07-17 03:10:27,376 [INFO] trainer: epoch 396 done train_loss=0.9774 dt=41.2s
2026-07-17 03:10:43,205 [INFO] trainer: epoch 397 step 50/135 loss=0.9301 lr=2.22e-05
2026-07-17 03:10:58,504 [INFO] trainer: epoch 397 step 100/135 loss=0.9530 lr=2.20e-05
2026-07-17 03:11:08,966 [INFO] trainer: epoch 397 done train_loss=0.9428 dt=41.6s
2026-07-17 03:11:24,952 [INFO] trainer: epoch 398 step 50/135 loss=0.9503 lr=2.18e-05
2026-07-17 03:11:39,902 [INFO] trainer: epoch 398 step 100/135 loss=0.9837 lr=2.16e-05
2026-07-17 03:11:50,349 [INFO] trainer: epoch 398 done train_loss=0.9602 dt=41.4s
2026-07-17 03:12:06,169 [INFO] trainer: epoch 399 step 50/135 loss=0.9874 lr=2.14e-05
2026-07-17 03:12:21,109 [INFO] trainer: epoch 399 step 100/135 loss=0.9561 lr=2.12e-05
2026-07-17 03:12:31,551 [INFO] trainer: epoch 399 done train_loss=0.9557 dt=41.2s
2026-07-17 03:12:47,538 [INFO] trainer: epoch 400 step 50/135 loss=0.9708 lr=2.10e-05
2026-07-17 03:13:02,496 [INFO] trainer: epoch 400 step 100/135 loss=0.9745 lr=2.09e-05
2026-07-17 03:13:12,943 [INFO] trainer: epoch 400 done train_loss=0.9616 dt=41.4s
2026-07-17 03:14:15,611 [INFO] trainer: epoch 400 val_mean_dice=0.8267
2026-07-17 03:14:32,956 [INFO] trainer: epoch 401 step 50/135 loss=0.9644 lr=2.06e-05
2026-07-17 03:14:47,891 [INFO] trainer: epoch 401 step 100/135 loss=0.9640 lr=2.05e-05
2026-07-17 03:14:58,326 [INFO] trainer: epoch 401 done train_loss=0.9530 dt=41.5s
2026-07-17 03:15:14,149 [INFO] trainer: epoch 402 step 50/135 loss=0.9568 lr=2.02e-05
2026-07-17 03:15:29,097 [INFO] trainer: epoch 402 step 100/135 loss=0.9741 lr=2.01e-05
2026-07-17 03:15:39,533 [INFO] trainer: epoch 402 done train_loss=0.9660 dt=41.2s
2026-07-17 03:15:55,402 [INFO] trainer: epoch 403 step 50/135 loss=0.9448 lr=1.99e-05
2026-07-17 03:16:10,356 [INFO] trainer: epoch 403 step 100/135 loss=0.9898 lr=1.97e-05
2026-07-17 03:16:20,795 [INFO] trainer: epoch 403 done train_loss=0.9651 dt=41.3s
2026-07-17 03:16:36,820 [INFO] trainer: epoch 404 step 50/135 loss=0.9580 lr=1.95e-05
2026-07-17 03:16:51,760 [INFO] trainer: epoch 404 step 100/135 loss=0.9170 lr=1.94e-05
2026-07-17 03:17:02,199 [INFO] trainer: epoch 404 done train_loss=0.9515 dt=41.4s
2026-07-17 03:17:18,070 [INFO] trainer: epoch 405 step 50/135 loss=0.9738 lr=1.91e-05
2026-07-17 03:17:33,584 [INFO] trainer: epoch 405 step 100/135 loss=0.9440 lr=1.90e-05
2026-07-17 03:17:44,039 [INFO] trainer: epoch 405 done train_loss=0.9672 dt=41.8s
2026-07-17 03:17:59,980 [INFO] trainer: epoch 406 step 50/135 loss=0.9529 lr=1.88e-05
2026-07-17 03:18:14,934 [INFO] trainer: epoch 406 step 100/135 loss=0.9564 lr=1.86e-05
2026-07-17 03:18:25,380 [INFO] trainer: epoch 406 done train_loss=0.9479 dt=41.3s
2026-07-17 03:18:41,357 [INFO] trainer: epoch 407 step 50/135 loss=0.9862 lr=1.84e-05
2026-07-17 03:18:56,298 [INFO] trainer: epoch 407 step 100/135 loss=0.9515 lr=1.83e-05
2026-07-17 03:19:06,734 [INFO] trainer: epoch 407 done train_loss=0.9658 dt=41.4s
2026-07-17 03:19:22,720 [INFO] trainer: epoch 408 step 50/135 loss=0.9764 lr=1.80e-05
2026-07-17 03:19:37,671 [INFO] trainer: epoch 408 step 100/135 loss=0.9620 lr=1.79e-05
2026-07-17 03:19:48,116 [INFO] trainer: epoch 408 done train_loss=0.9701 dt=41.4s
2026-07-17 03:20:04,054 [INFO] trainer: epoch 409 step 50/135 loss=0.9412 lr=1.77e-05
2026-07-17 03:20:19,003 [INFO] trainer: epoch 409 step 100/135 loss=0.9557 lr=1.76e-05
2026-07-17 03:20:29,447 [INFO] trainer: epoch 409 done train_loss=0.9566 dt=41.3s
2026-07-17 03:20:45,642 [INFO] trainer: epoch 410 step 50/135 loss=0.9293 lr=1.73e-05
2026-07-17 03:21:00,608 [INFO] trainer: epoch 410 step 100/135 loss=0.9798 lr=1.72e-05
2026-07-17 03:21:11,056 [INFO] trainer: epoch 410 done train_loss=0.9531 dt=41.6s
2026-07-17 03:21:28,201 [INFO] trainer: epoch 411 step 50/135 loss=0.9968 lr=1.70e-05
2026-07-17 03:21:43,184 [INFO] trainer: epoch 411 step 100/135 loss=0.9559 lr=1.69e-05
2026-07-17 03:21:53,637 [INFO] trainer: epoch 411 done train_loss=0.9655 dt=41.4s
2026-07-17 03:22:09,611 [INFO] trainer: epoch 412 step 50/135 loss=0.9691 lr=1.66e-05
2026-07-17 03:22:25,832 [INFO] trainer: epoch 412 step 100/135 loss=0.9699 lr=1.65e-05
2026-07-17 03:22:36,282 [INFO] trainer: epoch 412 done train_loss=0.9782 dt=42.6s
2026-07-17 03:22:52,213 [INFO] trainer: epoch 413 step 50/135 loss=1.0218 lr=1.63e-05
2026-07-17 03:23:07,161 [INFO] trainer: epoch 413 step 100/135 loss=0.9892 lr=1.62e-05
2026-07-17 03:23:17,745 [INFO] trainer: epoch 413 done train_loss=0.9769 dt=41.5s
2026-07-17 03:23:33,720 [INFO] trainer: epoch 414 step 50/135 loss=0.9616 lr=1.60e-05
2026-07-17 03:23:48,678 [INFO] trainer: epoch 414 step 100/135 loss=0.9472 lr=1.58e-05
2026-07-17 03:23:59,124 [INFO] trainer: epoch 414 done train_loss=0.9490 dt=41.4s
2026-07-17 03:24:15,008 [INFO] trainer: epoch 415 step 50/135 loss=0.9787 lr=1.56e-05
2026-07-17 03:24:29,961 [INFO] trainer: epoch 415 step 100/135 loss=0.9509 lr=1.55e-05
2026-07-17 03:24:40,405 [INFO] trainer: epoch 415 done train_loss=0.9653 dt=41.3s
2026-07-17 03:24:56,262 [INFO] trainer: epoch 416 step 50/135 loss=0.9434 lr=1.53e-05
2026-07-17 03:25:11,220 [INFO] trainer: epoch 416 step 100/135 loss=0.9586 lr=1.52e-05
2026-07-17 03:25:21,671 [INFO] trainer: epoch 416 done train_loss=0.9520 dt=41.3s
2026-07-17 03:25:37,660 [INFO] trainer: epoch 417 step 50/135 loss=1.0108 lr=1.50e-05
2026-07-17 03:25:52,609 [INFO] trainer: epoch 417 step 100/135 loss=0.9650 lr=1.48e-05
2026-07-17 03:26:03,057 [INFO] trainer: epoch 417 done train_loss=0.9788 dt=41.4s
2026-07-17 03:26:19,062 [INFO] trainer: epoch 418 step 50/135 loss=0.9523 lr=1.46e-05
2026-07-17 03:26:34,001 [INFO] trainer: epoch 418 step 100/135 loss=0.9681 lr=1.45e-05
2026-07-17 03:26:44,447 [INFO] trainer: epoch 418 done train_loss=0.9631 dt=41.4s
2026-07-17 03:27:00,631 [INFO] trainer: epoch 419 step 50/135 loss=0.9862 lr=1.43e-05
2026-07-17 03:27:15,588 [INFO] trainer: epoch 419 step 100/135 loss=0.9216 lr=1.42e-05
2026-07-17 03:27:26,036 [INFO] trainer: epoch 419 done train_loss=0.9558 dt=41.6s
2026-07-17 03:27:42,181 [INFO] trainer: epoch 420 step 50/135 loss=0.9103 lr=1.40e-05
2026-07-17 03:27:57,132 [INFO] trainer: epoch 420 step 100/135 loss=0.9884 lr=1.39e-05
2026-07-17 03:28:07,577 [INFO] trainer: epoch 420 done train_loss=0.9692 dt=41.5s
2026-07-17 03:28:24,831 [INFO] trainer: epoch 421 step 50/135 loss=0.9531 lr=1.37e-05
2026-07-17 03:28:39,779 [INFO] trainer: epoch 421 step 100/135 loss=1.0008 lr=1.36e-05
2026-07-17 03:28:50,228 [INFO] trainer: epoch 421 done train_loss=0.9855 dt=41.4s
2026-07-17 03:29:06,390 [INFO] trainer: epoch 422 step 50/135 loss=0.9664 lr=1.34e-05
2026-07-17 03:29:21,331 [INFO] trainer: epoch 422 step 100/135 loss=0.9639 lr=1.33e-05
2026-07-17 03:29:31,769 [INFO] trainer: epoch 422 done train_loss=0.9664 dt=41.5s
2026-07-17 03:29:47,995 [INFO] trainer: epoch 423 step 50/135 loss=0.9397 lr=1.31e-05
2026-07-17 03:30:02,944 [INFO] trainer: epoch 423 step 100/135 loss=0.9778 lr=1.30e-05
2026-07-17 03:30:13,387 [INFO] trainer: epoch 423 done train_loss=0.9597 dt=41.6s
2026-07-17 03:30:29,276 [INFO] trainer: epoch 424 step 50/135 loss=0.9818 lr=1.28e-05
2026-07-17 03:30:44,222 [INFO] trainer: epoch 424 step 100/135 loss=0.9351 lr=1.27e-05
2026-07-17 03:30:54,667 [INFO] trainer: epoch 424 done train_loss=0.9424 dt=41.3s
2026-07-17 03:31:10,632 [INFO] trainer: epoch 425 step 50/135 loss=0.9736 lr=1.25e-05
2026-07-17 03:31:25,578 [INFO] trainer: epoch 425 step 100/135 loss=1.0141 lr=1.24e-05
2026-07-17 03:31:36,019 [INFO] trainer: epoch 425 done train_loss=0.9923 dt=41.4s
2026-07-17 03:32:40,228 [INFO] trainer: epoch 425 val_mean_dice=0.8280
2026-07-17 03:32:57,336 [INFO] trainer: epoch 426 step 50/135 loss=0.9524 lr=1.22e-05
2026-07-17 03:33:12,266 [INFO] trainer: epoch 426 step 100/135 loss=0.9645 lr=1.21e-05
2026-07-17 03:33:22,695 [INFO] trainer: epoch 426 done train_loss=0.9599 dt=41.4s
2026-07-17 03:33:38,941 [INFO] trainer: epoch 427 step 50/135 loss=1.0157 lr=1.19e-05
2026-07-17 03:33:53,888 [INFO] trainer: epoch 427 step 100/135 loss=0.9445 lr=1.18e-05
2026-07-17 03:34:04,325 [INFO] trainer: epoch 427 done train_loss=0.9718 dt=41.6s
2026-07-17 03:34:20,245 [INFO] trainer: epoch 428 step 50/135 loss=0.9788 lr=1.16e-05
2026-07-17 03:34:35,176 [INFO] trainer: epoch 428 step 100/135 loss=0.9246 lr=1.15e-05
2026-07-17 03:34:45,616 [INFO] trainer: epoch 428 done train_loss=0.9458 dt=41.3s
2026-07-17 03:35:01,566 [INFO] trainer: epoch 429 step 50/135 loss=0.9625 lr=1.13e-05
2026-07-17 03:35:16,503 [INFO] trainer: epoch 429 step 100/135 loss=0.9166 lr=1.12e-05
2026-07-17 03:35:26,935 [INFO] trainer: epoch 429 done train_loss=0.9455 dt=41.3s
2026-07-17 03:35:42,812 [INFO] trainer: epoch 430 step 50/135 loss=0.9682 lr=1.10e-05
2026-07-17 03:35:57,750 [INFO] trainer: epoch 430 step 100/135 loss=0.9687 lr=1.09e-05
2026-07-17 03:36:08,189 [INFO] trainer: epoch 430 done train_loss=0.9740 dt=41.3s
2026-07-17 03:36:25,379 [INFO] trainer: epoch 431 step 50/135 loss=0.9394 lr=1.08e-05
2026-07-17 03:36:40,337 [INFO] trainer: epoch 431 step 100/135 loss=0.9855 lr=1.07e-05
2026-07-17 03:36:50,791 [INFO] trainer: epoch 431 done train_loss=0.9672 dt=41.5s
2026-07-17 03:37:06,819 [INFO] trainer: epoch 432 step 50/135 loss=0.9865 lr=1.05e-05
2026-07-17 03:37:21,769 [INFO] trainer: epoch 432 step 100/135 loss=0.9966 lr=1.04e-05
2026-07-17 03:37:32,215 [INFO] trainer: epoch 432 done train_loss=0.9822 dt=41.4s
2026-07-17 03:37:48,125 [INFO] trainer: epoch 433 step 50/135 loss=0.9504 lr=1.02e-05
2026-07-17 03:38:03,080 [INFO] trainer: epoch 433 step 100/135 loss=0.9425 lr=1.01e-05
2026-07-17 03:38:13,525 [INFO] trainer: epoch 433 done train_loss=0.9463 dt=41.3s
2026-07-17 03:38:29,556 [INFO] trainer: epoch 434 step 50/135 loss=0.9573 lr=9.94e-06
2026-07-17 03:38:44,510 [INFO] trainer: epoch 434 step 100/135 loss=0.9557 lr=9.85e-06
2026-07-17 03:38:54,989 [INFO] trainer: epoch 434 done train_loss=0.9659 dt=41.5s
2026-07-17 03:39:11,057 [INFO] trainer: epoch 435 step 50/135 loss=0.9135 lr=9.68e-06
2026-07-17 03:39:26,006 [INFO] trainer: epoch 435 step 100/135 loss=0.9709 lr=9.58e-06
2026-07-17 03:39:36,453 [INFO] trainer: epoch 435 done train_loss=0.9563 dt=41.5s
2026-07-17 03:39:52,403 [INFO] trainer: epoch 436 step 50/135 loss=0.9847 lr=9.42e-06
2026-07-17 03:40:07,357 [INFO] trainer: epoch 436 step 100/135 loss=0.9889 lr=9.33e-06
2026-07-17 03:40:17,797 [INFO] trainer: epoch 436 done train_loss=0.9696 dt=41.3s
2026-07-17 03:40:33,853 [INFO] trainer: epoch 437 step 50/135 loss=0.9643 lr=9.17e-06
2026-07-17 03:40:48,803 [INFO] trainer: epoch 437 step 100/135 loss=0.9849 lr=9.07e-06
2026-07-17 03:40:59,352 [INFO] trainer: epoch 437 done train_loss=0.9796 dt=41.6s
2026-07-17 03:41:15,497 [INFO] trainer: epoch 438 step 50/135 loss=0.9323 lr=8.92e-06
2026-07-17 03:41:30,535 [INFO] trainer: epoch 438 step 100/135 loss=0.9753 lr=8.82e-06
2026-07-17 03:41:40,983 [INFO] trainer: epoch 438 done train_loss=0.9559 dt=41.6s
2026-07-17 03:41:56,789 [INFO] trainer: epoch 439 step 50/135 loss=0.9769 lr=8.67e-06
2026-07-17 03:42:11,740 [INFO] trainer: epoch 439 step 100/135 loss=0.9486 lr=8.58e-06
2026-07-17 03:42:22,186 [INFO] trainer: epoch 439 done train_loss=0.9636 dt=41.2s
2026-07-17 03:42:38,160 [INFO] trainer: epoch 440 step 50/135 loss=0.9720 lr=8.42e-06
2026-07-17 03:42:53,117 [INFO] trainer: epoch 440 step 100/135 loss=1.0186 lr=8.34e-06
2026-07-17 03:43:03,564 [INFO] trainer: epoch 440 done train_loss=0.9710 dt=41.4s
2026-07-17 03:43:20,550 [INFO] trainer: epoch 441 step 50/135 loss=0.9811 lr=8.18e-06
2026-07-17 03:43:35,501 [INFO] trainer: epoch 441 step 100/135 loss=0.9216 lr=8.10e-06
2026-07-17 03:43:45,941 [INFO] trainer: epoch 441 done train_loss=0.9456 dt=41.2s
2026-07-17 03:44:01,984 [INFO] trainer: epoch 442 step 50/135 loss=0.9936 lr=7.95e-06
2026-07-17 03:44:16,946 [INFO] trainer: epoch 442 step 100/135 loss=0.9676 lr=7.86e-06
2026-07-17 03:44:27,404 [INFO] trainer: epoch 442 done train_loss=0.9769 dt=41.5s
2026-07-17 03:44:43,219 [INFO] trainer: epoch 443 step 50/135 loss=0.9321 lr=7.72e-06
2026-07-17 03:44:58,158 [INFO] trainer: epoch 443 step 100/135 loss=0.9620 lr=7.63e-06
2026-07-17 03:45:08,736 [INFO] trainer: epoch 443 done train_loss=0.9596 dt=41.3s
2026-07-17 03:45:24,555 [INFO] trainer: epoch 444 step 50/135 loss=0.9831 lr=7.49e-06
2026-07-17 03:45:39,510 [INFO] trainer: epoch 444 step 100/135 loss=0.9555 lr=7.40e-06
2026-07-17 03:45:49,961 [INFO] trainer: epoch 444 done train_loss=0.9711 dt=41.2s
2026-07-17 03:46:05,823 [INFO] trainer: epoch 445 step 50/135 loss=0.9282 lr=7.26e-06
2026-07-17 03:46:20,763 [INFO] trainer: epoch 445 step 100/135 loss=0.9843 lr=7.18e-06
2026-07-17 03:46:31,205 [INFO] trainer: epoch 445 done train_loss=0.9583 dt=41.2s
2026-07-17 03:46:47,124 [INFO] trainer: epoch 446 step 50/135 loss=0.9555 lr=7.04e-06
2026-07-17 03:47:02,073 [INFO] trainer: epoch 446 step 100/135 loss=0.9179 lr=6.96e-06
2026-07-17 03:47:12,521 [INFO] trainer: epoch 446 done train_loss=0.9459 dt=41.3s
2026-07-17 03:47:28,444 [INFO] trainer: epoch 447 step 50/135 loss=0.9348 lr=6.82e-06
2026-07-17 03:47:43,410 [INFO] trainer: epoch 447 step 100/135 loss=0.9604 lr=6.75e-06
2026-07-17 03:47:53,856 [INFO] trainer: epoch 447 done train_loss=0.9617 dt=41.3s
2026-07-17 03:48:09,738 [INFO] trainer: epoch 448 step 50/135 loss=0.9527 lr=6.61e-06
2026-07-17 03:48:24,698 [INFO] trainer: epoch 448 step 100/135 loss=0.9505 lr=6.53e-06
2026-07-17 03:48:35,146 [INFO] trainer: epoch 448 done train_loss=0.9433 dt=41.3s
2026-07-17 03:48:51,044 [INFO] trainer: epoch 449 step 50/135 loss=0.9547 lr=6.40e-06
2026-07-17 03:49:05,998 [INFO] trainer: epoch 449 step 100/135 loss=0.9762 lr=6.33e-06
2026-07-17 03:49:16,434 [INFO] trainer: epoch 449 done train_loss=0.9644 dt=41.3s
2026-07-17 03:49:32,379 [INFO] trainer: epoch 450 step 50/135 loss=0.9680 lr=6.20e-06
2026-07-17 03:49:47,333 [INFO] trainer: epoch 450 step 100/135 loss=0.9658 lr=6.12e-06
2026-07-17 03:49:57,782 [INFO] trainer: epoch 450 done train_loss=0.9636 dt=41.3s
2026-07-17 03:50:59,814 [INFO] trainer: epoch 450 val_mean_dice=0.8278
2026-07-17 03:51:16,777 [INFO] trainer: epoch 451 step 50/135 loss=1.0007 lr=6.00e-06
2026-07-17 03:51:31,710 [INFO] trainer: epoch 451 step 100/135 loss=0.9978 lr=5.92e-06
2026-07-17 03:51:42,138 [INFO] trainer: epoch 451 done train_loss=0.9807 dt=41.2s
2026-07-17 03:51:58,207 [INFO] trainer: epoch 452 step 50/135 loss=0.9293 lr=5.80e-06
2026-07-17 03:52:13,487 [INFO] trainer: epoch 452 step 100/135 loss=0.9817 lr=5.73e-06
2026-07-17 03:52:23,918 [INFO] trainer: epoch 452 done train_loss=0.9517 dt=41.8s
2026-07-17 03:52:39,879 [INFO] trainer: epoch 453 step 50/135 loss=0.9569 lr=5.60e-06
2026-07-17 03:52:54,814 [INFO] trainer: epoch 453 step 100/135 loss=0.9743 lr=5.53e-06
2026-07-17 03:53:05,249 [INFO] trainer: epoch 453 done train_loss=0.9615 dt=41.3s
2026-07-17 03:53:21,102 [INFO] trainer: epoch 454 step 50/135 loss=0.9671 lr=5.41e-06
2026-07-17 03:53:36,040 [INFO] trainer: epoch 454 step 100/135 loss=0.9512 lr=5.35e-06
2026-07-17 03:53:46,476 [INFO] trainer: epoch 454 done train_loss=0.9602 dt=41.2s
2026-07-17 03:54:02,355 [INFO] trainer: epoch 455 step 50/135 loss=0.9845 lr=5.23e-06
2026-07-17 03:54:17,295 [INFO] trainer: epoch 455 step 100/135 loss=0.9616 lr=5.16e-06
2026-07-17 03:54:27,735 [INFO] trainer: epoch 455 done train_loss=0.9643 dt=41.3s
2026-07-17 03:54:43,609 [INFO] trainer: epoch 456 step 50/135 loss=0.9609 lr=5.05e-06
2026-07-17 03:54:58,539 [INFO] trainer: epoch 456 step 100/135 loss=0.9555 lr=4.98e-06
2026-07-17 03:55:08,973 [INFO] trainer: epoch 456 done train_loss=0.9587 dt=41.2s
2026-07-17 03:55:24,838 [INFO] trainer: epoch 457 step 50/135 loss=0.9736 lr=4.87e-06
2026-07-17 03:55:39,784 [INFO] trainer: epoch 457 step 100/135 loss=0.9545 lr=4.80e-06
2026-07-17 03:55:50,220 [INFO] trainer: epoch 457 done train_loss=0.9625 dt=41.2s
2026-07-17 03:56:06,028 [INFO] trainer: epoch 458 step 50/135 loss=0.9532 lr=4.69e-06
2026-07-17 03:56:20,984 [INFO] trainer: epoch 458 step 100/135 loss=0.9532 lr=4.63e-06
2026-07-17 03:56:31,424 [INFO] trainer: epoch 458 done train_loss=0.9448 dt=41.2s
2026-07-17 03:56:47,406 [INFO] trainer: epoch 459 step 50/135 loss=0.9257 lr=4.52e-06
2026-07-17 03:57:02,348 [INFO] trainer: epoch 459 step 100/135 loss=0.9267 lr=4.46e-06
2026-07-17 03:57:12,790 [INFO] trainer: epoch 459 done train_loss=0.9345 dt=41.4s
2026-07-17 03:57:28,511 [INFO] trainer: epoch 460 step 50/135 loss=0.9830 lr=4.36e-06
2026-07-17 03:57:43,447 [INFO] trainer: epoch 460 step 100/135 loss=0.9718 lr=4.30e-06
2026-07-17 03:57:53,880 [INFO] trainer: epoch 460 done train_loss=0.9734 dt=41.1s
2026-07-17 03:58:11,001 [INFO] trainer: epoch 461 step 50/135 loss=0.9304 lr=4.19e-06
2026-07-17 03:58:25,957 [INFO] trainer: epoch 461 step 100/135 loss=0.9697 lr=4.14e-06
2026-07-17 03:58:36,401 [INFO] trainer: epoch 461 done train_loss=0.9378 dt=41.4s
2026-07-17 03:58:52,424 [INFO] trainer: epoch 462 step 50/135 loss=0.9625 lr=4.04e-06
2026-07-17 03:59:07,373 [INFO] trainer: epoch 462 step 100/135 loss=0.9495 lr=3.98e-06
2026-07-17 03:59:17,820 [INFO] trainer: epoch 462 done train_loss=0.9527 dt=41.4s
2026-07-17 03:59:33,650 [INFO] trainer: epoch 463 step 50/135 loss=0.9216 lr=3.88e-06
2026-07-17 03:59:48,579 [INFO] trainer: epoch 463 step 100/135 loss=0.9717 lr=3.83e-06
2026-07-17 03:59:59,025 [INFO] trainer: epoch 463 done train_loss=0.9543 dt=41.2s
2026-07-17 04:00:14,916 [INFO] trainer: epoch 464 step 50/135 loss=0.9075 lr=3.73e-06
2026-07-17 04:00:29,877 [INFO] trainer: epoch 464 step 100/135 loss=0.9997 lr=3.68e-06
2026-07-17 04:00:40,328 [INFO] trainer: epoch 464 done train_loss=0.9670 dt=41.3s
2026-07-17 04:00:56,177 [INFO] trainer: epoch 465 step 50/135 loss=0.9393 lr=3.59e-06
2026-07-17 04:01:11,147 [INFO] trainer: epoch 465 step 100/135 loss=0.9948 lr=3.53e-06
2026-07-17 04:01:21,599 [INFO] trainer: epoch 465 done train_loss=0.9597 dt=41.3s
2026-07-17 04:01:37,523 [INFO] trainer: epoch 466 step 50/135 loss=0.9652 lr=3.44e-06
2026-07-17 04:01:52,480 [INFO] trainer: epoch 466 step 100/135 loss=0.9470 lr=3.39e-06
2026-07-17 04:02:02,928 [INFO] trainer: epoch 466 done train_loss=0.9477 dt=41.3s
2026-07-17 04:02:18,806 [INFO] trainer: epoch 467 step 50/135 loss=0.9672 lr=3.30e-06
2026-07-17 04:02:33,762 [INFO] trainer: epoch 467 step 100/135 loss=0.9364 lr=3.25e-06
2026-07-17 04:02:44,201 [INFO] trainer: epoch 467 done train_loss=0.9671 dt=41.3s
2026-07-17 04:03:00,158 [INFO] trainer: epoch 468 step 50/135 loss=0.9678 lr=3.17e-06
2026-07-17 04:03:15,116 [INFO] trainer: epoch 468 step 100/135 loss=0.9814 lr=3.12e-06
2026-07-17 04:03:25,569 [INFO] trainer: epoch 468 done train_loss=0.9650 dt=41.4s
2026-07-17 04:03:41,499 [INFO] trainer: epoch 469 step 50/135 loss=0.9017 lr=3.04e-06
2026-07-17 04:03:56,456 [INFO] trainer: epoch 469 step 100/135 loss=0.9257 lr=2.99e-06
2026-07-17 04:04:06,909 [INFO] trainer: epoch 469 done train_loss=0.9375 dt=41.3s
2026-07-17 04:04:22,831 [INFO] trainer: epoch 470 step 50/135 loss=0.9902 lr=2.91e-06
2026-07-17 04:04:37,791 [INFO] trainer: epoch 470 step 100/135 loss=0.9274 lr=2.87e-06
2026-07-17 04:04:48,241 [INFO] trainer: epoch 470 done train_loss=0.9613 dt=41.3s
2026-07-17 04:05:05,755 [INFO] trainer: epoch 471 step 50/135 loss=0.9262 lr=2.79e-06
2026-07-17 04:05:20,703 [INFO] trainer: epoch 471 step 100/135 loss=0.9283 lr=2.75e-06
2026-07-17 04:05:31,146 [INFO] trainer: epoch 471 done train_loss=0.9371 dt=41.7s
2026-07-17 04:05:47,031 [INFO] trainer: epoch 472 step 50/135 loss=0.9262 lr=2.67e-06
2026-07-17 04:06:01,977 [INFO] trainer: epoch 472 step 100/135 loss=0.8855 lr=2.63e-06
2026-07-17 04:06:12,419 [INFO] trainer: epoch 472 done train_loss=0.9026 dt=41.3s
2026-07-17 04:06:28,519 [INFO] trainer: epoch 473 step 50/135 loss=0.9206 lr=2.56e-06
2026-07-17 04:06:43,482 [INFO] trainer: epoch 473 step 100/135 loss=1.0072 lr=2.52e-06
2026-07-17 04:06:53,929 [INFO] trainer: epoch 473 done train_loss=0.9718 dt=41.5s
2026-07-17 04:07:09,831 [INFO] trainer: epoch 474 step 50/135 loss=0.9637 lr=2.45e-06
2026-07-17 04:07:24,796 [INFO] trainer: epoch 474 step 100/135 loss=0.9238 lr=2.41e-06
2026-07-17 04:07:35,246 [INFO] trainer: epoch 474 done train_loss=0.9546 dt=41.3s
2026-07-17 04:07:51,137 [INFO] trainer: epoch 475 step 50/135 loss=0.9499 lr=2.34e-06
2026-07-17 04:08:06,093 [INFO] trainer: epoch 475 step 100/135 loss=0.9645 lr=2.30e-06
2026-07-17 04:08:16,539 [INFO] trainer: epoch 475 done train_loss=0.9460 dt=41.3s
2026-07-17 04:09:17,829 [INFO] trainer: epoch 475 val_mean_dice=0.8278
2026-07-17 04:09:33,719 [INFO] trainer: epoch 476 step 50/135 loss=0.9678 lr=2.24e-06
2026-07-17 04:09:48,663 [INFO] trainer: epoch 476 step 100/135 loss=0.9849 lr=2.20e-06
2026-07-17 04:09:59,105 [INFO] trainer: epoch 476 done train_loss=0.9731 dt=41.3s
2026-07-17 04:10:15,359 [INFO] trainer: epoch 477 step 50/135 loss=0.9447 lr=2.14e-06
2026-07-17 04:10:30,300 [INFO] trainer: epoch 477 step 100/135 loss=0.9114 lr=2.10e-06
2026-07-17 04:10:40,743 [INFO] trainer: epoch 477 done train_loss=0.9449 dt=41.6s
2026-07-17 04:10:56,588 [INFO] trainer: epoch 478 step 50/135 loss=0.9643 lr=2.05e-06
2026-07-17 04:11:11,527 [INFO] trainer: epoch 478 step 100/135 loss=0.9600 lr=2.01e-06
2026-07-17 04:11:21,967 [INFO] trainer: epoch 478 done train_loss=0.9646 dt=41.2s
2026-07-17 04:11:37,818 [INFO] trainer: epoch 479 step 50/135 loss=0.9042 lr=1.96e-06
2026-07-17 04:11:52,761 [INFO] trainer: epoch 479 step 100/135 loss=0.9758 lr=1.92e-06
2026-07-17 04:12:03,208 [INFO] trainer: epoch 479 done train_loss=0.9523 dt=41.2s
2026-07-17 04:12:19,136 [INFO] trainer: epoch 480 step 50/135 loss=0.9691 lr=1.87e-06
2026-07-17 04:12:34,082 [INFO] trainer: epoch 480 step 100/135 loss=0.9883 lr=1.84e-06
2026-07-17 04:12:44,526 [INFO] trainer: epoch 480 done train_loss=0.9830 dt=41.3s
2026-07-17 04:13:01,727 [INFO] trainer: epoch 481 step 50/135 loss=0.9771 lr=1.79e-06
2026-07-17 04:13:16,687 [INFO] trainer: epoch 481 step 100/135 loss=0.9797 lr=1.76e-06
2026-07-17 04:13:27,133 [INFO] trainer: epoch 481 done train_loss=0.9831 dt=41.4s
2026-07-17 04:13:43,148 [INFO] trainer: epoch 482 step 50/135 loss=0.9585 lr=1.71e-06
2026-07-17 04:13:58,096 [INFO] trainer: epoch 482 step 100/135 loss=0.9701 lr=1.68e-06
2026-07-17 04:14:08,539 [INFO] trainer: epoch 482 done train_loss=0.9609 dt=41.4s
2026-07-17 04:14:24,720 [INFO] trainer: epoch 483 step 50/135 loss=0.9718 lr=1.64e-06
2026-07-17 04:14:39,673 [INFO] trainer: epoch 483 step 100/135 loss=0.9366 lr=1.61e-06
2026-07-17 04:14:50,119 [INFO] trainer: epoch 483 done train_loss=0.9514 dt=41.6s
2026-07-17 04:15:06,074 [INFO] trainer: epoch 484 step 50/135 loss=0.9964 lr=1.57e-06
2026-07-17 04:15:21,021 [INFO] trainer: epoch 484 step 100/135 loss=0.9245 lr=1.54e-06
2026-07-17 04:15:31,467 [INFO] trainer: epoch 484 done train_loss=0.9603 dt=41.3s
2026-07-17 04:15:47,286 [INFO] trainer: epoch 485 step 50/135 loss=0.9363 lr=1.50e-06
2026-07-17 04:16:02,292 [INFO] trainer: epoch 485 step 100/135 loss=0.9454 lr=1.48e-06
2026-07-17 04:16:12,749 [INFO] trainer: epoch 485 done train_loss=0.9466 dt=41.3s
2026-07-17 04:16:28,712 [INFO] trainer: epoch 486 step 50/135 loss=0.9690 lr=1.44e-06
2026-07-17 04:16:43,669 [INFO] trainer: epoch 486 step 100/135 loss=0.9619 lr=1.42e-06
2026-07-17 04:16:54,113 [INFO] trainer: epoch 486 done train_loss=0.9763 dt=41.4s
2026-07-17 04:17:10,273 [INFO] trainer: epoch 487 step 50/135 loss=0.9387 lr=1.38e-06
2026-07-17 04:17:25,213 [INFO] trainer: epoch 487 step 100/135 loss=0.9700 lr=1.36e-06
2026-07-17 04:17:35,654 [INFO] trainer: epoch 487 done train_loss=0.9510 dt=41.5s
2026-07-17 04:17:51,644 [INFO] trainer: epoch 488 step 50/135 loss=0.9770 lr=1.33e-06
2026-07-17 04:18:06,593 [INFO] trainer: epoch 488 step 100/135 loss=0.9609 lr=1.31e-06
2026-07-17 04:18:17,046 [INFO] trainer: epoch 488 done train_loss=0.9680 dt=41.4s
2026-07-17 04:18:32,880 [INFO] trainer: epoch 489 step 50/135 loss=0.9722 lr=1.28e-06
2026-07-17 04:18:47,845 [INFO] trainer: epoch 489 step 100/135 loss=0.9463 lr=1.26e-06
2026-07-17 04:18:58,292 [INFO] trainer: epoch 489 done train_loss=0.9622 dt=41.2s
2026-07-17 04:19:14,471 [INFO] trainer: epoch 490 step 50/135 loss=0.9219 lr=1.23e-06
2026-07-17 04:19:29,432 [INFO] trainer: epoch 490 step 100/135 loss=0.9819 lr=1.22e-06
2026-07-17 04:19:39,882 [INFO] trainer: epoch 490 done train_loss=0.9556 dt=41.6s
2026-07-17 04:19:57,053 [INFO] trainer: epoch 491 step 50/135 loss=0.9639 lr=1.19e-06
2026-07-17 04:20:12,003 [INFO] trainer: epoch 491 step 100/135 loss=0.9298 lr=1.18e-06
2026-07-17 04:20:22,454 [INFO] trainer: epoch 491 done train_loss=0.9549 dt=41.4s
2026-07-17 04:20:38,437 [INFO] trainer: epoch 492 step 50/135 loss=0.9703 lr=1.15e-06
2026-07-17 04:20:53,395 [INFO] trainer: epoch 492 step 100/135 loss=0.9737 lr=1.14e-06
2026-07-17 04:21:03,840 [INFO] trainer: epoch 492 done train_loss=0.9760 dt=41.4s
2026-07-17 04:21:19,719 [INFO] trainer: epoch 493 step 50/135 loss=0.9598 lr=1.12e-06
2026-07-17 04:21:34,686 [INFO] trainer: epoch 493 step 100/135 loss=0.9682 lr=1.11e-06
2026-07-17 04:21:45,137 [INFO] trainer: epoch 493 done train_loss=0.9623 dt=41.3s
2026-07-17 04:22:00,948 [INFO] trainer: epoch 494 step 50/135 loss=0.9559 lr=1.09e-06
2026-07-17 04:22:15,901 [INFO] trainer: epoch 494 step 100/135 loss=0.9687 lr=1.08e-06
2026-07-17 04:22:26,357 [INFO] trainer: epoch 494 done train_loss=0.9552 dt=41.2s
2026-07-17 04:22:42,302 [INFO] trainer: epoch 495 step 50/135 loss=0.9606 lr=1.06e-06
2026-07-17 04:22:57,267 [INFO] trainer: epoch 495 step 100/135 loss=0.9612 lr=1.06e-06
2026-07-17 04:23:07,718 [INFO] trainer: epoch 495 done train_loss=0.9478 dt=41.4s
2026-07-17 04:23:23,631 [INFO] trainer: epoch 496 step 50/135 loss=0.9252 lr=1.04e-06
2026-07-17 04:23:38,587 [INFO] trainer: epoch 496 step 100/135 loss=0.9712 lr=1.04e-06
2026-07-17 04:23:49,037 [INFO] trainer: epoch 496 done train_loss=0.9453 dt=41.3s
2026-07-17 04:24:04,980 [INFO] trainer: epoch 497 step 50/135 loss=0.9596 lr=1.03e-06
2026-07-17 04:24:19,933 [INFO] trainer: epoch 497 step 100/135 loss=1.0289 lr=1.02e-06
2026-07-17 04:24:30,382 [INFO] trainer: epoch 497 done train_loss=0.9811 dt=41.3s
2026-07-17 04:24:46,288 [INFO] trainer: epoch 498 step 50/135 loss=0.9788 lr=1.01e-06
2026-07-17 04:25:01,254 [INFO] trainer: epoch 498 step 100/135 loss=0.9638 lr=1.01e-06
2026-07-17 04:25:11,708 [INFO] trainer: epoch 498 done train_loss=0.9644 dt=41.3s
2026-07-17 04:25:27,617 [INFO] trainer: epoch 499 step 50/135 loss=0.9195 lr=1.01e-06
2026-07-17 04:25:42,685 [INFO] trainer: epoch 499 step 100/135 loss=0.9477 lr=1.00e-06
2026-07-17 04:25:53,151 [INFO] trainer: epoch 499 done train_loss=0.9411 dt=41.4s
2026-07-17 04:26:09,185 [INFO] trainer: epoch 500 step 50/135 loss=0.9792 lr=1.00e-06
2026-07-17 04:26:24,148 [INFO] trainer: epoch 500 step 100/135 loss=0.9624 lr=1.00e-06
2026-07-17 04:26:34,602 [INFO] trainer: epoch 500 done train_loss=0.9578 dt=41.5s
2026-07-17 04:27:37,326 [INFO] trainer: epoch 500 val_mean_dice=0.8279
2026-07-17 04:27:37,328 [INFO] trainer: early stopping at epoch 500: 5 val rounds without >=0.0020 dice gain (best=0.8280)
2026-07-17 04:27:38,460 [INFO] trainer: total time 22223.5 s, best dice 0.8280 (epochs 1-500 / 500)
